"文件","原行号","原入口","原中文","原英文","改写中文","改写英文","当前结论"
"apps/desktop/src/renderer/features/workspace/workspaceCopy.ts","6","languageCopy.zh-CN.shellAriaLabel","Zeus macOS AI 原生研发工作台 · 支持减少动态效果","Zeus macOS AI native development workbench · Reduced motion supported","Zeus 工作台","Zeus workspace","最终文字仍在源码"
"apps/desktop/src/renderer/features/workspace/workspaceCopy.ts","51","languageCopy.zh-CN.taskEventTypeLabels.task.created.from_runtime_session","从 Runtime 会话创建任务","task.created.from_runtime_session","从运行记录创建任务","Create task from a run","最终文字仍在源码"
"apps/desktop/src/renderer/features/workspace/workspaceCopy.ts","54","languageCopy.zh-CN.taskEventTypeLabels.runtime.session.recovered","Runtime 会话恢复","runtime.session.recovered","运行会话已恢复","Run restored","最终文字仍在源码"
"apps/desktop/src/renderer/features/workspace/workspaceCopy.ts","57","languageCopy.zh-CN.taskEventTypeLabels.telegram.runtime.summary.sent","Telegram Runtime 摘要已发送","telegram.runtime.summary.sent","运行摘要已发送到 Telegram","Run summary sent to Telegram","最终文字仍在源码"
"apps/desktop/src/renderer/features/workspace/workspaceCopy.ts","58","languageCopy.zh-CN.taskEventTypeLabels.telegram.runtime.summary.failed","Telegram Runtime 摘要发送失败","telegram.runtime.summary.failed","运行摘要未能发送到 Telegram","Run summary could not be sent to Telegram","最终文字仍在源码"
"apps/desktop/src/renderer/features/workspace/workspaceCopy.ts","172","languageCopy.zh-CN.sidebar.selectRepository","选择真实本地代码库","Choose local repository","选择本地项目文件夹","Choose a local project folder","最终文字仍在源码"
"apps/desktop/src/renderer/features/workspace/workspaceCopy.ts","173","languageCopy.zh-CN.sidebar.selectedRepositoryDescription","用户选择的真实本地仓库","User selected a real local repository","已选择的本地项目","Selected local project","最终文字仍在源码"
"apps/desktop/src/renderer/features/workspace/workspaceCopy.ts","174","languageCopy.zh-CN.sidebar.cancelledRepositoryDescription","用户取消选择，已保留当前项目列表","User cancelled selection; existing projects are unchanged","已取消选择文件夹","Folder selection cancelled","最终文字仍在源码"
"apps/desktop/src/renderer/features/workspace/workspaceCopy.ts","176","languageCopy.zh-CN.sidebar.selectLocalRepository","选择真实本地代码库","Choose local repository","选择本地项目文件夹","Choose a local project folder","最终文字仍在源码"
"apps/desktop/src/renderer/features/workspace/workspaceCopy.ts","185","languageCopy.zh-CN.sidebar.createFolderHelp","选择一个 Zeus 可读取、索引和执行任务的本地目录。","Choose one local folder that Zeus can read, index, and use for task execution.","选择项目所在的文件夹，Zeus 将在其中读取文件和处理任务。","Choose the project folder where Zeus will read files and work on tasks.","最终文字仍在源码"
"apps/desktop/src/renderer/features/workspace/workspaceCopy.ts","265","languageCopy.zh-CN.taskWorkspace.taskCreateZentaoLinkHelp","粘贴链接后自动解析并填入标题、类型、描述和附件；在设置中配置禅道账号后优先通过 REST 接口解析。","Paste a link to parse and fill the title, type, description, and attachments automatically. After configuring a ZenTao account in Settings, links are parsed through the REST API first.","粘贴禅道链接以填入任务内容。受限页面需要先在设置中登录禅道。","Paste a Zentao link to fill in the task. Sign in to Zentao in Settings to read restricted pages.","最终文字仍在源码"
"apps/desktop/src/renderer/features/workspace/workspaceCopy.ts","311","languageCopy.zh-CN.taskWorkspace.taskCreatePreviewUnavailable","无法预览，本机路径已保存","Preview unavailable. Local path saved.","此附件暂时无法预览，可尝试打开原文件。","This attachment cannot be previewed. Try opening the original file.","最终文字仍在源码"
"apps/desktop/src/renderer/features/workspace/workspaceCopy.ts","316","languageCopy.zh-CN.taskWorkspace.taskCreateAttachmentPickerFailed","无法打开附件选择器，请重试。","Unable to open the attachment picker. Try again.","无法打开文件选择窗口。","The file picker could not be opened.","最终文字仍在源码"
"apps/desktop/src/renderer/features/workspace/workspaceCopy.ts","317","languageCopy.zh-CN.taskWorkspace.taskCreatePasteAttachmentFailed","无法保存粘贴的图片或附件，请重试。","Unable to save pasted images or files. Try again.","无法添加粘贴的图片或附件。","The pasted image or attachment could not be added.","最终文字仍在源码"
"apps/desktop/src/renderer/features/workspace/workspaceCopy.ts","324","languageCopy.zh-CN.taskWorkspace.taskCreateSubmitFailed","创建任务失败，请保留输入后重试。","Task creation failed. Your input is preserved for retry.","任务未能创建。请查看错误原因后再继续。","The task could not be created. Check the error before continuing.","最终文字仍在源码"
"apps/desktop/src/renderer/features/workspace/workspaceCopy.ts","330","languageCopy.zh-CN.taskWorkspace.emptyOutcomeAi","AI Runtime 连接后显示执行状态","AI Runtime state appears after launch","连接 AI 后可查看处理进度","Connect an AI service to see progress","最终文字仍在源码"
"apps/desktop/src/renderer/features/workspace/workspaceCopy.ts","331","languageCopy.zh-CN.taskWorkspace.emptyOutcomeEvidence","运行、来源和事件会形成证据","Run events and sources become evidence","任务的处理记录可随时查看","Review the task’s activity at any time","最终文字仍在源码"
"apps/desktop/src/renderer/features/workspace/workspaceCopy.ts","336","languageCopy.zh-CN.taskWorkspace.taskListLoadingHelp","保留当前视图框架","Keeping the current table frame in place.","正在加载项目中的任务。","Loading the project’s tasks.","最终文字仍在源码"
"apps/desktop/src/renderer/features/workspace/workspaceCopy.ts","337","languageCopy.zh-CN.taskWorkspace.taskListLoadingMeta","等待本机数据","Waiting for local data","请稍候","Please wait","最终文字仍在源码"
"apps/desktop/src/renderer/features/workspace/workspaceCopy.ts","340","languageCopy.zh-CN.taskWorkspace.taskListErrorHelp","请重试，或在项目设置中确认本机路径权限。错误详情只进入本机日志，不在普通界面暴露堆栈。","Retry, or confirm local path permissions in project settings. Error details are written only to local logs.","任务列表未能加载，请查看具体错误原因。","The task list could not be loaded. Check the error for the cause.","最终文字仍在源码"
"apps/desktop/src/renderer/features/workspace/workspaceCopy.ts","365","languageCopy.zh-CN.taskWorkspace.runtimeSessionLabel","Runtime 会话","Runtime session","运行会话","Run","最终文字仍在源码"
"apps/desktop/src/renderer/features/workspace/workspaceCopy.ts","368","languageCopy.zh-CN.taskWorkspace.noEvidence","暂无执行证据","No execution evidence yet","暂无处理记录","No activity yet","最终文字仍在源码"
"apps/desktop/src/renderer/features/workspace/workspaceCopy.ts","376","languageCopy.zh-CN.taskWorkspace.previewUnavailableLabel","无法读取图片预览。文件可能不是受支持的图片，或不在 Zeus 受信目录。","Unable to read the image preview. The file may be unsupported or outside Zeus trusted storage.","无法预览此图片，请检查文件格式和访问权限。","This image cannot be previewed. Check its format and access permissions.","最终文字仍在源码"
"apps/desktop/src/renderer/features/workspace/workspaceCopy.ts","380","languageCopy.zh-CN.taskWorkspace.runtimeSessionNotStarted","未启动 Runtime 会话","Runtime session not started","尚未开始处理","Not started","最终文字仍在源码"
"apps/desktop/src/renderer/features/workspace/workspaceCopy.ts","389","languageCopy.zh-CN.taskWorkspace.nextActionLabels.failed","可重试","Can retry","处理失败","Failed","最终文字仍在源码"
"apps/desktop/src/renderer/features/workspace/workspaceCopy.ts","395","languageCopy.zh-CN.taskWorkspace.sourceLabels.runtime_session","Runtime 会话","Runtime session","运行会话","Run","最终文字仍在源码"
"apps/desktop/src/renderer/features/workspace/workspaceCopy.ts","408","languageCopy.zh-CN.taskWorkspace.runtimeSessionStatusLabels.orphan_detected","孤儿进程","Orphan detected","与 Zeus 失去联系的进程","Process disconnected from Zeus","最终文字仍在源码"
"apps/desktop/src/renderer/features/workspace/workspaceCopy.ts","419","languageCopy.zh-CN.taskWorkspace.noEvents","暂无事件；修改任务状态或推送到新会话后会在这里显示真实记录。","No events yet. Status changes and new conversations will appear here as real records.","任务状态变化和 AI 处理记录会显示在这里。","Task status changes and AI activity will appear here.","最终文字仍在源码"
"apps/desktop/src/renderer/features/workspace/workspaceCopy.ts","464","languageCopy.zh-CN.taskWorkspace.runtimeSessionColumnTitle","Runtime 会话","Runtime session","运行会话","Run","最终文字仍在源码"
"apps/desktop/src/renderer/features/workspace/workspaceCopy.ts","490","languageCopy.zh-CN.taskWorkspace.metadataTitle","任务元信息","Task metadata","任务信息","Task information","最终文字仍在源码"
"apps/desktop/src/renderer/features/workspace/workspaceCopy.ts","493","languageCopy.zh-CN.taskWorkspace.cancelConfirm","确认取消该任务？运行中的 Runtime 会收到取消请求。","Cancel this task? Running Runtime work will receive a cancel request.","确认取消该任务？Zeus 将请求停止正在进行的处理。","Cancel this task? Zeus will ask the active work to stop.","最终文字仍在源码"
"apps/desktop/src/renderer/features/workspace/workspaceCopy.ts","496","languageCopy.zh-CN.taskWorkspace.followUpHelp","补充到当前任务，不把任务页伪装成会话聊天输入框。","Add to this task without turning the task page into a chat input.","补充这项任务的要求，保存后可用于后续处理。","Add requirements to this task for future work.","最终文字仍在源码"
"apps/desktop/src/renderer/features/workspace/workspaceCopy.ts","534","languageCopy.zh-CN.sessionWorkspace.emptyHelp","新对话会创建真实会话记录；当前筛选没有匹配项时可先清空搜索词。","New chat creates a real session record. Clear the search term if the current filter has no matches.","开始一段新对话，或清空搜索查看已有会话。","Start a new conversation or clear the search to see existing ones.","最终文字仍在源码"
"apps/desktop/src/renderer/features/workspace/workspaceCopy.ts","541","languageCopy.zh-CN.sessionWorkspace.aiDetected","AI CLI 已检测","AI CLI detected","已找到 AI 工具","AI tool found","最终文字仍在源码"
"apps/desktop/src/renderer/features/workspace/workspaceCopy.ts","542","languageCopy.zh-CN.sessionWorkspace.aiNotConfigured","AI CLI 未配置","AI CLI not configured","尚未配置 AI 工具","AI tool not configured","最终文字仍在源码"
"apps/desktop/src/renderer/features/workspace/workspaceCopy.ts","558","languageCopy.zh-CN.sessionWorkspace.followUpHelp","补充给当前任务或 CLI 对话的下一步要求。","Add the next requirement to this task or app-server session.","告诉 AI 接下来需要处理什么。","Tell the AI what to work on next.","最终文字仍在源码"
"apps/desktop/src/renderer/features/workspace/workspaceCopy.ts","575","languageCopy.zh-CN.sessionWorkspace.secondaryDrawer.graphContextHelp","当前项目真实图谱规模","Real graph scope for the current project","当前项目的代码结构概览","Code structure of this project","最终文字仍在源码"
"apps/desktop/src/renderer/features/workspace/workspaceCopy.ts","579","languageCopy.zh-CN.sessionWorkspace.secondaryDrawer.insufficientRuntimeSession","来源不足，未启动 Runtime 会话","Insufficient sources, Runtime session not started","可用资料不足，暂时无法回答。","There is not enough source material to answer yet.","最终文字仍在源码"
"apps/desktop/src/renderer/features/workspace/workspaceCopy.ts","584","languageCopy.zh-CN.sessionWorkspace.secondaryDrawer.loadDiff","读取 Diff","Load Diff","查看文件差异","View file changes","最终文字仍在源码"
"apps/desktop/src/renderer/features/workspace/workspaceCopy.ts","586","languageCopy.zh-CN.sessionWorkspace.secondaryDrawer.noLoadedChangesAria","暂无已读取变更","No loaded changes","尚未加载文件变更","File changes not loaded yet","最终文字仍在源码"
"apps/desktop/src/renderer/features/workspace/workspaceCopy.ts","587","languageCopy.zh-CN.sessionWorkspace.secondaryDrawer.noLoadedChangesTitle","暂无已读取变更","No loaded changes","尚未加载文件变更","File changes not loaded yet","最终文字仍在源码"
"apps/desktop/src/renderer/features/workspace/workspaceCopy.ts","588","languageCopy.zh-CN.sessionWorkspace.secondaryDrawer.noLoadedChangesHelp","读取 Diff 后会按真实文件路径展示。","Load Diff to show real file paths.","查看差异后，这里会列出有改动的文件。","Files with changes will appear here after loading the diff.","最终文字仍在源码"
"apps/desktop/src/renderer/features/workspace/workspaceCopy.ts","590","languageCopy.zh-CN.sessionWorkspace.secondaryDrawer.realGitDiffFile","真实 Git diff 文件","Real Git diff file","Git 变更文件","Files changed in Git","最终文字仍在源码"
"apps/desktop/src/renderer/features/workspace/workspaceCopy.ts","598","languageCopy.zh-CN.sessionWorkspace.secondaryDrawer.emptyTemplatesHelp","读取真实模板后，这里会显示可套用的任务提示和创建入口。","Load real templates to show task prompts and creation actions here.","加载模板后，可以选用其中的任务要求创建任务。","Load templates to create a task from their requirements.","最终文字仍在源码"
"apps/desktop/src/renderer/features/workspace/workspaceCopy.ts","608","languageCopy.zh-CN.sessionWorkspace.runtimeDrawer.runtimeStatus","Runtime 状态","Runtime status","运行状态","Run status","最终文字仍在源码"
"apps/desktop/src/renderer/features/workspace/workspaceCopy.ts","611","languageCopy.zh-CN.sessionWorkspace.runtimeDrawer.terminalBackend","终端后端","Terminal backend","终端服务","Terminal service","最终文字仍在源码"
"apps/desktop/src/renderer/features/workspace/workspaceCopy.ts","612","languageCopy.zh-CN.sessionWorkspace.runtimeDrawer.terminalPending","node-pty 状态等待读取。","node-pty status is pending.","正在检查终端是否可用。","Checking whether the terminal is available.","最终文字仍在源码"
"apps/desktop/src/renderer/features/workspace/workspaceCopy.ts","613","languageCopy.zh-CN.sessionWorkspace.runtimeDrawer.runtimeSessions","AI Runtime 会话","AI Runtime sessions","AI 运行记录","AI runs","最终文字仍在源码"
"apps/desktop/src/renderer/features/workspace/workspaceCopy.ts","614","languageCopy.zh-CN.sessionWorkspace.runtimeDrawer.startRuntimeSession","启动 Runtime 会话","Start Runtime session","开始运行","Start a run","最终文字仍在源码"
"apps/desktop/src/renderer/features/workspace/workspaceCopy.ts","615","languageCopy.zh-CN.sessionWorkspace.runtimeDrawer.runtimeSessionSearch","Runtime 会话搜索","Runtime session search","搜索运行记录","Search runs","最终文字仍在源码"
"apps/desktop/src/renderer/features/workspace/workspaceCopy.ts","621","languageCopy.zh-CN.sessionWorkspace.runtimeDrawer.emptyRuntimeSessions","暂无真实 Runtime 会话。","No real Runtime sessions yet.","暂无运行记录。","No runs yet.","最终文字仍在源码"
"apps/desktop/src/renderer/features/workspace/workspaceCopy.ts","627","languageCopy.zh-CN.sessionWorkspace.runtimeDrawer.runtimeSessionStatusLabels.orphan_detected","孤儿会话","Orphan detected","与 Zeus 失去联系的会话","Run disconnected from Zeus","最终文字仍在源码"
"apps/desktop/src/renderer/features/workspace/workspaceCopy.ts","630","languageCopy.zh-CN.sessionWorkspace.runtimeDrawer.runtimeAdaptersAria","Runtime 适配器","Runtime adapters","AI 工具","AI tools","最终文字仍在源码"
"apps/desktop/src/renderer/features/workspace/workspaceCopy.ts","631","languageCopy.zh-CN.sessionWorkspace.runtimeDrawer.runtimeAdaptersTitle","Runtime 适配器","Runtime adapters","AI 工具","AI tools","最终文字仍在源码"
"apps/desktop/src/renderer/features/workspace/workspaceCopy.ts","637","languageCopy.zh-CN.sessionWorkspace.runtimeDrawer.checkAdapter","检测适配器","Check adapter","检查工具","Check tool","最终文字仍在源码"
"apps/desktop/src/renderer/features/workspace/workspaceCopy.ts","647","languageCopy.zh-CN.sessionWorkspace.runtimeDrawer.genericShellRiskAria","通用 Shell 高风险确认","Generic shell high-risk confirmation","确认运行本机命令","Confirm a local command","最终文字仍在源码"
"apps/desktop/src/renderer/features/workspace/workspaceCopy.ts","648","languageCopy.zh-CN.sessionWorkspace.runtimeDrawer.genericShellRiskTitle","通用 Shell 高风险确认","Generic shell high-risk confirmation","确认运行本机命令","Confirm a local command","最终文字仍在源码"
"apps/desktop/src/renderer/features/workspace/workspaceCopy.ts","649","languageCopy.zh-CN.sessionWorkspace.runtimeDrawer.genericShellCommandAria","通用 Shell 命令","Generic shell command","本机命令","Local command","最终文字仍在源码"
"apps/desktop/src/renderer/features/workspace/workspaceCopy.ts","650","languageCopy.zh-CN.sessionWorkspace.runtimeDrawer.genericShellCommandTitle","通用 Shell 命令","Generic shell command","本机命令","Local command","最终文字仍在源码"
"apps/desktop/src/renderer/features/workspace/workspaceCopy.ts","651","languageCopy.zh-CN.sessionWorkspace.runtimeDrawer.genericShellCommandHelp","按 sh -lc 一次性启动真实本机命令，变更后必须重新创建确认。","Starts a real local command once through sh -lc. Create a fresh confirmation after changes.","命令将在本机执行。修改命令后需要重新确认。","This command will run on this computer. Changes require a new confirmation.","最终文字仍在源码"
"apps/desktop/src/renderer/features/workspace/workspaceCopy.ts","653","languageCopy.zh-CN.sessionWorkspace.runtimeDrawer.genericShellChangedStatus","命令已变更，请重新创建通用 Shell 确认","Command changed. Create a new Generic shell confirmation.","命令已修改，请重新确认。","The command has changed. Confirm it again.","最终文字仍在源码"
"apps/desktop/src/renderer/features/workspace/workspaceCopy.ts","654","languageCopy.zh-CN.sessionWorkspace.runtimeDrawer.genericShellConfirmationIdle","尚未创建通用 Shell 确认","No Generic shell confirmation yet","请先检查并确认命令。","Review and confirm the command first.","最终文字仍在源码"
"apps/desktop/src/renderer/features/workspace/workspaceCopy.ts","655","languageCopy.zh-CN.sessionWorkspace.runtimeDrawer.genericShellConfirmationCreated","已创建确认 ${confirmationId}，确认只绑定本次 sh -lc。","Created confirmation ${confirmationId}. It is bound to this sh -lc only.","请确认本次命令。确认编号：${confirmationId}","Confirm this command. Confirmation ID: ${confirmationId}","最终文字仍在源码"
"apps/desktop/src/renderer/features/workspace/workspaceCopy.ts","656","languageCopy.zh-CN.sessionWorkspace.runtimeDrawer.genericShellConfirmationCreateFailed","通用 Shell 确认创建失败","Failed to create Generic shell confirmation","无法准备命令确认","The command confirmation could not be prepared","最终文字仍在源码"
"apps/desktop/src/renderer/features/workspace/workspaceCopy.ts","657","languageCopy.zh-CN.sessionWorkspace.runtimeDrawer.genericShellConfirmationRejectFailed","通用 Shell 确认拒绝失败","Failed to reject Generic shell confirmation","未能拒绝本次命令","This command could not be declined","最终文字仍在源码"
"apps/desktop/src/renderer/features/workspace/workspaceCopy.ts","659","languageCopy.zh-CN.sessionWorkspace.runtimeDrawer.genericShellConfirmationConsumed","已消费确认 ${confirmationId} 并启动通用 Shell 会话。","Consumed confirmation ${confirmationId} and started a Generic shell session.","已按确认 ${confirmationId} 开始执行命令。","Started the command with confirmation ${confirmationId}.","最终文字仍在源码"
"apps/desktop/src/renderer/features/workspace/workspaceCopy.ts","660","languageCopy.zh-CN.sessionWorkspace.runtimeDrawer.genericShellConfirmationFailed","通用 Shell 确认或启动失败","Generic shell confirmation or startup failed","本机命令未能开始执行","The local command could not be started","最终文字仍在源码"
"apps/desktop/src/renderer/features/workspace/workspaceCopy.ts","661","languageCopy.zh-CN.sessionWorkspace.runtimeDrawer.commandPreviewAria","通用 Shell 命令预览","Generic shell command preview","将要执行的命令","Command to run","最终文字仍在源码"
"apps/desktop/src/renderer/features/workspace/workspaceCopy.ts","663","languageCopy.zh-CN.sessionWorkspace.runtimeDrawer.commandPreviewHelp","本次 sh -lc 预览","This sh -lc preview","请检查命令内容和影响。","Check the command and its effects.","最终文字仍在源码"
"apps/desktop/src/renderer/features/workspace/workspaceCopy.ts","665","languageCopy.zh-CN.sessionWorkspace.runtimeDrawer.genericShellRiskSummary","${label}：${reason}。确认只绑定本次 sh -lc。","${label}: ${reason}. Confirmation is bound to this sh -lc only.","${label}：${reason}。本次授权仅适用于这条命令。","${label}: ${reason}. This approval applies only to this command.","最终文字仍在源码"
"apps/desktop/src/renderer/features/workspace/workspaceCopy.ts","669","languageCopy.zh-CN.sessionWorkspace.runtimeDrawer.confirmationStateAria","通用 Shell 确认状态","Generic shell confirmation state","命令确认状态","Command approval status","最终文字仍在源码"
"apps/desktop/src/renderer/features/workspace/workspaceCopy.ts","671","languageCopy.zh-CN.sessionWorkspace.runtimeDrawer.confirmationStateHelp","本次命令绑定","Bound to this command","仅对本次命令有效","Applies to this command only","最终文字仍在源码"
"apps/desktop/src/renderer/features/workspace/workspaceCopy.ts","672","languageCopy.zh-CN.sessionWorkspace.runtimeDrawer.rejectedAria","已拒绝通用 Shell 确认","Rejected Generic shell confirmation","已拒绝执行命令","Command declined","最终文字仍在源码"
"apps/desktop/src/renderer/features/workspace/workspaceCopy.ts","673","languageCopy.zh-CN.sessionWorkspace.runtimeDrawer.rejectedTitle","已拒绝通用 Shell 确认","Rejected Generic shell confirmation","已拒绝执行命令","Command declined","最终文字仍在源码"
"apps/desktop/src/renderer/features/workspace/workspaceCopy.ts","674","languageCopy.zh-CN.sessionWorkspace.runtimeDrawer.rejectedHelp","不会启动 Runtime 会话","Runtime session will not start","命令不会执行。","The command will not run.","最终文字仍在源码"
"apps/desktop/src/renderer/features/workspace/workspaceCopy.ts","676","languageCopy.zh-CN.sessionWorkspace.runtimeDrawer.createGenericShellConfirmation","创建通用 Shell 确认","Create Generic shell confirmation","检查并确认命令","Review command","最终文字仍在源码"
"apps/desktop/src/renderer/features/workspace/workspaceCopy.ts","677","languageCopy.zh-CN.sessionWorkspace.runtimeDrawer.rejectGenericShellConfirmation","拒绝通用 Shell 确认","Reject Generic shell confirmation","拒绝执行","Decline","最终文字仍在源码"
"apps/desktop/src/renderer/features/workspace/workspaceCopy.ts","678","languageCopy.zh-CN.sessionWorkspace.runtimeDrawer.confirmAndStartGenericShell","确认并启动通用 Shell","Confirm and start Generic shell","确认并执行命令","Confirm and run command","最终文字仍在源码"
"apps/desktop/src/renderer/features/workspace/workspaceCopy.ts","679","languageCopy.zh-CN.sessionWorkspace.runtimeDrawer.rejectImpactAria","拒绝通用 Shell 影响","Generic shell rejection impact","拒绝后的影响","Effect of declining","最终文字仍在源码"
"apps/desktop/src/renderer/features/workspace/workspaceCopy.ts","682","languageCopy.zh-CN.sessionWorkspace.runtimeDrawer.rejectImpactBody","拒绝后不会启动 Runtime 会话。","Rejected commands will not start a Runtime session.","拒绝后不会执行这条命令。","Declining prevents this command from running.","最终文字仍在源码"
"apps/desktop/src/renderer/features/workspace/workspaceCopy.ts","684","languageCopy.zh-CN.sessionWorkspace.runtimeDrawer.runtimeSessionActionsAria","Runtime 会话操作","Runtime session actions","运行操作","Run actions","最终文字仍在源码"
"apps/desktop/src/renderer/features/workspace/workspaceCopy.ts","695","languageCopy.zh-CN.sessionWorkspace.runtimeDrawer.runtimeInputAria","Runtime 输入","Runtime input","发送到当前运行会话","Input for the current run","最终文字仍在源码"
"apps/desktop/src/renderer/features/workspace/workspaceCopy.ts","696","languageCopy.zh-CN.sessionWorkspace.runtimeDrawer.runtimeInputSendAria","Runtime 输入发送","Send Runtime input","发送输入","Send input","最终文字仍在源码"
"apps/desktop/src/renderer/features/workspace/workspaceCopy.ts","697","languageCopy.zh-CN.sessionWorkspace.runtimeDrawer.runtimeInputTitle","Runtime 输入","Runtime input","发送到当前运行会话","Input for the current run","最终文字仍在源码"
"apps/desktop/src/renderer/features/workspace/workspaceCopy.ts","699","languageCopy.zh-CN.sessionWorkspace.runtimeDrawer.sendRuntimeInput","发送 Runtime 输入","Send Runtime input","发送","Send","最终文字仍在源码"
"apps/desktop/src/renderer/features/workspace/workspaceCopy.ts","700","languageCopy.zh-CN.sessionWorkspace.runtimeDrawer.terminalControlsAria","Runtime 终端控制","Runtime terminal controls","终端操作","Terminal actions","最终文字仍在源码"
"apps/desktop/src/renderer/features/workspace/workspaceCopy.ts","703","languageCopy.zh-CN.sessionWorkspace.runtimeDrawer.loadTerminalSnapshot","读取终端快照","Load terminal snapshot","刷新终端内容","Refresh terminal output","最终文字仍在源码"
"apps/desktop/src/renderer/features/workspace/workspaceCopy.ts","705","languageCopy.zh-CN.sessionWorkspace.runtimeDrawer.orphanControlsAria","Runtime 孤儿会话控制","Runtime orphan session controls","处理失去联系的会话","Manage disconnected runs","最终文字仍在源码"
"apps/desktop/src/renderer/features/workspace/workspaceCopy.ts","707","languageCopy.zh-CN.sessionWorkspace.runtimeDrawer.orphanTitle","进程 ${pid} 已脱离当前 Runtime 控制","Process ${pid} is outside current Runtime control","Zeus 已无法控制进程 ${pid}。","Zeus can no longer control process ${pid}.","最终文字仍在源码"
"apps/desktop/src/renderer/features/workspace/workspaceCopy.ts","708","languageCopy.zh-CN.sessionWorkspace.runtimeDrawer.orphanHelp","只能终止本机残留进程；不会恢复输入、日志或 AI 会话状态。","Only terminates the remaining local process. Input, logs, or AI session state will not be restored.","可以结束这个残留进程，但无法在此继续输入或恢复对话。","You can end the remaining process, but cannot resume input or the conversation here.","最终文字仍在源码"
"apps/desktop/src/renderer/features/workspace/workspaceCopy.ts","709","languageCopy.zh-CN.sessionWorkspace.runtimeDrawer.orphanStop","终止孤儿会话","Terminate orphan session","结束残留进程","End remaining process","最终文字仍在源码"
"apps/desktop/src/renderer/features/workspace/workspaceCopy.ts","710","languageCopy.zh-CN.sessionWorkspace.runtimeDrawer.logsAria","真实 Runtime 日志","Real Runtime logs","运行日志","Run logs","最终文字仍在源码"
"apps/desktop/src/renderer/features/workspace/workspaceCopy.ts","711","languageCopy.zh-CN.sessionWorkspace.runtimeDrawer.logsTitle","真实 Runtime 日志","Real Runtime logs","运行日志","Run logs","最终文字仍在源码"
"apps/desktop/src/renderer/features/workspace/workspaceCopy.ts","713","languageCopy.zh-CN.sessionWorkspace.runtimeDrawer.logActionsAria","Runtime 日志操作","Runtime log actions","日志操作","Log actions","最终文字仍在源码"
"apps/desktop/src/renderer/features/workspace/workspaceCopy.ts","717","languageCopy.zh-CN.sessionWorkspace.runtimeDrawer.logSearchAria","Runtime 日志搜索","Runtime log search","搜索运行日志","Search run logs","最终文字仍在源码"
"apps/desktop/src/renderer/features/workspace/workspaceCopy.ts","719","languageCopy.zh-CN.sessionWorkspace.runtimeDrawer.logSearchHelp","仅过滤当前加载的真实日志","Filters only the real logs currently loaded","仅搜索当前已加载的日志。","Search only the logs currently loaded.","最终文字仍在源码"
"apps/desktop/src/renderer/features/workspace/workspaceCopy.ts","720","languageCopy.zh-CN.sessionWorkspace.runtimeDrawer.logExportIdle","尚未导出 Runtime 日志","No Runtime log export yet","尚未导出日志","Logs not exported yet","最终文字仍在源码"
"apps/desktop/src/renderer/features/workspace/workspaceCopy.ts","721","languageCopy.zh-CN.sessionWorkspace.runtimeDrawer.logExportEmpty","没有可导出的真实 Runtime 日志","No real Runtime logs to export","没有可导出的日志","No logs to export","最终文字仍在源码"
"apps/desktop/src/renderer/features/workspace/workspaceCopy.ts","722","languageCopy.zh-CN.sessionWorkspace.runtimeDrawer.logExportCancelled","已取消 Runtime 日志导出","Runtime log export cancelled","已取消导出日志","Log export cancelled","最终文字仍在源码"
"apps/desktop/src/renderer/features/workspace/workspaceCopy.ts","723","languageCopy.zh-CN.sessionWorkspace.runtimeDrawer.logExportFailed","Runtime 日志导出失败","Runtime log export failed","运行日志导出失败","Run logs could not be exported","最终文字仍在源码"
"apps/desktop/src/renderer/features/workspace/workspaceCopy.ts","724","languageCopy.zh-CN.sessionWorkspace.runtimeDrawer.logExportSaved","最近导出 Runtime 日志：${filePath}","Last Runtime log export: ${filePath}","日志已导出至：${filePath}","Logs exported to: ${filePath}","最终文字仍在源码"
"apps/desktop/src/renderer/features/workspace/workspaceCopy.ts","725","languageCopy.zh-CN.sessionWorkspace.runtimeDrawer.logCopyIdle","尚未复制 Runtime 日志","No Runtime log copy yet","尚未复制日志","Logs not copied yet","最终文字仍在源码"
"apps/desktop/src/renderer/features/workspace/workspaceCopy.ts","726","languageCopy.zh-CN.sessionWorkspace.runtimeDrawer.logCopyEmpty","没有可复制的真实 Runtime 日志","No real Runtime logs to copy","没有可复制的日志","No logs to copy","最终文字仍在源码"
"apps/desktop/src/renderer/features/workspace/workspaceCopy.ts","729","languageCopy.zh-CN.sessionWorkspace.runtimeDrawer.logExportState","日志导出只保存当前加载的真实 Runtime 日志 · ${exportStatus} · ${copyStatus}","Log export only saves the real Runtime logs currently loaded · ${exportStatus} · ${copyStatus}","只导出当前已加载的日志 · ${exportStatus} · ${copyStatus}","Only loaded logs are exported · ${exportStatus} · ${copyStatus}","最终文字仍在源码"
"apps/desktop/src/renderer/features/workspace/workspaceCopy.ts","733","languageCopy.zh-CN.sessionWorkspace.runtimeDrawer.terminalAria","xterm Runtime 终端","xterm Runtime terminal","运行终端","Terminal","最终文字仍在源码"
"apps/desktop/src/renderer/features/workspace/workspaceCopy.ts","755","languageCopy.zh-CN.codeWorkspace.waitingRealScan","等待真实扫描","Waiting for real scan","尚未扫描","Not scanned","最终文字仍在源码"
"apps/desktop/src/renderer/features/workspace/workspaceCopy.ts","756","languageCopy.zh-CN.codeWorkspace.emptyGraphHelp","选择扫描后才展示真实节点、边和视图，不用占位图谱。","Run a real scan before showing nodes, edges, or views. Zeus does not render placeholder graphs.","扫描项目后，可以查看文件之间的关系和代码结构。","Scan the project to see its code structure and relationships between files.","最终文字仍在源码"
"apps/desktop/src/renderer/features/workspace/workspaceCopy.ts","808","languageCopy.zh-CN.codeWorkspace.projectEdit.pathHelp","指向真实本地代码库；保存后会影响后续扫描和图谱来源。","Points to the real local repository. Saving changes future scans and graph sources.","选择项目所在的文件夹，后续扫描将读取此目录。","Choose the project folder to use for future scans.","最终文字仍在源码"
"apps/desktop/src/renderer/features/workspace/workspaceCopy.ts","826","languageCopy.zh-CN.codeWorkspace.projectConfig.defaultModelHelp","新任务默认使用的真实 AI Runtime 模型，不在前端伪造可用性。","The real AI Runtime model used by new tasks. Zeus does not fake availability.","新任务默认使用的 AI 模型。","The AI model used by default for new tasks.","最终文字仍在源码"
"apps/desktop/src/renderer/features/workspace/workspaceCopy.ts","829","languageCopy.zh-CN.codeWorkspace.projectConfig.defaultWorkModeHelp","控制新任务进入 plan、develop、review 或 debug 的默认入口。","Controls whether new tasks start in plan, develop, review, or debug.","新任务默认采用规划、开发、评审或调试模式。","The default planning, development, review, or debugging mode for new tasks.","最终文字仍在源码"
"apps/desktop/src/renderer/features/workspace/workspaceCopy.ts","846","languageCopy.zh-CN.codeWorkspace.projectConfig.primaryLanguageHelp","用于图谱、任务模板和默认提示的语言画像。","Language profile used for graphs, task templates, and default prompts.","项目主要使用的编程语言，帮助 Zeus 理解代码。","The project’s main programming language helps Zeus understand its code.","最终文字仍在源码"
"apps/desktop/src/renderer/features/workspace/workspaceCopy.ts","849","languageCopy.zh-CN.codeWorkspace.projectConfig.additionalLanguagesHelp","逗号分隔；补充多语言仓库的扫描与提示语境。","Comma-separated languages for multi-language repositories.","项目还使用哪些编程语言？多个语言以逗号分隔。","Other programming languages used in the project, separated by commas.","最终文字仍在源码"
"apps/desktop/src/renderer/features/workspace/workspaceCopy.ts","855","languageCopy.zh-CN.codeWorkspace.projectConfig.manifestPathsHelp","逗号分隔真实 manifest 文件，供依赖识别与图谱摘要使用。","Comma-separated real manifest files used for dependency detection and graph summaries.","填写描述项目依赖的文件路径，例如 package.json；多个路径以逗号分隔。","Enter dependency file paths, such as package.json, separated by commas.","最终文字仍在源码"
"apps/desktop/src/renderer/features/workspace/workspaceCopy.ts","858","languageCopy.zh-CN.codeWorkspace.projectConfig.databaseConnectionHelp","仅保存连接标识，密码仍走本机钥匙串。","Only stores the connection label. Passwords stay in the local Keychain.","连接名称用于识别数据库；密码单独保存在本机钥匙串中。","The connection name identifies the database. Passwords are stored separately in the local Keychain.","最终文字仍在源码"
"apps/desktop/src/renderer/features/workspace/workspaceCopy.ts","864","languageCopy.zh-CN.codeWorkspace.projectConfig.telegramAliasHelp","用于项目通知路由；空值表示不绑定项目级别名。","Used for project notification routing. Empty means no project-level alias.","为这个项目设置 Telegram 通知别名，可留空。","Set an optional Telegram notification alias for this project.","最终文字仍在源码"
"apps/desktop/src/renderer/features/workspace/workspaceCopy.ts","883","languageCopy.zh-CN.codeWorkspace.projectConfig.externalDatabaseHelp","外部数据库驱动待接入；请把密码保存到钥匙串密码字段，连接名显示会自动脱敏，不会声明远程结构定义已读取。","External database drivers are pending. Save passwords in the Keychain field; connection labels are redacted and Zeus does not claim the remote schema has been read.","暂不支持直接读取远程数据库。可以先提供本地 SQL 结构文件。","Reading remote databases is not supported yet. You can provide local SQL schema files instead.","最终文字仍在源码"
"apps/desktop/src/renderer/features/workspace/workspaceCopy.ts","884","languageCopy.zh-CN.codeWorkspace.projectConfig.localSchemaHelp","配置的真实 DDL/SQL 文件会在 src 扫描范围外并入代码图谱；连接名不是凭据。","Real DDL or SQL files are added to the code graph outside the src scan scope. The connection name is not a credential.","配置的数据库结构文件也会加入代码图谱，即使文件不在 src 目录中。","Configured database schema files are included in the code graph even when they are outside src.","最终文字仍在源码"
"apps/desktop/src/renderer/features/workspace/workspaceCopy.ts","903","languageCopy.zh-CN.settingsWorkspace.engineeringModeDescription","更多执行细节、证据和控制","More execution detail, evidence, and control","显示更多运行记录和高级操作。","Show more run details and advanced controls.","最终文字仍在源码"
"apps/desktop/src/renderer/features/workspace/workspaceCopy.ts","905","languageCopy.zh-CN.settingsWorkspace.dailyModeDescription","同样强大，技术细节更少","Just as capable, with fewer technical details","保留常用操作，减少技术细节。","Keep everyday actions visible with fewer technical details.","最终文字仍在源码"
"apps/desktop/src/renderer/features/workspace/workspaceCopy.ts","912","languageCopy.zh-CN.settingsWorkspace.fullAccessDescription","默认关闭；开启前必须说明风险并保留审计。","Off by default. Enabling must explain the risk and keep an audit trail.","允许访问工作目录以外的文件。请仅在需要时开启。","Allow access to files outside the working folder. Enable this only when needed.","本轮后续已有调整；以入口清单最终值为准"
"apps/desktop/src/renderer/features/workspace/workspaceCopy.ts","922","languageCopy.zh-CN.settingsWorkspace.categories.runtime","AI CLI / Runtime","AI CLI / Runtime","AI 连接","AI connections","最终文字仍在源码"
"apps/desktop/src/renderer/features/workspace/workspaceCopy.ts","939","languageCopy.zh-CN.settingsWorkspace.desktopNotificationsDescription","本机任务、Runtime 和 Telegram 状态变化时提醒","Local task, Runtime, and Telegram status changes can notify you","任务、AI 处理和 Telegram 状态变化时提醒。","Notify me when tasks, AI work, or Telegram status change.","最终文字仍在源码"
"apps/desktop/src/renderer/features/workspace/workspaceCopy.ts","947","languageCopy.zh-CN.settingsWorkspace.saveSettingsDescription","仅保存本机界面偏好，不影响项目或 Runtime 会话","Only saves local interface preferences. Projects and Runtime sessions are unchanged.","保存本机的界面偏好。","Save interface preferences for this computer.","最终文字仍在源码"
"apps/desktop/src/renderer/features/workspace/workspaceCopy.ts","950","languageCopy.zh-CN.settingsWorkspace.runtime.paneTitle","Runtime 执行设置","Runtime execution settings","AI 连接设置","AI connection settings","最终文字仍在源码"
"apps/desktop/src/renderer/features/workspace/workspaceCopy.ts","951","languageCopy.zh-CN.settingsWorkspace.runtime.cliStatusAria","Runtime CLI 检测状态","Runtime CLI status","AI 工具检测状态","AI tool availability","最终文字仍在源码"
"apps/desktop/src/renderer/features/workspace/workspaceCopy.ts","954","languageCopy.zh-CN.settingsWorkspace.runtime.defaultAdapterAria","默认 Runtime 适配器","Default Runtime Adapter","默认 AI 工具","Default AI tool","最终文字仍在源码"
"apps/desktop/src/renderer/features/workspace/workspaceCopy.ts","955","languageCopy.zh-CN.settingsWorkspace.runtime.defaultAdapterTitle","默认运行适配器","Default Runtime Adapter","默认 AI 工具","Default AI tool","最终文字仍在源码"
"apps/desktop/src/renderer/features/workspace/workspaceCopy.ts","956","languageCopy.zh-CN.settingsWorkspace.runtime.defaultAdapterDescription","启动新 Runtime 会话时优先使用。","Used first when starting a new Runtime session.","开始新的运行会话时默认使用此工具。","Use this tool by default when starting a new run.","最终文字仍在源码"
"apps/desktop/src/renderer/features/workspace/workspaceCopy.ts","959","languageCopy.zh-CN.settingsWorkspace.runtime.adapterActionMeta","运行适配器","Adapter","AI 工具","AI tool","最终文字仍在源码"
"apps/desktop/src/renderer/features/workspace/workspaceCopy.ts","960","languageCopy.zh-CN.settingsWorkspace.runtime.currentDefaultAria","当前默认 Runtime 适配器","Current default Runtime Adapter","当前默认 AI 工具","Current default AI tool","最终文字仍在源码"
"apps/desktop/src/renderer/features/workspace/workspaceCopy.ts","963","languageCopy.zh-CN.settingsWorkspace.runtime.adapterModelAria","默认适配器模型","Default Adapter model","默认模型","Default model","最终文字仍在源码"
"apps/desktop/src/renderer/features/workspace/workspaceCopy.ts","964","languageCopy.zh-CN.settingsWorkspace.runtime.adapterModelTitle","默认适配器模型","Default Adapter model","默认模型","Default model","最终文字仍在源码"
"apps/desktop/src/renderer/features/workspace/workspaceCopy.ts","965","languageCopy.zh-CN.settingsWorkspace.runtime.adapterModelDescription","仅写入本机 Runtime 配置，不声明外部 CLI 已登录。","Only writes local Runtime configuration. It does not claim the external CLI is signed in.","此工具默认使用的模型；请另外确认登录状态。","The default model for this tool. Check its sign-in status separately.","最终文字仍在源码"
"apps/desktop/src/renderer/features/workspace/workspaceCopy.ts","968","languageCopy.zh-CN.settingsWorkspace.runtime.defaultArgsDescription","按空格解析为真实 CLI 参数。","Parsed as real CLI arguments separated by spaces.","传给命令行工具的启动参数，以空格分隔。","Startup arguments for the command-line tool, separated by spaces.","最终文字仍在源码"
"apps/desktop/src/renderer/features/workspace/workspaceCopy.ts","969","languageCopy.zh-CN.settingsWorkspace.runtime.cliPathAria","CLI 路径","CLI path","命令行工具路径","Command-line tool path","最终文字仍在源码"
"apps/desktop/src/renderer/features/workspace/workspaceCopy.ts","970","languageCopy.zh-CN.settingsWorkspace.runtime.cliPathTitle","CLI 路径","CLI path","命令行工具路径","Command-line tool path","最终文字仍在源码"
"apps/desktop/src/renderer/features/workspace/workspaceCopy.ts","971","languageCopy.zh-CN.settingsWorkspace.runtime.cliPathDescription","可选本机可执行文件绝对路径；留空则依次检查当前 PATH、常见目录和登录 Shell。Zeus 不内置或自动安装 CLI。","Optional absolute path. When empty, Zeus checks PATH, common local directories, and the login shell. Zeus never bundles or installs the CLI.","指定已安装工具的完整路径；留空则自动查找。","Enter the full path of an installed tool, or leave blank to find it automatically.","最终文字仍在源码"
"apps/desktop/src/renderer/features/workspace/workspaceCopy.ts","972","languageCopy.zh-CN.settingsWorkspace.runtime.timeoutAria","Runtime 执行超时","Runtime execution timeout","最长运行时间","Maximum run duration","最终文字仍在源码"
"apps/desktop/src/renderer/features/workspace/workspaceCopy.ts","976","languageCopy.zh-CN.settingsWorkspace.runtime.autoConfirmAria","Runtime 自动确认策略","Runtime auto-confirm policy","运行授权方式","Run approval policy","最终文字仍在源码"
"apps/desktop/src/renderer/features/workspace/workspaceCopy.ts","985","languageCopy.zh-CN.settingsWorkspace.runtime.timeoutSecondsDescription","支持秒、分钟、小时和天；到达绝对截止时间后由 Runtime 状态机处理超时。","Choose seconds, minutes, hours, or days. The Runtime state machine handles timeout at the absolute deadline.","设置一次运行允许持续的最长时间，支持秒、分钟、小时和天。","Set the maximum duration of a run in seconds, minutes, hours, or days.","最终文字仍在源码"
"apps/desktop/src/renderer/features/workspace/workspaceCopy.ts","987","languageCopy.zh-CN.settingsWorkspace.runtime.advancedAria","高级 Runtime 参数","Advanced Runtime arguments","高级运行设置","Advanced run settings","最终文字仍在源码"
"apps/desktop/src/renderer/features/workspace/workspaceCopy.ts","988","languageCopy.zh-CN.settingsWorkspace.runtime.advancedTitle","高级 Runtime 参数","Advanced Runtime arguments","高级运行设置","Advanced run settings","最终文字仍在源码"
"apps/desktop/src/renderer/features/workspace/workspaceCopy.ts","989","languageCopy.zh-CN.settingsWorkspace.runtime.advancedDescription","只写入真实 Runtime 子进程配置；不会声明 CLI 已安装或已登录。","Only writes real Runtime child-process configuration. It does not claim the CLI is installed or signed in.","调整工具的启动方式和运行环境。","Configure how the tool starts and the environment it runs in.","最终文字仍在源码"
"apps/desktop/src/renderer/features/workspace/workspaceCopy.ts","990","languageCopy.zh-CN.settingsWorkspace.runtime.advancedHelp","环境变量会进入真实子进程；不会验证 CLI 已安装或已登录。","Environment variables enter the real child process. Zeus does not verify the CLI is installed or signed in.","这些环境变量将传给启动的工具。","These environment variables are passed to the tool when it starts.","最终文字仍在源码"
"apps/desktop/src/renderer/features/workspace/workspaceCopy.ts","995","languageCopy.zh-CN.settingsWorkspace.runtime.loginShell","作为 login shell 启动","Start as login shell","启动时加载登录 Shell 配置","Load login shell configuration at startup","最终文字仍在源码"
"apps/desktop/src/renderer/features/workspace/workspaceCopy.ts","996","languageCopy.zh-CN.settingsWorkspace.runtime.nonLoginShell","非 login shell 启动","Start as non-login shell","不加载登录 Shell 配置","Do not load login shell configuration","最终文字仍在源码"
"apps/desktop/src/renderer/features/workspace/workspaceCopy.ts","1021","languageCopy.zh-CN.settingsWorkspace.telegram.pollingDescription","只展示真实 polling update，不生成假 Telegram 消息。","Only shows real polling updates. Zeus does not generate fake Telegram messages.","查看从 Telegram 收到的消息及连接记录。","View messages received from Telegram and connection activity.","最终文字仍在源码"
"apps/desktop/src/renderer/features/workspace/workspaceCopy.ts","1023","languageCopy.zh-CN.settingsWorkspace.telegram.emptyPollingLogs","暂无真实 Telegram 轮询日志。","No real Telegram polling logs yet.","暂无 Telegram 连接记录。","No Telegram connection activity yet.","最终文字仍在源码"
"apps/desktop/src/renderer/features/workspace/workspaceCopy.ts","1032","languageCopy.zh-CN.settingsWorkspace.security.externalApiKeyHelp","${label} · 只保存到 macOS 钥匙串；不会声明外部 AI 服务已可用。","${label} · Stored only in macOS Keychain. Zeus does not claim the external AI service is available.","${label} · 密钥保存在 macOS 钥匙串中。","${label} · The key is stored in macOS Keychain.","最终文字仍在源码"
"apps/desktop/src/renderer/features/workspace/workspaceCopy.ts","1038","languageCopy.zh-CN.settingsWorkspace.security.allowlistDescription","只有允许的真实 Telegram 用户可远程触发操作。","Only allowed real Telegram users can trigger remote operations.","只有列表中的 Telegram 用户可以远程操作 Zeus。","Only Telegram users on this list can control Zeus remotely.","最终文字仍在源码"
"apps/desktop/src/renderer/features/workspace/workspaceCopy.ts","1049","languageCopy.zh-CN.settingsWorkspace.security.auditDescription","只展示真实本机安全审计记录。","Only shows real local security audit records.","查看本机的授权和敏感操作记录。","Review approvals and sensitive actions on this computer.","最终文字仍在源码"
"apps/desktop/src/renderer/features/workspace/workspaceCopy.ts","1050","languageCopy.zh-CN.settingsWorkspace.security.emptyAudit","暂无真实安全审计记录。","No real security audit records yet.","暂无安全操作记录。","No security activity yet.","最终文字仍在源码"
"apps/desktop/src/renderer/features/workspace/workspaceCopy.ts","1060","languageCopy.zh-CN.settingsWorkspace.git.remoteDescription","只用于推送确认，真实推送仍需要二次确认。","Only used for push confirmations. The real push still requires a second confirmation.","选择要推送到的远程仓库；执行前需要确认。","Select the remote repository to push to. Confirmation is required before pushing.","最终文字仍在源码"
"apps/desktop/src/renderer/features/workspace/workspaceCopy.ts","1076","languageCopy.zh-CN.settingsWorkspace.release.notarizationDescription","不会伪造签名或公证成功；没有 Apple 凭据时只允许未签名验证。","Zeus does not fake signing or notarization success. Without Apple credentials, only unsigned verification is allowed.","正式签名和公证需要有效的 Apple 发布凭据。","Signing and notarization require valid Apple release credentials.","最终文字仍在源码"
"apps/desktop/src/renderer/features/workspace/workspaceCopy.ts","1089","languageCopy.zh-CN.settingsWorkspace.release.detailDescription","不把未签名、未公证产物伪装成正式发布。","Unsigned or non-notarized artifacts are never presented as a production release.","查看安装包的签名、公证和发布状态。","Review the package’s signing, notarization, and release status.","最终文字仍在源码"
"apps/desktop/src/renderer/features/workspace/workspaceCopy.ts","1090","languageCopy.zh-CN.settingsWorkspace.release.autoUpdateReserved","自动更新预留","Auto-update reserved","更新方式","Update method","最终文字仍在源码"
"apps/desktop/src/renderer/features/workspace/workspaceCopy.ts","1093","languageCopy.zh-CN.settingsWorkspace.release.realReleaseStatus","真实发布状态","Real release status","发布状态","Release status","最终文字仍在源码"
"apps/desktop/src/renderer/features/workspace/workspaceCopy.ts","1103","languageCopy.zh-CN.settingsWorkspace.release.updateReasons.current","当前版本已不低于发布清单中的最新版本。","The current version is already at or above the release manifest version.","当前已是最新版本。","You are using the latest version.","最终文字仍在源码"
"apps/desktop/src/renderer/features/workspace/workspaceCopy.ts","1182","languageCopy.zh-CN.gitDiffWorkspace.emptyChangedFiles","当前仓库暂无已读取变更。","No loaded changes in the current repository.","当前没有可显示的文件变更。","There are no file changes to display.","最终文字仍在源码"
"apps/desktop/src/renderer/features/workspace/workspaceCopy.ts","1196","languageCopy.zh-CN.gitDiffWorkspace.switchBranchHelp","只填写真实存在或准备创建的分支名，不在前端伪造 Git 状态。","Use a real or intended branch name. Zeus does not invent Git state in the UI.","填写要切换到的分支名称。","Enter the name of the branch to switch to.","最终文字仍在源码"
"apps/desktop/src/renderer/features/workspace/workspaceCopy.ts","1199","languageCopy.zh-CN.gitDiffWorkspace.baseRefHelp","用于生成真实 diff 的 base ref，影响审查范围。","Controls the real diff base ref and therefore the review scope.","选择用于比较文件差异的分支或提交。","Choose a branch or commit to compare changes against.","最终文字仍在源码"
"apps/desktop/src/renderer/features/workspace/workspaceCopy.ts","1202","languageCopy.zh-CN.gitDiffWorkspace.stashRefHelp","用于选择真实 stash 记录，恢复前仍需要二次确认。","Selects a real stash entry. Restoring it still requires confirmation.","选择之前临时保存的修改（Git stash）；恢复前需要确认。","Choose previously shelved changes (Git stash). Restoring them requires confirmation.","最终文字仍在源码"
"apps/desktop/src/renderer/features/workspace/workspaceCopy.ts","1205","languageCopy.zh-CN.gitDiffWorkspace.remoteNameHelp","用于 push 等远端写操作，必须来自真实 Git remote。","Used for remote writes such as push. It must come from a real Git remote.","选择项目已配置的远程仓库。","Choose a remote repository configured for this project.","最终文字仍在源码"
"apps/desktop/src/renderer/features/workspace/workspaceCopy.ts","1208","languageCopy.zh-CN.gitDiffWorkspace.targetRefHelp","用于远端目标 ref；空值不会自动推断成安全目标。","Remote target ref. Empty values are not auto-inferred as safe targets.","填写远程目标分支，不能留空。","Enter the remote target branch. This field is required.","最终文字仍在源码"
"apps/desktop/src/renderer/features/workspace/workspaceCopy.ts","1218","languageCopy.zh-CN.gitDiffWorkspace.commitMessageStatusHelp","commit 前置条件","Commit prerequisite","提交前需要填写","Required before committing","最终文字仍在源码"
"apps/desktop/src/renderer/features/workspace/workspaceCopy.ts","1252","languageCopy.zh-CN.gitDiffWorkspace.localExecutionChain","本机执行链","Local execution chain","本机执行","Runs on this computer","最终文字仍在源码"
"apps/desktop/src/renderer/features/workspace/workspaceCopy.ts","1258","languageCopy.zh-CN.gitDiffWorkspace.commitMessageRequired","提交需要 commit message；请重新创建带 message 的提交确认","Commit requires a commit message. Create a confirmation with a message.","请填写提交说明，再确认提交。","Enter a commit message, then confirm the commit.","最终文字仍在源码"
"apps/desktop/src/renderer/features/workspace/workspaceCopy.ts","1282","languageCopy.zh-CN.codeMapWorkspace.sourceSummary","真实来源：源码扫描生成节点、边和布局。","Real source: nodes, edges, and layout are generated from source scans.","图谱来自项目源码，展示代码之间的关系。","The graph is built from project source code and shows relationships in the code.","最终文字仍在源码"
"apps/desktop/src/renderer/features/workspace/workspaceCopy.ts","1283","languageCopy.zh-CN.codeMapWorkspace.contextFactsAria","代码图谱真实事实","Code graph real facts","代码图谱信息","Code graph information","最终文字仍在源码"
"apps/desktop/src/renderer/features/workspace/workspaceCopy.ts","1284","languageCopy.zh-CN.codeMapWorkspace.realSource","真实来源","Real source","来源","Source","最终文字仍在源码"
"apps/desktop/src/renderer/features/workspace/workspaceCopy.ts","1289","languageCopy.zh-CN.codeMapWorkspace.realNodes","真实节点","Real nodes","节点","Nodes","最终文字仍在源码"
"apps/desktop/src/renderer/features/workspace/workspaceCopy.ts","1290","languageCopy.zh-CN.codeMapWorkspace.realEdges","真实边","Real edges","关系","Relationships","最终文字仍在源码"
"apps/desktop/src/renderer/features/workspace/workspaceCopy.ts","1291","languageCopy.zh-CN.codeMapWorkspace.primaryGridAria","图谱主舞台与检查器","Graph stage and inspector","代码图谱与详情","Code graph and details","最终文字仍在源码"
"apps/desktop/src/renderer/features/workspace/workspaceCopy.ts","1292","languageCopy.zh-CN.codeMapWorkspace.stageAria","图谱主舞台","Graph stage","代码图谱","Code graph","最终文字仍在源码"
"apps/desktop/src/renderer/features/workspace/workspaceCopy.ts","1293","languageCopy.zh-CN.codeMapWorkspace.inspectorAria","图谱检查器","Graph inspector","选中项详情","Selected item details","最终文字仍在源码"
"apps/desktop/src/renderer/features/workspace/workspaceCopy.ts","1325","languageCopy.zh-CN.codeMapWorkspace.askGraphHelp","回答必须由真实 AI Runtime 基于图谱来源生成；来源不足时会明确说明不足以判断。","Answers must come from the real AI Runtime with graph sources. When sources are insufficient, Zeus says so.","AI 根据当前代码图谱回答问题；资料不足时会说明缺少什么。","The AI answers using the current code graph and explains when source material is insufficient.","最终文字仍在源码"
"apps/desktop/src/renderer/features/workspace/workspaceCopy.ts","1328","languageCopy.zh-CN.codeMapWorkspace.questionHelp","围绕当前真实图谱提问","Ask about the current real graph","针对当前代码图谱提问","Ask about the current code graph","最终文字仍在源码"
"apps/desktop/src/renderer/features/workspace/workspaceCopy.ts","1337","languageCopy.zh-CN.codeMapWorkspace.missingSymbol","未绑定 symbol","No symbol bound","未关联代码符号","No linked code symbol","最终文字仍在源码"
"apps/desktop/src/renderer/features/workspace/workspaceCopy.ts","1340","languageCopy.zh-CN.codeMapWorkspace.canvasEmpty","当前筛选没有真实节点；调整搜索条件后会展示由源码扫描生成的节点和边。","No real nodes match the current filters. Adjust search to show scanned source nodes and edges.","没有符合当前筛选条件的节点，请调整搜索或筛选。","No nodes match the current filters. Adjust the search or filters.","最终文字仍在源码"
"apps/desktop/src/renderer/features/workspace/workspaceCopy.ts","1353","languageCopy.zh-CN.codeMapWorkspace.graphNodeTaskCreateFailed","节点任务创建失败，请查看本地错误提示后重试。","Node task creation failed. Review the local error and try again.","未能从这个节点创建任务，请查看错误原因。","A task could not be created from this node. Check the error for the cause.","最终文字仍在源码"
"apps/desktop/src/renderer/features/workspace/workspaceCopy.ts","1357","languageCopy.zh-CN.codeMapWorkspace.runtimeSessionLabel","Runtime 会话","Runtime session","运行会话","Run","最终文字仍在源码"
"apps/desktop/src/renderer/features/workspace/workspaceCopy.ts","1358","languageCopy.zh-CN.codeMapWorkspace.insufficientRuntimeSession","来源不足，未启动 Runtime 会话","Insufficient sources, Runtime session not started","可用资料不足，暂时无法回答。","There is not enough source material to answer yet.","最终文字仍在源码"
"apps/desktop/src/renderer/features/workspace/workspaceCopy.ts","1363","languageCopy.zh-CN.codeMapWorkspace.searchHistoryHelp","只查真实问答记录","Real Q&A records only","搜索已有问答记录","Search existing questions and answers","最终文字仍在源码"
"apps/desktop/src/renderer/features/workspace/workspaceCopy.ts","1367","languageCopy.zh-CN.codeMapWorkspace.realQaCount","${count} 条真实问答","${count} real Q&A","${count} 条问答","${count} questions and answers","最终文字仍在源码"
"apps/desktop/src/renderer/features/workspace/workspaceCopy.ts","1369","languageCopy.zh-CN.codeMapWorkspace.noRealQaHistory","暂无真实问答历史","No real Q&A history","暂无问答记录","No questions and answers yet","最终文字仍在源码"
"apps/desktop/src/renderer/features/workspace/workspaceCopy.ts","1370","languageCopy.zh-CN.codeMapWorkspace.noMatchingQaHistory","没有匹配的真实图谱问答；换个关键词或查看未筛选历史。","No matching real graph Q&A. Try another keyword or clear the filter.","没有匹配的问答记录，请调整关键词或清除筛选。","No matching questions or answers. Change the search or clear the filters.","最终文字仍在源码"
"apps/desktop/src/renderer/features/workspace/workspaceCopy.ts","1419","languageCopy.zh-CN.codeMapWorkspace.mermaidPreviewHelp","基于当前真实可见节点和边生成 Mermaid 文本；PlantUML 可切换导出给成熟 UML 工具链；不渲染假图，也不引入额外依赖。","Generate Mermaid text from the currently visible real nodes and edges. PlantUML can be switched on for mature UML toolchains. Zeus does not render fake diagrams or add dependencies.","导出当前可见的图谱。Mermaid 和 PlantUML 是可在其他工具中编辑的图表文本格式。","Export the visible graph as Mermaid or PlantUML, text formats that can be edited in other diagram tools.","最终文字仍在源码"
"apps/desktop/src/renderer/features/workspace/workspaceCopy.ts","1429","languageCopy.zh-CN.codeMapWorkspace.mermaidEmptyHelp","点击生成后只展示当前筛选后仍可见的真实节点与边。","Generate it to show only the real nodes and edges still visible after filters.","点击生成，预览当前筛选结果的图表源码。","Generate a preview of the diagram source for the current filtered graph.","最终文字仍在源码"
"apps/desktop/src/renderer/features/workspace/workspaceCopy.ts","1436","languageCopy.zh-CN.codeMapWorkspace.realNodeCount","${count} 个真实节点","${count} real node${count === 1 ? '' : 's'}","${count} 个节点","${count} nodes","最终文字仍在源码"
"apps/desktop/src/renderer/features/workspace/workspaceCopy.ts","1438","languageCopy.zh-CN.codeMapWorkspace.aggregatedNodeSummary","聚合 ${count} 个真实节点 · ${sourceCount} 个来源","Aggregated ${count} real nodes · ${sourceCount} source${sourceCount === 1 ? '' : 's'}","包含 ${count} 个节点 · ${sourceCount} 个来源","Contains ${count} nodes · ${sourceCount} sources","最终文字仍在源码"
"apps/desktop/src/renderer/features/workspace/workspaceCopy.ts","1452","languageCopy.zh-CN.codeMapWorkspace.realEdgeCount","${count} 条真实边","${count} real edge${count === 1 ? '' : 's'}","${count} 条关系","${count} relationships","最终文字仍在源码"
"apps/desktop/src/renderer/features/workspace/workspaceCopy.ts","1453","languageCopy.zh-CN.codeMapWorkspace.aggregatedEdgeSummary","聚合 ${count} 条真实边 · ${sourceCount} 个来源","Aggregated ${count} real edges · ${sourceCount} source${sourceCount === 1 ? '' : 's'}","包含 ${count} 条关系 · ${sourceCount} 个来源","Contains ${count} relationships · ${sourceCount} sources","最终文字仍在源码"
"apps/desktop/src/renderer/features/workspace/workspaceCopy.ts","1460","languageCopy.zh-CN.codeMapWorkspace.oneHopNeighbors","一跳邻居","One-hop neighbors","直接关联项","Directly related items","最终文字仍在源码"
"apps/desktop/src/renderer/features/workspace/workspaceCopy.ts","1461","languageCopy.zh-CN.codeMapWorkspace.twoHopImpact","二跳影响范围","Two-hop impact","间接关联范围","Indirectly related items","最终文字仍在源码"
"apps/desktop/src/renderer/features/workspace/workspaceCopy.ts","1469","languageCopy.zh-CN.codeMapWorkspace.nodeActions.expandOneHop","展开一跳","Expand one hop","展开直接关联","Expand direct relationships","最终文字仍在源码"
"apps/desktop/src/renderer/features/workspace/workspaceCopy.ts","1470","languageCopy.zh-CN.codeMapWorkspace.nodeActions.expandTwoHop","展开二跳","Expand two hops","展开间接关联","Expand indirect relationships","最终文字仍在源码"
"apps/desktop/src/renderer/features/workspace/workspaceCopy.ts","2394","languageCopy.en-US.settingsWorkspace.categories.runtime","AI CLI / Runtime","","AI 连接","AI connections","最终文字仍在源码"
"apps/desktop/src/renderer/session/AnsweredRequestHistory.tsx","30","labels.zh-CN.answerSyncFailedDetail","该询问已在其他端结束，但 Codex 未把具体选择同步给 Zeus。","This question was completed on another client, but Codex did not sync the exact selection to Zeus.","这个问题已在其他设备上处理，Zeus 尚未收到具体回答。","This question was resolved on another device. Zeus has not received the answer.","最终文字仍在源码"
"apps/desktop/src/renderer/session/BrowserWorkspace.tsx","65","copy.zh-CN.unavailable","当前环境没有可用的内置浏览器桥接。","The built-in browser bridge is unavailable in this environment.","此处无法使用内置浏览器。","The built-in browser is unavailable here.","最终文字仍在源码"
"apps/desktop/src/renderer/session/BrowserWorkspace.tsx","68","copy.zh-CN.stageFailed","页面批注未能暂存到输入框，浏览器草稿仍已保留。","Browser comments were not staged. The page drafts are still saved.","无法将批注添加到输入框，你仍可在浏览器中查看和编辑这些批注。","The comments could not be added to the composer. You can still view and edit them in the browser.","最终文字仍在源码"
"apps/desktop/src/renderer/session/CollaborationModeControl.tsx","7","action","退出 PLAN 模式","Exit Plan mode","退出计划模式","Exit plan mode","最终文字仍在源码"
"apps/desktop/src/renderer/session/ContextUsageIndicator.tsx","171","estimatedHeadroomLabel","下一请求安全余量（估算）","Next-request safe headroom (estimate)","下次请求可用容量（估算）","Available capacity for the next request (estimated)","最终文字仍在源码"
"apps/desktop/src/renderer/session/ContextUsageIndicator.tsx","177","risk","估算已越过安全预算，将在派发前触发原生压缩。","The estimate exceeds the safe budget; native compaction runs before dispatch.","对话长度预计接近模型上限，发送前将先整理较早的内容。","The conversation is estimated to be near the model’s limit. Earlier content will be summarized before sending.","最终文字仍在源码"
"apps/desktop/src/renderer/session/ContextUsageIndicator.tsx","188","risk","下一请求估算已越过安全预算；派发前会先执行原生压缩。","The next-request estimate exceeds the safe budget; native compaction runs before dispatch.","下一条请求预计接近模型的长度上限，发送前将先整理较早的对话内容。","The next request is estimated to be near the model’s length limit. Earlier conversation content will be summarized before sending.","最终文字仍在源码"
"apps/desktop/src/renderer/session/ContextUsageIndicator.tsx","219","estimatedHeadroomLabel","下一请求安全余量（估算）","Next-request safe headroom (estimate)","下次请求可用容量（估算）","Available capacity for the next request (estimated)","最终文字仍在源码"
"apps/desktop/src/renderer/session/ConversationComposer.tsx","101","labels.zh-CN.recoveredInputBlocked","断线恢复的问题当前只读；可使用停止按钮终止本轮。","The recovered question is read-only. You can still stop this turn.","连接中断后恢复的问题暂时无法回答。你可以停止当前处理。","This question cannot be answered after the connection was interrupted. You can stop the current work.","最终文字仍在源码"
"apps/desktop/src/renderer/session/ConversationComposer.tsx","275","","同一草稿不能同时进入目标模式并点名数字员工。","A draft cannot combine goal mode with digital employee mentions.","目标模式暂不支持指定数字员工。请退出目标模式后再选择。","Goal mode does not support choosing a digital employee. Exit goal mode before selecting one.","最终文字仍在源码"
"apps/desktop/src/renderer/session/ConversationComposer.tsx","343","","同一草稿不能同时进入目标模式并点名数字员工。","A draft cannot combine goal mode with digital employee mentions.","目标模式暂不支持指定数字员工。请退出目标模式后再选择。","Goal mode does not support choosing a digital employee. Exit goal mode before selecting one.","最终文字仍在源码"
"apps/desktop/src/renderer/session/ConversationComposer.tsx","532","","同一草稿不能同时进入目标模式并点名数字员工。","A draft cannot combine goal mode with digital employee mentions.","目标模式暂不支持指定数字员工。请退出目标模式后再选择。","Goal mode does not support choosing a digital employee. Exit goal mode before selecting one.","最终文字仍在源码"
"apps/desktop/src/renderer/session/ConversationTranscript.tsx","1051","","发送第一条消息后，真实 app-server 对话会显示在这里。","Send the first message to begin the real app-server transcript.","发送消息，开始对话。","Send a message to start a conversation.","最终文字仍在源码"
"apps/desktop/src/renderer/session/ConversationTranscript.tsx","1445","","当前任务正在等待用户输入，但问题通道未能恢复；这不是仍在思考。","This turn is waiting for user input, but the question channel could not be recovered. It is not still thinking.","AI 正在等待你的回答，但 Zeus 暂时无法显示可回答的问题。","The AI is waiting for your answer, but Zeus cannot currently display a question you can respond to.","最终文字仍在源码"
"apps/desktop/src/renderer/session/ConversationTranscript.tsx","1478","","回答已保存，正在恢复原会话…","Your answer was saved. Restoring the original conversation…","正在恢复对话并继续处理你的回答…","Restoring the conversation to continue with your answer…","最终文字仍在源码"
"apps/desktop/src/renderer/session/GoalPanel.tsx","36","eventLabels.paused.zh","暂停自动续跑","Auto-continuation paused","暂停后续自动执行","Pause further automatic work","最终文字仍在源码"
"apps/desktop/src/renderer/session/GoalPanel.tsx","37","eventLabels.resumed.zh","恢复自动续跑","Auto-continuation resumed","恢复自动执行","Resume automatic work","最终文字仍在源码"
"apps/desktop/src/renderer/session/GoalPanel.tsx","77","","写清要达成什么、不能改什么、如何验证，以及何时停止。目标独立于普通或 PLAN 协作模式。","Describe the outcome, boundaries, validation, and stopping condition. Goals are independent of collaboration mode.","写清要达成什么、不能改什么、如何验证，以及何时停止。","Describe the goal, what must stay unchanged, how to verify it, and when to stop.","最终文字仍在源码"
"apps/desktop/src/renderer/session/GoalPanel.tsx","102","","清除后将停止后续自动续跑","Clearing stops future auto-continuation","清除后将不再自动继续执行此目标","Clearing the goal stops further automatic work toward it","最终文字仍在源码"
"apps/desktop/src/renderer/session/LegacyConversationBanner.tsx","13","body","该记录来自旧 CLI。前往设置导入后，Codex 会生成可直接续接的原生会话。","This record came from the legacy CLI. Import it in Settings to create a native Codex conversation that can be resumed directly.","这是旧版工具的会话记录。请前往设置导入，以便继续对话。","This conversation comes from an older tool. Import it in Settings to continue the conversation.","最终文字仍在源码"
"apps/desktop/src/renderer/session/McpAppFrame.tsx","83","","交互式 MCP App","Interactive MCP App","插件交互页面","Interactive plugin page","最终文字仍在源码"
"apps/desktop/src/renderer/session/McpAppFrame.tsx","90","","已连接受控桥","Controlled bridge ready","已连接 Zeus","Connected to Zeus","最终文字仍在源码"
"apps/desktop/src/renderer/session/McpAppFrame.tsx","94","","已拒绝越权请求","Blocked request","已阻止未经授权的操作","Unauthorized action blocked","最终文字仍在源码"
"apps/desktop/src/renderer/session/NewConversationExecutionContext.tsx","54","branchOptions.unavailableReason","已在其他工作区检出","Checked out in another worktree","已在其他工作目录使用","In use in another working folder","最终文字仍在源码"
"apps/desktop/src/renderer/session/NewConversationExecutionContext.tsx","135","","新会话执行上下文","New conversation execution context","新对话的项目与分支","Project and branch for the new conversation","最终文字仍在源码"
"apps/desktop/src/renderer/session/PendingRequestSurface.tsx","68","labels.zh-CN.otherPlaceholder","否，并告诉 Zeus 应该如何做得不同","No, tell Zeus what to do differently","提出其他做法","Suggest another approach","最终文字仍在源码"
"apps/desktop/src/renderer/session/PendingRequestSurface.tsx","70","labels.zh-CN.secret","敏感回答仅发送给当前本机 app-server，不会显示在会话记录中。","Secret answers are sent only to the current local app-server and are not shown in the transcript.","敏感回答用于本次请求，不显示在对话记录中。","Sensitive answers are used for this request and are not shown in the conversation history.","最终文字仍在源码"
"apps/desktop/src/renderer/session/PendingRequestSurface.tsx","75","labels.zh-CN.invalidMcpHelp","请求 schema、URL 或响应 JSON 无法安全验证；修复前只提供拒绝或取消。","The request schema, URL, or response JSON cannot be validated safely. Only decline or cancel remains available.","Zeus 无法验证这个请求的内容或链接是否有效，因此暂时不能允许，只能拒绝或取消。","Zeus cannot validate this request’s content or link. Approval is unavailable; you can decline or cancel.","最终文字仍在源码"
"apps/desktop/src/renderer/session/PendingRequestSurface.tsx","85","labels.zh-CN.fileTargetProviderScope","授权范围无法审计","Approval scope cannot be audited","无法确认申请访问的范围","Cannot verify the requested access","最终文字仍在源码"
"apps/desktop/src/renderer/session/PendingRequestSurface.tsx","86","labels.zh-CN.fileTargetProviderScopeHelp","该请求要求授权 Provider 根范围，超出单个项目的文件审批边界，因此只提供拒绝或取消操作。","This request asks for a provider-root grant beyond the single-project approval boundary. Only decline or cancel actions are available.","这个请求申请访问整个 AI 工具的工作范围，超出了当前项目的文件权限，因此不能允许。","This request asks for access across the AI tool’s working area, beyond this project’s file permissions. It cannot be approved.","最终文字仍在源码"
"apps/desktop/src/renderer/session/PendingRequestSurface.tsx","99","labels.zh-CN.allEditScope","本会话后续仅自动允许当前项目内可审计的文件；项目外目标仍会被拒绝。","This session only auto-allows auditable files inside the current project; outside targets remain blocked.","本次对话中，后续只会自动允许已确认属于当前项目的文件访问；项目外文件仍会被拒绝。","During this conversation, only verified file access within the current project will be allowed automatically. Access outside the project will still be denied.","最终文字仍在源码"
"apps/desktop/src/renderer/session/PendingRequestSurface.tsx","1026","","敏感回答仅发送给本机 app-server，不写入会话或草稿。","Secret answers are sent locally and are never stored in the transcript or draft.","敏感回答只用于本次请求，不保存到对话记录或草稿中。","Sensitive answers are used only for this request and are not saved in the conversation history or drafts.","最终文字仍在源码"
"apps/desktop/src/renderer/session/PendingRequestSurface.tsx","1443","","该权限结构尚未受支持，Zeus 不会发送允许响应。","","Zeus 暂不支持这种权限请求，因此不能允许。","Zeus does not support this type of permission request, so it cannot be approved.","最终文字仍在源码"
"apps/desktop/src/renderer/session/PendingRequestSurface.tsx","1444","","向 MCP server 发送所示 JSON 响应。","","向插件服务发送下方所示的 JSON 格式回答。","Send the JSON response shown below to the plugin service.","最终文字仍在源码"
"apps/desktop/src/renderer/session/PlanImplementationRequestSurface.tsx","70","","告诉 Codex 应该如何做得不同","Tell Codex what to do differently","说明希望如何修改计划","Describe how you would like to change the plan","最终文字仍在源码"
"apps/desktop/src/renderer/session/ProjectConversationTree.tsx","73","labels.zh-CN.paused","队列已暂停","Queue paused","处理已暂停","Processing paused","最终文字仍在源码"
"apps/desktop/src/renderer/session/SessionCodeReviewDialog.tsx","162","","当前现场无法启动代码审查。","Code review cannot be started from the current context.","当前代码目录不满足审查条件。","The current code folder does not meet the review requirements.","最终文字仍在源码"
"apps/desktop/src/renderer/session/SessionCodeReviewDialog.tsx","202","","创建独立 AI 会话，并复用当前执行环境","Create an independent AI conversation in the current execution environment","新建对话，审查当前工作目录中的代码","Start a new conversation to review code in the current working folder","最终文字仍在源码"
"apps/desktop/src/renderer/session/SessionCodeReviewDialog.tsx","222","","来源基线至当前现场的全部变化","All changes from the source baseline to the current workspace","从任务开始到现在的全部修改","All changes since the task started","最终文字仍在源码"
"apps/desktop/src/renderer/session/SessionCodeReviewDialog.tsx","256","","代码审查使用的 Skill","Skill for code review","审查技能（Skill）","Review skill","最终文字仍在源码"
"apps/desktop/src/renderer/session/SessionCodeReviewDialog.tsx","308","","准备期间不会创建半成品会话。","No partial conversation is created while preparing.","准备完成后会打开审查对话。","The review conversation opens when preparation is complete.","最终文字仍在源码"
"apps/desktop/src/renderer/session/SessionQuickActionsCard.tsx","460","","目录与分支来自最近一次会话快照。","Directory and branch come from the latest conversation snapshot.","显示最近一次读取的目录与分支。","Shows the most recently loaded folder and branch.","最终文字仍在源码"
"apps/desktop/src/renderer/session/SessionQuickActionsCard.tsx","591","","项目对话没有可用于代码审查的任务 Worktree","Project conversations do not have a task worktree for code review","请从拥有独立工作目录的任务对话中启动代码审查","Start a code review from a task conversation with its own working folder","最终文字仍在源码"
"apps/desktop/src/renderer/session/SessionQuickActionsCard.tsx","593","","直接目录会话没有冻结审查基线，请从 Worktree 任务会话启动","Direct-directory conversations have no frozen review baseline; start from a task worktree conversation","此对话没有任务开始时的代码记录。请从拥有独立工作目录的任务对话启动审查","This conversation has no record of the code when the task started. Start the review from a task conversation with its own working folder","最终文字仍在源码"
"apps/desktop/src/renderer/session/SessionQuickActionsCard.tsx","595","","正在确认代码审查 Worktree…","Checking the code review worktree…","正在检查代码审查的工作目录…","Checking the working folder for the code review…","最终文字仍在源码"
"apps/desktop/src/renderer/session/SessionQuickActionsCard.tsx","596","","当前会话的精确任务 Worktree 不可用","The exact task worktree for this conversation is unavailable","此任务的工作目录不可用","This task’s working folder is unavailable","最终文字仍在源码"
"apps/desktop/src/renderer/session/SessionWorkspace.tsx","1433","labels.zh-CN.failureHelp","连接中断。请重新连接以读取最新快照。","The connection was interrupted. Reconnect to load the latest snapshot.","连接已中断。重新连接后才能读取最新对话。","The connection was interrupted. Reconnect to load the latest conversation.","最终文字仍在源码"
"apps/desktop/src/renderer/session/SessionWorkspace.tsx","1462","labels.zh-CN.runtimeDetails","运行时详情","Runtime details","运行详情","Run details","最终文字仍在源码"
"apps/desktop/src/renderer/session/SessionWorkspace.tsx","1929","[requestId]","请先明确允许、拒绝或提交回答；Escape 不会停止被请求阻塞的轮次。","Choose allow, decline, or submit an answer. Escape will not interrupt a request-blocked turn.","请先允许、拒绝或回答当前问题。按 Escape 不会停止正在等待回答的处理。","Approve, decline, or answer the current request first. Escape does not stop work that is waiting for a response.","最终文字仍在源码"
"apps/desktop/src/renderer/session/SessionWorkspace.tsx","2344","","立即停止 Computer Use","Stop Computer Use now","立即停止电脑操作","Stop computer actions now","最终文字仍在源码"
"apps/desktop/src/renderer/session/SessionWorkspace.tsx","2410","message","当前会话没有可用于代码审查的任务 Worktree。","This conversation does not have a task worktree available for code review.","此对话没有可用于代码审查的任务工作目录。","This conversation has no task working folder available for code review.","最终文字仍在源码"
"apps/desktop/src/renderer/session/SessionWorkspace.tsx","2953","","同一草稿不能同时进入目标模式并点名数字员工。","A draft cannot combine goal mode with digital employee mentions.","目标模式暂不支持指定数字员工。请退出目标模式后再选择。","Goal mode does not support choosing a digital employee. Exit goal mode before selecting one.","最终文字仍在源码"
"apps/desktop/src/renderer/session/SessionWorkspace.tsx","3143","composer","同一草稿不能同时进入目标模式并点名数字员工。","A draft cannot combine goal mode with digital employee mentions.","目标模式暂不支持指定数字员工。请退出目标模式后再选择。","Goal mode does not support choosing a digital employee. Exit goal mode before selecting one.","最终文字仍在源码"
"apps/desktop/src/renderer/session/SessionWorkspace.tsx","3198","composer","同一草稿不能同时进入目标模式并点名数字员工。","A draft cannot combine goal mode with digital employee mentions.","目标模式暂不支持指定数字员工。请退出目标模式后再选择。","Goal mode does not support choosing a digital employee. Exit goal mode before selecting one.","最终文字仍在源码"
"apps/desktop/src/renderer/session/StructuredComposerInput.tsx","168","options.disabledReason","目标编辑与专家点名互斥","Goal editing cannot include expert mentions","目标模式暂不支持指定数字员工","Goal mode does not support choosing a digital employee","最终文字仍在源码"
"apps/desktop/src/renderer/session/StructuredComposerInput.tsx","176","options.fixed.detail","切换本轮协作模式","Switch collaboration mode for this turn","切换对话模式","Switch conversation mode","最终文字仍在源码"
"apps/desktop/src/renderer/session/StructuredComposerInput.tsx","181","options.fixed.detail","进入目标编辑流程","Open goal editing","编辑目标","Edit goal","最终文字仍在源码"
"apps/desktop/src/renderer/session/StructuredComposerInput.tsx","184","options.fixed.disabledReason","目标编辑与专家点名互斥","Goal editing cannot include expert mentions","目标模式暂不支持指定数字员工","Goal mode does not support choosing a digital employee","最终文字仍在源码"
"apps/desktop/src/renderer/session/StructuredComposerInput.tsx","232","options.disabledReason","每轮最多选择 8 个 Skill","Up to 8 Skills per turn","每次最多选择 8 项技能（Skill）","Choose up to 8 skills per request","最终文字仍在源码"
"apps/desktop/src/renderer/session/SubagentWorkspace.tsx","198","","已隐藏可能来自父会话或缺少时间边界的内容。","Content that may belong to the parent conversation or lacks a reliable time boundary is hidden.","无法确认属于此智能体的内容已隐藏。","Content that could not be confirmed as belonging to this agent is hidden.","最终文字仍在源码"
"apps/desktop/src/renderer/session/SubagentWorkspace.tsx","209","","当前没有能可靠确认属于该智能体的工作内容。","No work content can currently be attributed to this agent with confidence.","暂时没有可显示的智能体工作内容。","No work from this agent is available to display yet.","最终文字仍在源码"
"apps/desktop/src/renderer/session/SubagentWorkspace.tsx","212","","该智能体线程尚未产生可读消息。","This agent thread has no readable messages yet.","这个智能体还没有发来消息。","This agent has not sent any messages yet.","最终文字仍在源码"
"apps/desktop/src/renderer/session/SubagentWorkspace.tsx","223","","当前会话还没有派生智能体。","This conversation has not spawned any agents.","此对话尚未创建子智能体。","This conversation has no subagents yet.","最终文字仍在源码"
"apps/desktop/src/renderer/session/SubagentWorkspace.tsx","250","","Provider 没有返回可验证的原始指令。","","AI 服务没有提供这个智能体收到的原始指令。","The AI service did not provide the original instructions received by this agent.","最终文字仍在源码"
"apps/desktop/src/renderer/session/ThreadItemView.tsx","43","copy.zh-CN.unknown","未知 provider 项","Unknown provider item","未识别的处理记录","Unrecognized activity","最终文字仍在源码"
"apps/desktop/src/renderer/session/TurnChanges.tsx","438","","已保留这一轮的历史文件变更记录，但缺少可安全撤销或重新应用的文件快照。","","缺少这次修改前后的文件内容，无法撤销或重新应用这些修改。","The file contents before and after these changes are unavailable. These changes cannot be undone or reapplied.","最终文字仍在源码"
"apps/desktop/src/renderer/features/automations/AutomationsWorkspace.tsx","258","","把固定指令交给精确的模型、项目和时间，每次运行都保留独立证据。","Bind an instruction to exact models, projects, and time with durable evidence for every run.","按设定的时间和项目自动执行指令，并查看每次运行的结果。","Run instructions automatically for selected projects on a schedule, and view the result of each run.","最终文字仍在源码"
"apps/desktop/src/renderer/features/automations/AutomationsWorkspace.tsx","340","","创建第一个自动化，从手动触发开始验证。","Create one and begin with a manual trigger.","创建自动化，让重复工作按时执行。","Create an automation to run recurring work on a schedule.","最终文字仍在源码"
"apps/desktop/src/renderer/features/automations/AutomationsWorkspace.tsx","372","","运行进入成功、失败、阻塞或结果未知后会出现在这里。","Terminal runs appear here, including blocked and unknown outcomes.","自动化的运行结果和需要你处理的问题会显示在这里。","Automation results and requests for your attention appear here.","最终文字仍在源码"
"apps/desktop/src/renderer/features/automations/AutomationsWorkspace.tsx","423","","IANA 时区","IANA timezone","时区（如 Asia/Shanghai）","Time zone (for example, Asia/Shanghai)","最终文字仍在源码"
"apps/desktop/src/renderer/features/automations/AutomationsWorkspace.tsx","429","","精确模型","Exact model","使用模型","Model","最终文字仍在源码"
"apps/desktop/src/renderer/features/automations/AutomationsWorkspace.tsx","432","","选择精确模型","Choose exact model","选择模型","Select a model","最终文字仍在源码"
"apps/desktop/src/renderer/features/automations/AutomationsWorkspace.tsx","475","","我理解该授权会持续到配置变更或撤销，且可产生不可逆副作用。","I understand this grant persists until configuration changes or revocation and may produce irreversible side effects.","我允许此自动化持续使用以上权限，直到我修改或撤销授权；执行的操作可能无法撤销。","I allow this automation to keep using these permissions until I change or revoke them. Its actions may be irreversible.","最终文字仍在源码"
"apps/desktop/src/renderer/features/automations/AutomationsWorkspace.tsx","489","","阻塞策略","Blocking policy","上次运行未结束时","When the previous run is unfinished","最终文字仍在源码"
"apps/desktop/src/renderer/features/automations/AutomationsWorkspace.tsx","492","","串行排队","Serial queue","排队等待","Wait in line","最终文字仍在源码"
"apps/desktop/src/renderer/features/automations/AutomationsWorkspace.tsx","493","","丢弃新触发","Discard new","跳过新运行","Skip the new run","最终文字仍在源码"
"apps/desktop/src/renderer/features/automations/AutomationsWorkspace.tsx","494","","覆盖旧运行","Cover previous","停止旧运行并开始新的运行","Stop the previous run and start the new one","最终文字仍在源码"
"apps/desktop/src/renderer/features/automations/AutomationsWorkspace.tsx","506","","能力、预算与保留","Capabilities, budgets, and retention","插件、用量限制与记录保留","Plugins, usage limits, and history retention","最终文字仍在源码"
"apps/desktop/src/renderer/features/automations/AutomationsWorkspace.tsx","544","","队列容量","Queue capacity","最多等待运行数","Maximum waiting runs","最终文字仍在源码"
"apps/desktop/src/renderer/features/automations/AutomationsWorkspace.tsx","558","","每日 Token 上限","Tokens per day","每日用量上限（Token）","Daily usage limit (tokens)","最终文字仍在源码"
"apps/desktop/src/renderer/features/automations/AutomationsWorkspace.tsx","705","","高级 RRULE","Advanced RRULE","自定义重复规则（RRULE）","Custom recurrence rule (RRULE)","最终文字仍在源码"
"apps/desktop/src/renderer/features/automations/AutomationsWorkspace.tsx","729","labels.dispatching","派发中","","正在启动","Starting","最终文字仍在源码"
"apps/desktop/src/renderer/features/automations/AutomationsWorkspace.tsx","729","labels.blocked","阻塞","","等待处理","Needs attention","最终文字仍在源码"
"apps/desktop/src/renderer/features/digital-employees/TaskDigitalEmployeePanel.tsx","1181","labels.dispatching","派发中","","正在启动","Starting","最终文字仍在源码"
"apps/desktop/src/renderer/features/memory/MemorySettingsPane.tsx","93","","显式新增","Add explicitly","新增记忆","Add memory","最终文字仍在源码"
"apps/desktop/src/renderer/features/memory/MemorySettingsPane.tsx","137","","删除采用 tombstone，审计链仍保留且不会再注入上下文。","Deletion creates a tombstone: the audit chain remains, and the memory is no longer injected.","停用后，AI 不再使用这条记忆，修改记录仍会保留。","Once disabled, this memory will no longer be used by the AI. Its change history will remain.","最终文字仍在源码"
"apps/desktop/src/renderer/features/memory/MemorySettingsPane.tsx","147","","确认停用/删除","Confirm deactivation","确认停用","Disable memory","最终文字仍在源码"
"apps/desktop/src/renderer/features/memory/MemorySettingsPane.tsx","176","","停用/删除","Deactivate","停用","Disable","最终文字仍在源码"
"apps/desktop/src/renderer/features/memory/MemorySettingsPane.tsx","240","","稳定 key","Stable key","记忆标识","Memory identifier","最终文字仍在源码"
"apps/desktop/src/renderer/features/memory/MemorySettingsPane.tsx","277","","我明确确认：这条记忆可影响外部状态；将以 explicit + user_explicit 来源保存。","I explicitly confirm that this memory may affect external state; it will be saved as explicit + user_explicit.","我确认允许 AI 使用这条记忆指导可能修改文件或其他应用的操作。","I allow the AI to use this memory to guide actions that may change files or other apps.","最终文字仍在源码"
"apps/desktop/src/renderer/features/memory/MemorySettingsPane.tsx","295","","key、内容、来源引用和复核日期均不能为空。","Key, content, source reference, and review date are required.","请填写记忆标识、内容、来源和复核日期。","Enter the memory identifier, content, source, and review date.","最终文字仍在源码"
"apps/desktop/src/renderer/features/memory/MemorySettingsPane.tsx","297","","影响外部状态的记忆必须经过 explicit 确认。","External-state memory requires explicit confirmation.","这条记忆可能指导 AI 修改文件或其他应用，请先勾选确认。","This memory may guide the AI to change files or other apps. Select the confirmation before saving.","最终文字仍在源码"
"apps/desktop/src/renderer/features/skills/ExtensionsWorkspace.tsx","151","","Plugin 安装、信任、连接和版本由 Zeus 统一管理，并投影到所有新会话。","Zeus manages plugin installation, trust, connections, and versions for every new conversation.","在这里安装和管理插件（Plugin）。更改会用于之后新建的对话。","Install and manage plugins here. Changes apply to conversations created afterward.","最终文字仍在源码"
"apps/desktop/src/renderer/features/skills/ExtensionsWorkspace.tsx","222","","启停与更新只影响之后创建的会话；活动会话继续使用已冻结修订。","Enable, disable, and update affect only later conversations; active conversations retain their frozen revision.","启用、停用和更新会影响新对话；正在进行的对话继续使用原来的插件版本。","Enabling, disabling, and updating plugins affects new conversations. Ongoing conversations keep their current plugin versions.","最终文字仍在源码"
"apps/desktop/src/renderer/features/skills/ExtensionsWorkspace.tsx","340","","Hook 审查","Hook review","自动执行脚本审查（Hook）","Automatic script review (hooks)","最终文字仍在源码"
"apps/desktop/src/renderer/features/skills/ExtensionsWorkspace.tsx","394","","单工具覆盖可通过 API 设置","Per-tool overrides are available through the API","单个工具的权限需要通过 API 设置","Permissions for individual tools must be configured through the API","最终文字仍在源码"
"apps/desktop/src/renderer/features/skills/ExtensionsWorkspace.tsx","487","","仅读取用户明确添加的本地或 Git marketplace.json，不代理官方公共目录。","Only explicit local or Git marketplace.json sources are read; public catalogs are not proxied.","添加本地或 Git 仓库中的插件目录文件 marketplace.json，以浏览和安装其中的插件。","Add a marketplace.json catalog from a local folder or Git repository to browse and install its plugins.","最终文字仍在源码"
"apps/desktop/src/renderer/features/skills/SkillsWorkspace.tsx","36","load","当前执行宿主未提供 Skill 管理能力。","Skill management is unavailable on this execution host.","当前 Zeus 后台不支持管理技能。","The current Zeus background service does not support skill management.","最终文字仍在源码"
"apps/desktop/src/renderer/features/skills/SkillsWorkspace.tsx","158","","工作流默认 Skill","Workflow defaults","各类工作的默认技能","Default skills for each workflow","最终文字仍在源码"
"apps/desktop/src/renderer/features/skills/SkillsWorkspace.tsx","186","","已发现的 Skill","Discovered skills","可用技能（Skill）","Available skills","最终文字仍在源码"
"apps/desktop/src/renderer/features/skills/SkillsWorkspace.tsx","187","","读取 Zeus Skill 目录","Reading the Zeus skill catalog","读取技能目录","Read the skills folder","最终文字仍在源码"
"apps/desktop/src/renderer/features/telegram/ImRobotSettingsPane.tsx","181","createConnection","Bot 身份已通过 Telegram getMe 校验，等待私聊配对。","Bot identity verified with Telegram getMe. Waiting for private-chat pairing.","机器人已验证。请在 Telegram 私聊中完成配对。","Bot verified. Complete pairing in a Telegram private chat.","最终文字仍在源码"
"apps/desktop/src/renderer/features/telegram/ImRobotSettingsPane.tsx","207","checkConnection","已重新校验 Token 并刷新轮询状态。","Token and polling state checked.","已检查机器人密钥并更新连接状态。","Checked the bot token and updated the connection status.","最终文字仍在源码"
"apps/desktop/src/renderer/features/telegram/ImRobotSettingsPane.tsx","220","updatePreset","Agent Preset 已更新，只影响之后创建的会话和任务推送。","Agent Preset updated for future conversations and task pushes only.","默认智能体配置已更新，将用于之后新建的对话和任务。","The default agent settings have been updated and will apply to new conversations and tasks.","最终文字仍在源码"
"apps/desktop/src/renderer/features/telegram/ImRobotSettingsPane.tsx","231","updateRemoteApproval","开启后，已绑定的 Telegram 私聊可以批准或拒绝 Provider 审批。能力令牌仍为单次且会校验连接、用户、聊天、请求和 revision。确定开启？","The paired Telegram private chat will be able to approve or reject provider requests. Continue?","开启后，已配对的 Telegram 用户可以在私聊中批准或拒绝 AI 的操作请求。请确认只有你能访问该账号。确定开启？","Once enabled, the paired Telegram user can approve or decline the AI’s action requests in private chat. Make sure only you can access that account. Enable remote approvals?","最终文字仍在源码"
"apps/desktop/src/renderer/features/telegram/ImRobotSettingsPane.tsx","280","","本机服务客户端不可用，无法读取真实连接状态。","The local service client is unavailable.","无法连接 Zeus 后台，暂时不能读取机器人状态。","Zeus cannot connect to its background service to load the bot status.","最终文字仍在源码"
"apps/desktop/src/renderer/features/telegram/ImRobotSettingsPane.tsx","291","","将一个 IM Bot 安全绑定到一个 Zeus 项目、一个私聊用户和一个 Agent Preset。","Securely bind one IM bot to one Zeus project, one private-chat user, and one Agent Preset.","连接聊天机器人，将指定项目的任务交给 AI，并在私聊中查看进展。每个连接只能配对一位用户。","Connect a chat bot to work with AI on a selected project and follow progress in private chat. Each connection can pair with one user.","最终文字仍在源码"
"apps/desktop/src/renderer/features/telegram/ImRobotSettingsPane.tsx","294","","IM 安全边界","IM security boundaries","机器人访问范围","Bot access","最终文字仍在源码"
"apps/desktop/src/renderer/features/telegram/ImRobotSettingsPane.tsx","327","","正在读取真实连接状态…","Loading connection state…","正在读取连接状态…","Loading connection status…","最终文字仍在源码"
"apps/desktop/src/renderer/features/telegram/ImRobotSettingsPane.tsx","334","","此渠道暂未支持。首期只开放 Telegram，当前页面不会创建占位连接或虚假在线状态。","This channel is not supported yet. Telegram is the only channel available in the first release.","暂不支持此渠道，请选择 Telegram。","This channel is not supported yet. Select Telegram.","最终文字仍在源码"
"apps/desktop/src/renderer/features/telegram/ImRobotSettingsPane.tsx","347","","Token 只会写入此连接专属的 macOS Keychain 槽位。","The token is stored only in this connection’s macOS Keychain slot.","机器人密钥（Token）会保存在本机 macOS 钥匙串中。","The bot token is stored in this Mac’s Keychain.","最终文字仍在源码"
"apps/desktop/src/renderer/features/telegram/ImRobotSettingsPane.tsx","388","","只迁移 Token，旧 allowlist 与 chat ID 不会自动成为可信身份。","Only the token is migrated. Legacy allowlists and chat IDs are not trusted automatically.","导入密钥后仍需重新配对 Telegram 用户，之前允许的用户不会自动获得访问权限。","After importing the token, pair the Telegram user again. Previously allowed users will not automatically receive access.","最终文字仍在源码"
"apps/desktop/src/renderer/features/telegram/ImRobotSettingsPane.tsx","471","","配对明文不在数据库中；应用重启后需要重新生成配对码。","Pairing plaintext is not persisted. Regenerate the code after an app restart.","应用重启后，请重新生成配对码。","Generate a new pairing code after restarting the app.","最终文字仍在源码"
"apps/desktop/src/renderer/features/telegram/ImRobotSettingsPane.tsx","529","","可信端点","Trusted endpoint","已配对用户","Paired user","最终文字仍在源码"
"apps/desktop/src/renderer/features/telegram/ImRobotSettingsPane.tsx","542","","当前 Agent Preset 已不可用。请选择新的预设；新消息在修复前会失败关闭。","The current Agent Preset is unavailable. Choose another preset before new messages can run.","当前智能体配置已不可用。请选择可用配置后再发送新消息。","The current agent configuration is unavailable. Select an available configuration before sending new messages.","最终文字仍在源码"
"apps/desktop/src/renderer/features/telegram/ImRobotSettingsPane.tsx","548","","只影响之后创建的会话和任务推送；运行中的会话保持冻结配置。","Affects only future conversations and task pushes. Running conversations keep their frozen configuration.","更改将用于新对话和新任务，正在进行的对话继续使用原配置。","Changes apply to new conversations and tasks. Ongoing conversations keep their existing settings.","最终文字仍在源码"
"apps/desktop/src/renderer/settings/BrowserSettingsPane.tsx","12","copy.zh-CN.intro","使用独立、持久的本机浏览器 Profile；登录态在 Zeus 会话间共享，但不会与 Chrome 共享。","Uses an independent, persistent local browser profile. Sign-in state is shared across Zeus sessions, but not with Chrome.","Zeus 使用独立的浏览器资料。网站登录会在 Zeus 对话之间保留，但不与 Chrome 共享。","Zeus uses a separate browser profile. Website sign-ins persist across Zeus conversations but are not shared with Chrome.","最终文字仍在源码"
"apps/desktop/src/renderer/settings/BrowserSettingsPane.tsx","13","copy.zh-CN.unavailable","当前环境没有可用的内置浏览器设置桥接。","The built-in browser settings bridge is unavailable in this environment.","此处无法使用内置浏览器设置。","Built-in browser settings are unavailable here.","最终文字仍在源码"
"apps/desktop/src/renderer/settings/BrowserSettingsPane.tsx","16","copy.zh-CN.enabledHelp","允许会话打开浏览器标签、批注页面，并向 Codex 暴露受控浏览器工具。","Lets sessions open browser tabs, annotate pages, and expose guarded browser tools to Codex.","允许你在对话中打开和批注网页，并让 AI 按授权操作浏览器。","Open and annotate web pages in conversations, and let the AI use the browser with your permission.","最终文字仍在源码"
"apps/desktop/src/renderer/settings/BrowserSettingsPane.tsx","18","copy.zh-CN.webLinksHelp","控制会话中的 HTTPS 链接和网站卡主操作。","Controls the primary action for HTTPS links and website cards in conversations.","选择点击对话中的网页链接或网站卡片时使用的浏览器。","Choose the browser used when you open a web link or website card in a conversation.","最终文字仍在源码"
"apps/desktop/src/renderer/settings/BrowserSettingsPane.tsx","22","copy.zh-CN.filesHelp","控制会话中的源码引用和本地文件主操作；目标不可用时会安全回退。","Controls source citations and local-file primary actions, with safe fallback when unavailable.","选择点击对话中的代码引用和本地文件时使用的应用。","Choose the app used to open code references and local files in conversations.","最终文字仍在源码"
"apps/desktop/src/renderer/settings/BrowserSettingsPane.tsx","35","copy.zh-CN.allSites","允许 Agent 访问所有站点","Allow Agent access to all sites","允许 AI 访问所有网站","Allow AI access to all websites","最终文字仍在源码"
"apps/desktop/src/renderer/settings/BrowserSettingsPane.tsx","48","copy.zh-CN.computerHelp","全局启用后，Agent 可按需控制其他应用；macOS 辅助功能与录屏权限仍由系统管理，敏感动作仍逐次确认。","When globally enabled, agents may control other apps on demand. macOS permissions and per-action sensitive confirmations still apply.","启用后，AI 可以按需操作其他应用。你仍需授予 macOS 辅助功能和录屏权限；敏感操作会再次征求同意。","Once enabled, the AI can operate other apps as needed. macOS Accessibility and Screen Recording permissions are still required. Sensitive actions will ask for approval again.","最终文字仍在源码"
"apps/desktop/src/renderer/settings/BrowserSettingsPane.tsx","60","copy.zh-CN.chromeHelp","通过 Zeus 自有 Native Messaging Host 精确声明并控制 Chrome 标签。","Uses the Zeus-owned Native Messaging Host to claim and control exact Chrome tabs.","连接后，AI 可以在你授权的 Chrome 标签页中读取内容和操作页面。","Once connected, the AI can read and operate Chrome tabs you authorize.","最终文字仍在源码"
"apps/desktop/src/renderer/settings/BrowserSettingsPane.tsx","62","copy.zh-CN.edgeHelp","使用与 Chrome 隔离的扩展身份、Host manifest 和连接。","Uses an extension identity, host manifest, and connection isolated from Chrome.","连接 Edge 浏览器，授权与 Chrome 分开管理。","Connect Edge with permissions managed separately from Chrome.","最终文字仍在源码"
"apps/desktop/src/renderer/settings/BrowserSettingsPane.tsx","63","copy.zh-CN.retiredTitle","旧插件运行时","Retired plugin runtimes","旧版浏览器和电脑工具","Older browser and computer tools","最终文字仍在源码"
"apps/desktop/src/renderer/settings/BrowserSettingsPane.tsx","65","copy.zh-CN.retiredArchive","归档旧运行时","Archive old runtimes","备份并移除旧工具","Back up and remove older tools","最终文字仍在源码"
"apps/desktop/src/renderer/settings/CodexRemoteControlSettings.tsx","26","copy.zh-CN.statusHelp","新会话和空闲会话使用远程宿主；设备配对和连接由本机 Codex CLI 的官方 Remote Control 提供。","New and idle sessions use the remote host; device pairing and connectivity use the official Remote Control in the local Codex CLI.","通过 Codex 官方 Remote Control 配对设备后，可以远程访问新对话和空闲对话。","Pair a device using Codex’s official Remote Control to access new and idle conversations remotely.","最终文字仍在源码"
"apps/desktop/src/renderer/settings/CodexRemoteControlSettings.tsx","30","copy.zh-CN.standaloneReadyHelp","远程守护进程将从 Zeus 独立 Codex 目录的官方固定入口启动。","The remote daemon will start from the official fixed entry in Zeus's isolated Codex home.","远程连接使用 Zeus 专用的 Codex 安装。","Remote connections use the Codex installation dedicated to Zeus.","最终文字仍在源码"
"apps/desktop/src/renderer/settings/CodexRemoteControlSettings.tsx","31","copy.zh-CN.standaloneMissingHelp","普通 Codex CLI 已可用，但其他 CODEX_HOME 下的安装不能替代 Zeus 独立运行目录。复制命令到终端执行，完成 Zeus 专属登录后再刷新。","The regular Codex CLI is available, but an install under another CODEX_HOME cannot replace Zeus's isolated runtime. Copy this command to Terminal, finish the Zeus-specific login, and refresh.","需要为 Zeus 单独安装并登录 Codex 远程服务。请复制命令到终端执行，完成登录后再刷新。","Zeus needs a separate installation and sign-in for the Codex remote service. Copy the command, run it in Terminal, sign in, then refresh.","最终文字仍在源码"
"apps/desktop/src/renderer/settings/CodexRemoteControlSettings.tsx","35","copy.zh-CN.recoveryHelp","按下方真实原因完成登录、联网或授权恢复后重试。Zeus 不会自动安装或使用内置回退。","Follow the actual reason below to restore login, network, or authorization, then retry. Zeus does not install automatically or use a bundled fallback.","请先解决下方提示的问题，再重新检测连接。","Resolve the issue shown below, then check the connection again.","最终文字仍在源码"
"apps/desktop/src/renderer/settings/CodexRemoteControlSettings.tsx","36","copy.zh-CN.retry","重新检测并重试","Check again and retry","重新检测连接","Check connection again","最终文字仍在源码"
"apps/desktop/src/renderer/settings/MenuBarUsageWindow.tsx","20","copy.zh-CN.noProvidersDetail","供应源产生真实 Token 后，会自动出现在这里。","Providers appear here after Zeus records real tokens.","使用 AI 后，这里会显示各个服务的用量。","Usage for each AI service appears here after you use it.","最终文字仍在源码"
"apps/desktop/src/renderer/settings/MenuBarUsageWindow.tsx","49","copy.zh-CN.codexOnlyCompatibility","当前旧执行宿主仅能汇总 Codex；安全交接后恢复全部供应源。","The current legacy host can summarize Codex only. All providers return after a safe handoff.","当前后台版本只能显示 Codex 用量；后台更新后将显示其他服务。","The current background service can only show Codex usage. Other services will appear after it is updated.","最终文字仍在源码"
"apps/desktop/src/renderer/settings/ModelConnectionsSettingsPane.tsx","227","","配置供应商后，各项目可选择多个可运行模型。API Key 只保存到本机钥匙串。","Configure providers once, then let each project select multiple runnable models. API keys stay in the local Keychain.","填写服务地址和访问密钥（API Key），即可在项目中选择该服务的模型。密钥只保存在本机钥匙串。","Enter the service address and API key to use its models in projects. The key is stored only in this Mac’s Keychain.","最终文字仍在源码"
"apps/desktop/src/renderer/settings/ModelConnectionsSettingsPane.tsx","332","","模型路由与能力","Model routing and capabilities","模型连接与功能","Model connections and features","最终文字仍在源码"
"apps/desktop/src/renderer/settings/ModelConnectionsSettingsPane.tsx","333","","每个模型独立选择真实协议与认证；能力状态仍以当前渠道的运行证据为准。","Choose the actual protocol and authentication per model. Capability states still depend on runtime evidence from this channel.","为每个模型选择服务支持的请求格式和登录方式。功能是否可用以检测结果为准。","Choose the request format and authentication supported by the service for each model. Feature availability is based on checks of that connection.","最终文字仍在源码"
"apps/desktop/src/renderer/settings/ModelConnectionsSettingsPane.tsx","611","capability.tools","等待真实工具闭环探针。","","尚未检测工具调用功能。","Tool use has not been checked yet.","本轮后续已有调整；以入口清单最终值为准"
"apps/desktop/src/renderer/settings/ModelConnectionsSettingsPane.tsx","612","capability.imageInput","等待真实图片输入探针。","","尚未检测图片输入功能。","Image input has not been checked yet.","本轮后续已有调整；以入口清单最终值为准"
"apps/desktop/src/renderer/settings/ModelConnectionsSettingsPane.tsx","613","capability.streaming","等待真实流式输出探针。","","尚未检测逐步显示回复的功能。","Streaming responses have not been checked yet.","本轮后续已有调整；以入口清单最终值为准"
"apps/desktop/src/renderer/settings/ModelConnectionsSettingsPane.tsx","614","capability.usage","等待真实用量字段探针。","","尚未检测服务是否提供用量信息。","Usage reporting has not been checked yet.","本轮后续已有调整；以入口清单最终值为准"
"apps/desktop/src/renderer/settings/ModelConnectionsSettingsPane.tsx","651","zhModelCapabilityPendingReason","待 Zeus 根据渠道和模型档案自动识别。","","等待识别此服务中该模型支持的功能。","Waiting to identify the features this service supports for the model.","本轮后续已有调整；以入口清单最终值为准"
"apps/desktop/src/renderer/settings/ProjectModelsSettings.tsx","103","","可同时选择多个 Pi 模型；默认模型只负责预选，推送任务和会话仍可逐次切换。","Select multiple Pi models. The default only controls preselection; tasks and conversations can still switch per turn.","可选择多个模型供此项目使用。新任务和新对话会预选默认模型，你仍可随时改选。","Choose multiple models for this project. New tasks and conversations preselect the default model, and you can choose another.","最终文字仍在源码"
"apps/desktop/src/renderer/settings/TaskManagementStatusEditor.tsx","219","","这个状态承接现有任务行为。请选择接续该行为的替代状态。","This status carries existing task behavior. Choose a replacement for that behavior.","这个状态会触发特定的任务操作。请选择删除后承担这些操作的替代状态。","This status triggers specific task actions. Choose a replacement status to handle those actions after deletion.","最终文字仍在源码"
"apps/desktop/src/renderer/code/ProjectSourceWorkspace.tsx","112","ProjectSourceWorkspace.openFile","Electron 源码桥接未就绪。","Electron source bridge is unavailable.","Zeus 的文件编辑服务尚未连接。","Zeus has not connected to the file editing service yet.","最终文字仍在源码"
"apps/desktop/src/renderer/code/ProjectSourceWorkspace.tsx","197","ProjectSourceWorkspace","Electron 源码桥接未就绪。","Electron source bridge is unavailable.","Zeus 的文件编辑服务尚未连接。","Zeus has not connected to the file editing service yet.","最终文字仍在源码"
"apps/desktop/src/renderer/code/ProjectSourceWorkspace.tsx","544","ProjectSourceWorkspace","正在读取真实项目目录…","Loading the real project directory…","正在读取项目目录…","Loading the project folder…","最终文字仍在源码"
"apps/desktop/src/renderer/code/ProjectSourceWorkspace.tsx","647","ProjectSourceWorkspace","这里会显示和编辑当前项目中的真实源码。","The real source from this project will appear here.","打开文件后，可以在这里查看和编辑代码。","Open a file to view and edit its code here.","最终文字仍在源码"
"apps/desktop/src/renderer/git/ProjectGitWorkbench.tsx","247","","操作停在冲突现场","Operation stopped on conflicts","存在冲突，需要先处理","Conflicts need to be resolved","最终文字仍在源码"
"apps/desktop/src/renderer/git/ProjectGitWorkbench.tsx","308","","正在读取项目 Git 现场","Loading project Git state","正在读取项目的 Git 状态","Loading the project’s Git status","最终文字仍在源码"
"apps/desktop/src/renderer/git/ProjectGitWorkbench.tsx","309","","正在发现当前项目中的真实仓库。","Discovering real repositories in this project.","正在查找项目中的 Git 仓库。","Finding Git repositories in this project.","最终文字仍在源码"
"apps/desktop/src/renderer/git/ProjectGitWorkbench.tsx","330","","Zeus 只展示当前项目目录内实时发现的真实 Git 根。","Zeus only shows real Git roots discovered inside the current project.","请检查项目目录是否包含 Git 仓库，然后重新扫描。","Check that the project folder contains a Git repository, then scan again.","最终文字仍在源码"
"apps/desktop/src/renderer/git/ProjectGitWorkbench.tsx","607","quickActions.label","签出标签或 Revision…","Checkout Tag or Revision…","切换到标签或提交…","Switch to a tag or commit…","最终文字仍在源码"
"apps/desktop/src/renderer/git/ProjectGitWorkbench.tsx","819","","从全部项目仓库获取远端变化，并使用同一种策略更新各仓当前分支。脏仓会先 Smart Stash，完成后恢复。","Fetch every project repository and update each current branch with one strategy. Dirty repositories use Smart Stash and restore.","获取所有仓库的远端变化，并按所选方式更新当前分支。未提交的文件会先备份，更新后再恢复。","Fetch remote changes for all repositories and update their current branches using the selected method. Uncommitted files are backed up first and restored afterward.","最终文字仍在源码"
"apps/desktop/src/renderer/git/ProjectGitWorkbench.tsx","984","","签出标签或 Revision","Checkout tag or revision","切换到标签或提交","Switch to a tag or commit","最终文字仍在源码"
"apps/desktop/src/renderer/git/ProjectGitWorkbench.tsx","986","","签出标签或 Revision","Checkout Tag or Revision","切换到标签或提交","Switch to a tag or commit","最终文字仍在源码"
"apps/desktop/src/renderer/git/ProjectGitWorkbench.tsx","988","","签出后进入游离提交状态；顶部会持续显示标签或短提交号，并提供从当前位置新建分支。","Checkout enters detached HEAD. The toolbar keeps the tag or short commit visible and offers branch creation from that point.","切换后会停留在所选提交，不属于任何分支。如需继续修改，可以从这里新建分支。","After switching, you will be at the selected commit without being on a branch. Create a branch from there to continue making changes.","最终文字仍在源码"
"apps/desktop/src/renderer/git/ProjectGitWorkbench.tsx","1019","outcome","签出 Revision","Checkout revision","切换到所选提交","Switch to the selected commit","最终文字仍在源码"
"apps/desktop/src/renderer/git/ProjectGitWorkbench.tsx","1589","","暂存当前变更","Stash current changes","备份并移出当前修改","Back up and set aside current changes","最终文字仍在源码"
"apps/desktop/src/renderer/git/ProjectGitWorkbench.tsx","1621","","Shelf 会保存 Zeus 创建的项目级补丁；真实条目创建后会按仓库显示。","Shelf stores Zeus project patches and groups real entries by repository.","这里按仓库显示通过 Zeus 保存的修改补丁（Shelf）。","Patches saved through Zeus (Shelf) appear here, grouped by repository.","最终文字仍在源码"
"apps/desktop/src/renderer/git/ProjectGitWorkbench.tsx","1633","","这里只记录 Zeus 发起的受控 Git 动作，不提供命令输入。","Only controlled Git actions started by Zeus appear here. There is no command input.","这里显示通过 Zeus 执行的 Git 操作记录。","Git actions performed through Zeus appear here.","最终文字仍在源码"
"apps/desktop/src/renderer/git/ProjectGitWorkbench.tsx","1847","","签出标签或 Revision…","Checkout Tag or Revision…","切换到标签或提交…","Switch to a tag or commit…","最终文字仍在源码"
"apps/desktop/src/renderer/git/ProjectGitWorkbench.tsx","1879","","多个仓库会分别创建提交，不伪装成一个跨仓提交。","Each repository creates its own commit.","每个仓库会分别创建提交。","Each repository will receive a separate commit.","最终文字仍在源码"
"apps/desktop/src/renderer/git/ProjectGitWorkbench.tsx","1946","","结果按仓库保留，成功仓库不会回滚。","Results stay per repository; successful pushes are not rolled back.","每个仓库分别显示推送结果；某个仓库失败不会撤销其他仓库已完成的推送。","Push results are shown for each repository. A failed push does not undo successful pushes to other repositories.","最终文字仍在源码"
"apps/desktop/src/renderer/git/ProjectGitWorkbench.tsx","2021","","使用 --force-with-lease","Use --force-with-lease","强制推送（仅当远端未被他人更新）","Force push only if the remote has not changed","最终文字仍在源码"
"apps/desktop/src/renderer/task/TaskGitMergeModal.tsx","898","","活动会话不阻止代码交付","Active sessions do not block delivery","仍有会话可能继续修改代码","Conversations may still change the code","最终文字仍在源码"
"apps/desktop/src/renderer/task/TaskGitReviewModal.tsx","414","","只推送当前 HEAD。未提交和已暂存改动会原样保留在本机，不会自动提交、回收或合入。","Only the current HEAD will be pushed. Uncommitted and staged changes stay local and will not be committed, reclaimed, or merged.","只推送当前分支已提交的代码。未提交的修改仍留在本机，不会包含在本次推送中。","Only committed code on the current branch will be pushed. Uncommitted changes stay on this computer and are excluded from this push.","最终文字仍在源码"
"apps/desktop/src/renderer/task/TaskGitReviewModal.tsx","420","","活动会话不阻止 Git 操作","Active sessions do not block Git operations","仍有会话可能继续修改代码","Conversations may still change the code","最终文字仍在源码"
"apps/desktop/src/renderer/task/TaskGitReviewModal.tsx","544","","已推送 · worktree 已回收","Pushed · worktree reclaimed","已推送 · 独立工作目录已移除","Pushed · separate working folder removed","最终文字仍在源码"
"apps/desktop/src/renderer/task/TaskGitReviewModal.tsx","551","","工作区干净 · 远端受阻","Clean · remote unavailable","没有未提交修改 · 远端操作受阻","No uncommitted changes · remote action blocked","最终文字仍在源码"
"apps/desktop/src/renderer/task/TaskGitReviewModal.tsx","552","","工作区干净","Clean","没有未提交修改","No uncommitted changes","最终文字仍在源码"
"apps/desktop/src/renderer/task/TaskGitReviewModal.tsx","557","actionLabel","回收 worktree","reclaim the worktree","移除独立工作目录","Remove the separate working folder","最终文字仍在源码"
"apps/desktop/src/renderer/task/TaskModelPushModal.tsx","323","","当前任务还没有关联会话。先从当前任务创建一次会话；会话建立后，可在这里选择它作为本次推送的上下文。","This task has no associated conversations yet. Create a conversation from this task first, then select it here as context for a later push.","此任务还没有会话。创建会话后，可以在这里选择要提供给 AI 的历史对话。","This task has no conversations yet. After creating one, you can select past conversations here to share with the AI.","最终文字仍在源码"
"apps/desktop/src/renderer/task/TaskModelPushModal.tsx","601","title","登录 Zeus 专属 Codex","Sign in to Codex for Zeus","登录 Codex 以继续","Sign in to Codex to continue","最终文字仍在源码"
"apps/desktop/src/renderer/task/TaskModelPushModal.tsx","621","","Zeus 已验证专属账号，正在恢复刚才的推送设置并创建会话。","Zeus verified its dedicated account and is restoring your push settings to create the conversation.","登录成功，正在使用刚才的设置创建对话。","Signed in. Creating the conversation with your selected settings.","最终文字仍在源码"
"apps/desktop/src/renderer/task/TaskModelPushModal.tsx","625","","正在检查是否有可安全导入的 Codex App 配置；有可导入内容时会单独询问。","Checking for Codex App configuration that can be imported safely. If anything is available, Zeus will ask in a separate dialog.","正在检查可导入的 Codex App 设置，导入前会请你确认。","Checking for Codex App settings to import. You will be asked before importing.","最终文字仍在源码"
"apps/desktop/src/renderer/task/TaskModelPushModal.tsx","628","","官方登录页已在系统浏览器中打开。完成授权后无需点击网页中的其他产品按钮，Zeus 会自动回到前台并继续。","The official sign-in page is open in your system browser. After authorization, do not choose another product button there; Zeus will return to the foreground and continue automatically.","请在已打开的官方页面完成登录。登录成功后，Zeus 会自动继续。","Complete sign-in on the official page that opened. Zeus will continue automatically once you are signed in.","最终文字仍在源码"
"apps/desktop/src/renderer/task/TaskModelPushModal.tsx","684","","配置文件已经安全导入。Zeus 需要先启动新的 Codex 运行服务，才能保证本次新会话使用这些配置。","The configuration was imported safely. Zeus must start a fresh Codex runtime before this conversation can use it.","配置已导入，需要重新启动 Codex 服务后才能用于新对话。","Settings have been imported. The Codex service needs to restart before new conversations can use them.","最终文字仍在源码"
"apps/desktop/src/renderer/task/TaskModelPushModal.tsx","924","modal","直接使用项目目录，或创建、继续独立分支和 worktree","Use the project directory directly, or create and continue isolated branches and worktrees","直接修改项目文件，或使用独立分支与工作目录（worktree）","Edit project files directly, or use a separate branch and working folder (worktree)","最终文字仍在源码"
"apps/desktop/src/renderer/task/TaskModelPushModal.tsx","939","modal","不创建分支或隔离目录，修改直接写入真实项目","No branch or isolated directory; changes write to the real project","修改会直接写入项目文件","Changes are written directly to the project files","最终文字仍在源码"
"apps/desktop/src/renderer/task/TaskModelPushModal.tsx","964","modal","从下方来源分支创建新的独立开发线","Create a new isolated development line from the source branches below","从下方所选分支创建任务专用分支","Create a task branch from the source branch selected below","最终文字仍在源码"
"apps/desktop/src/renderer/task/TaskModelPushModal.tsx","981","modal","创建新会话，继续使用原 worktree 和分支","Create a new conversation in the original worktree and branches","创建新对话，继续使用原来的独立工作目录和分支","Start a new conversation using the existing separate working folder and branch","最终文字仍在源码"
"apps/desktop/src/renderer/task/TaskModelPushModal.tsx","997","modal","AI 将直接读写项目真实目录；现有文件和当前 Git 分支不会被隔离。","The agent writes directly to the real project directory; existing files and the current Git branch are not isolated.","AI 将直接修改此目录中的文件，影响当前项目和 Git 分支。","The AI will edit files directly in this folder, affecting the current project and Git branch.","最终文字仍在源码"
"apps/desktop/src/renderer/task/TaskModelPushModal.tsx","1014","modal","多仓任务会整体继续，保持原执行目录与可写根一致","Multi-repository tasks continue as one environment to preserve the execution root","多仓库任务会继续使用原来的全部工作目录","Tasks with multiple repositories will keep using all their original working folders","最终文字仍在源码"
"apps/desktop/src/renderer/task/TaskModelPushModal.tsx","1188","modal","该仓库没有远端，当前使用本地分支快照。默认不带入原工作区未提交内容。","","该仓库没有远端，将使用本地分支的代码。默认不包含未提交的修改。","This repository has no remote, so local branch code will be used. Uncommitted changes are excluded by default.","最终文字仍在源码"
"apps/desktop/src/renderer/task/TaskModelPushModal.tsx","1212","modal","显式带入当前项目目录中的未提交内容。","Explicitly copy uncommitted changes from the current project directory.","包含当前项目目录中尚未提交的修改。","Include uncommitted changes from the current project folder.","最终文字仍在源码"
"apps/desktop/src/renderer/task/TaskModelPushModal.tsx","1298","modal","已记住 Fast，但当前模型不再支持；本次将按 Standard 继续，偏好不会被自动改写。","Fast is remembered, but this model no longer supports it. This run will continue on Standard without changing the preference.","当前模型不支持 Fast，本次将使用标准速度。","The current model does not support Fast. This request will use standard speed.","最终文字仍在源码"
"apps/desktop/src/renderer/task/TaskModelPushModal.tsx","1336","modal","模型、推理强度、速度、工作模式与权限已由任务阶段冻结；如需调整，请返回任务详情修改尚未启动的阶段配置。","Model, effort, speed, work mode, and permissions are frozen by the task stage. Return to task details to edit an unstarted stage.","本次使用任务阶段中设定的模型、速度和权限。若需调整，请返回任务详情修改尚未启动的阶段。","This run uses the model, speed, and permissions set for the task stage. To change them, return to the task details and edit a stage that has not started.","最终文字仍在源码"
"apps/desktop/src/renderer/task/TaskModelPushModal.tsx","1389","modal","正在连接运行内核并读取可用模型…","Connecting to the runtime and loading models…","正在连接 AI 服务并读取可用模型…","Connecting to the AI service and loading available models…","最终文字仍在源码"
"apps/desktop/src/renderer/task/TaskModelPushModal.tsx","1399","modal","需要先登录 Zeus 专属 Codex；当前推送设置会完整保留。","Sign in to Codex for Zeus first; the current push settings will be preserved.","尚未登录 Codex。请登录后继续创建对话。","Codex is not signed in. Sign in to continue creating the conversation.","最终文字仍在源码"
"apps/desktop/src/renderer/features/digital-employees/AgentExecutionConfigFields.tsx","106","","服务速率","Service tier","处理速度","Processing speed","最终文字仍在源码"
"apps/desktop/src/renderer/features/digital-employees/AgentExecutionConfigFields.tsx","109","","选择服务速率","Choose service tier","选择处理速度","Select processing speed","最终文字仍在源码"
"apps/desktop/src/renderer/features/digital-employees/DigitalEmployeeTemplatesSettings.tsx","116","","维护可复用的岗位基线。模板不会获得任何项目访问权；分配到项目后才形成独立员工配置。","Maintain reusable role baselines. Templates gain no project access until assigned as a project employee.","保存可重复使用的岗位和工作要求。将模板添加到项目后，再为该员工设置项目权限。","Save reusable roles and work instructions. Add a template to a project, then configure that employee’s project permissions.","最终文字仍在源码"
"apps/desktop/src/renderer/features/digital-employees/DigitalEmployeeTemplatesSettings.tsx","182","","内置模板是只读基线；可将它分配到项目后覆盖。","Built-in templates are read-only baselines. Override them after project assignment.","内置模板不能直接修改。添加到项目后，可以调整该员工的配置。","Built-in templates cannot be edited directly. Add one to a project to customize that employee’s settings.","最终文字仍在源码"
"apps/desktop/src/renderer/features/digital-employees/DigitalEmployeeTemplatesSettings.tsx","185","","模板更新不会静默覆盖现有项目员工。","Template changes never silently overwrite existing project employees.","更新模板不会改变已添加到项目的员工配置。","Updating a template does not change employees already added to projects.","最终文字仍在源码"
"apps/desktop/src/renderer/features/digital-employees/DigitalEmployeeTemplatesSettings.tsx","240","","Agent 基础配置","Agent configuration","AI 工作配置","AI work settings","最终文字仍在源码"
"apps/desktop/src/renderer/features/digital-employees/ProjectDigitalEmployeesPanel.tsx","285","","员工只在当前项目内工作。配置变更不会影响已经开始的执行；每次执行固定员工与授权快照。","Employees work only in this project. Running executions keep an immutable employee and grant snapshot.","员工在当前项目中工作。修改配置只影响之后启动的工作，正在执行的工作继续使用原配置和权限。","Employees work in this project. Settings changes apply to new work; ongoing work keeps its original configuration and permissions.","最终文字仍在源码"
"apps/desktop/src/renderer/features/digital-employees/ProjectDigitalEmployeesPanel.tsx","354","","岗位、领域、Skill、提示词、找活策略和交付权限都属于项目副本。","Role, domain, skills, prompt, work policy, and delivery grants belong to the project copy.","在此设置员工的岗位、技能、工作要求、任务选择方式和交付权限。设置只用于当前项目。","Set the employee’s role, skills, instructions, task selection, and delivery permissions for this project.","最终文字仍在源码"
"apps/desktop/src/renderer/features/digital-employees/ProjectDigitalEmployeesPanel.tsx","421","","排队、会话、等待与交付保持独立状态。","Queueing, conversation work, waiting, and delivery remain separate states.","查看员工每次工作的进展和交付结果。","View progress and deliverables from each employee run.","最终文字仍在源码"
"apps/desktop/src/renderer/features/digital-employees/ProjectDigitalEmployeesPanel.tsx","506","","数字员工始终通过 Agent 会话工作；执行命令是运行能力，由权限模式统一约束。","Digital employees always work through an Agent conversation. Command execution is a runtime capability governed by the permission mode.","员工通过 AI 对话完成工作，执行命令时遵循你设置的权限。","Employees work through AI conversations and follow your permissions when running commands.","最终文字仍在源码"
"apps/desktop/src/renderer/features/digital-employees/ProjectDigitalEmployeesPanel.tsx","532","","允许执行项目已具备的检查；不会创建单元测试体系。","Allows existing project checks without creating a unit-test system.","允许员工运行项目已有的检查。","Allow the employee to run the project’s existing checks.","最终文字仍在源码"
"apps/desktop/src/renderer/features/digital-employees/ProjectDigitalEmployeesPanel.tsx","537","","执行命令不是员工类型。Agent 是否可执行命令及其可写范围，由上方权限模式和 Zeus 运行时审批共同决定。","Command execution is not an employee type. The permission mode and Zeus runtime approvals determine whether the Agent may run commands and what they may change.","能否执行命令、修改哪些文件，取决于上方权限设置和操作时的授权。","Command execution and file access depend on the permissions above and approvals granted during work.","最终文字仍在源码"
"apps/desktop/src/renderer/features/digital-employees/ProjectDigitalEmployeesPanel.tsx","545","","允许显式提交动作；不会自动提交。","Allows an explicit commit action; never commits automatically.","允许在你发起提交操作时创建 Git 提交。","Allow Git commits when you request a commit action.","最终文字仍在源码"
"apps/desktop/src/renderer/features/digital-employees/ProjectDigitalEmployeesPanel.tsx","551","","允许显式推送动作；必须由管理动作或未来流程节点触发。","Allows an explicit push action from a manager command or future workflow node.","允许在你发起推送操作时上传已提交代码。","Allow committed code to be uploaded when you request a push action.","最终文字仍在源码"
"apps/desktop/src/renderer/features/digital-employees/ProjectDigitalEmployeesPanel.tsx","557","","允许显式合入动作；冲突即停止。","Allows an explicit merge action and stops on conflicts.","允许在你发起合入操作时合并代码，遇到冲突会停止。","Allow code merges when you request them. Merging stops if there are conflicts.","最终文字仍在源码"
"apps/desktop/src/renderer/features/digital-employees/ProjectDigitalEmployeesPanel.tsx","563","","允许显式部署动作；Agent 完成不会自动部署。","Allows an explicit deploy action; Agent completion does not deploy.","允许在你发起部署操作时部署项目，员工完成工作不会自动部署。","Allow deployment when you request it. Finishing the employee’s work does not deploy automatically.","最终文字仍在源码"
"apps/desktop/src/renderer/features/digital-employees/ProjectDigitalEmployeesPanel.tsx","569","","允许显式完结动作；交付物仍需管理者验收。","Allows explicit task completion; deliverables still require manager acceptance.","允许执行结束任务的操作，交付物仍需由你验收。","Allow task completion actions. Deliverables still require your acceptance.","最终文字仍在源码"
"apps/desktop/src/renderer/features/digital-employees/ProjectDigitalEmployeesPanel.tsx","585","","这是 Agent 可显式调用的项目能力，不改变员工身份，也不会自动执行。","This is a project capability the Agent may invoke explicitly. It does not change the employee identity or run automatically.","此命令可供员工在获得授权后使用，不会因保存配置而执行。","The employee can use this command after approval. Saving these settings does not run it.","最终文字仍在源码"
"apps/desktop/src/renderer/features/digital-employees/ProjectDigitalEmployeesPanel.tsx","594","","自动化只决定何时为数字员工创建工作项，不会绕过员工权限或静默执行部署命令。","Automation only decides when to create work for the employee; it never bypasses employee permissions or silently runs deployment commands.","自动化按规则为员工安排工作，仍需遵守员工权限和部署授权。","Automations assign work according to rules and still follow the employee’s permissions and deployment approvals.","最终文字仍在源码"
"apps/desktop/src/renderer/features/digital-employees/ProjectDigitalEmployeesPanel.tsx","651","","每条规则独立启停并按稳定事件身份去重。","Each rule is independently enabled and deduplicated by stable event identity.","每条规则可单独启用或停用，同一事件不会重复触发工作。","Enable or disable each rule separately. The same event will not trigger duplicate work.","最终文字仍在源码"
"apps/desktop/src/renderer/features/digital-employees/TaskDigitalEmployeePanel.tsx","190","","每个工作项是一份独立工作责任。","Each item is an independent responsibility.","每个工作项对应一次单独指派的工作。","Each work item represents a separately assigned piece of work.","最终文字仍在源码"
"apps/desktop/src/renderer/features/digital-employees/TaskDigitalEmployeePanel.tsx","200","","版本化保留，会话结束不等于验收。","Versioned; conversation completion is not acceptance.","保留各次交付的内容，供你检查并确认验收。","Keep each delivery for you to review and accept.","最终文字仍在源码"
"apps/desktop/src/renderer/features/digital-employees/TaskDigitalEmployeePanel.tsx","246","","按冻结配置执行当前任务。","Runs from its frozen configuration.","使用启动时确认的配置执行此任务。","Run this task with the settings confirmed at the start.","最终文字仍在源码"
"apps/desktop/src/renderer/features/digital-employees/TaskDigitalEmployeePanel.tsx","339","","每个版本独立保留验收状态和内容哈希","Every version keeps its acceptance state and content hash","查看每次交付的内容与验收状态","View the content and acceptance status of each delivery","最终文字仍在源码"
"apps/desktop/src/renderer/features/digital-employees/TaskDigitalEmployeePanel.tsx","364","","会话、命令日志与历史执行的审计引用","Audit references for conversations, command logs, and legacy runs","查看相关对话、命令日志和历史运行","View related conversations, command logs, and past runs","最终文字仍在源码"
"apps/desktop/src/renderer/features/digital-employees/TaskDigitalEmployeePanel.tsx","597","","本次运行未启动，请查看页面错误并刷新后重试。","This run did not start. Review the error and refresh.","本次运行未能启动，请查看页面上的具体原因。","This run could not start. See the specific cause on this page.","最终文字仍在源码"
"apps/desktop/src/renderer/features/digital-employees/TaskDigitalEmployeePanel.tsx","606","","修改只冻结到本次运行，不回写员工或系统模板。","Changes are frozen into this run and do not update the employee or template.","修改只用于本次工作，不改变员工或模板的默认设置。","Changes apply only to this run and do not change employee or template defaults.","最终文字仍在源码"
"apps/desktop/src/renderer/features/digital-employees/TaskDigitalEmployeePanel.tsx","670","","代码现场","Code workspace","代码工作目录","Code working folder","最终文字仍在源码"
"apps/desktop/src/renderer/features/digital-employees/TaskDigitalEmployeePanel.tsx","684","","继续已登记任务环境，或把未占用的本地任务分支登记为隔离 worktree","Continue a managed environment or register an available local task branch as an isolated worktree","使用已有任务目录，或为未被使用的本地分支创建独立工作目录","Use an existing task folder, or create a separate working folder for an unused local branch","最终文字仍在源码"
"apps/desktop/src/renderer/features/digital-employees/TaskDigitalEmployeePanel.tsx","691","","新建一条独立执行线，不共享已有员工的代码现场","Create an independent execution line without sharing an existing workspace","创建新的分支和工作目录，与其他员工分别修改代码","Create a new branch and working folder to edit code separately from other employees","最终文字仍在源码"
"apps/desktop/src/renderer/features/digital-employees/TaskDigitalEmployeePanel.tsx","735","","启动时登记到新的隔离 worktree","Registered in a new isolated worktree at startup","启动时创建独立工作目录","Create a separate working folder at startup","最终文字仍在源码"
"apps/desktop/src/renderer/features/digital-employees/TaskDigitalEmployeePanel.tsx","772","","冻结后的有效配置","Frozen effective configuration","本次使用的配置","Settings for this run","最终文字仍在源码"
"apps/desktop/src/renderer/features/digital-employees/TaskDigitalEmployeePanel.tsx","779","","模型与运行内核","Model and runtime","模型与 AI 服务","Model and AI service","最终文字仍在源码"
"apps/desktop/src/renderer/features/digital-employees/TaskDigitalEmployeePanel.tsx","797","","代码现场","Code workspace","代码工作目录","Code working folder","最终文字仍在源码"
"apps/desktop/src/renderer/features/digital-employees/TaskDigitalEmployeePanel.tsx","806","","正在自动刷新权威预览…","Refreshing authoritative preview…","正在更新运行配置预览…","Updating the run settings preview…","最终文字仍在源码"
"apps/desktop/src/renderer/features/digital-employees/TaskDigitalEmployeePanel.tsx","884","reason","已在其他 worktree 检出","checked out in another worktree","已在其他工作目录使用","In use in another working folder","最终文字仍在源码"
"apps/desktop/src/renderer/features/digital-employees/TaskDigitalEmployeePanel.tsx","1106","","请先核对命令日志和外部现场，再确认成功或失败；任一处置都不会自动重发。","Check command logs and external state, then mark success or failure. Neither action resends the command.","Zeus 无法确定命令是否执行成功。请检查命令日志和目标应用的实际结果，再确认成功或失败。确认不会再次执行命令。","Zeus cannot determine whether the command succeeded. Check the command logs and the result in the target app before confirming success or failure. Confirmation will not run the command again.","最终文字仍在源码"
"apps/desktop/src/renderer/features/digital-employees/TaskDigitalEmployeePanel.tsx","1113","","命令已明确失败。查看命令证据后可创建一次全新的显式尝试；Zeus 不会复用敏感参数或自动重发。","The command failed. After checking evidence, create a new explicit attempt; Zeus will not reuse sensitive parameters or resend automatically.","命令已失败。请先查看日志并解决原因，再创建新的尝试；敏感参数需要重新填写。","The command failed. Review the logs and address the cause before starting a new attempt. Sensitive parameters must be entered again.","最终文字仍在源码"
"apps/desktop/src/renderer/features/digital-employees/digitalEmployeeUiSupport.ts","230","zh.dispatching","正在派发","","正在启动","Starting","最终文字仍在源码"
"apps/desktop/src/renderer/features/workspace/workspaceCopy.ts","312","languageCopy.zh-CN.taskWorkspace.taskCreatePreviewLoadFailed","读取图片失败，文件可能已移动、损坏或暂时不可用。","Unable to read the image. The file may have moved, be damaged, or be temporarily unavailable.","无法读取这张图片，具体原因尚未确定。","This image could not be loaded, and the cause is not yet known.","最终文字仍在源码"
"apps/desktop/src/renderer/features/workspace/workspaceCopy.ts","377","languageCopy.zh-CN.taskWorkspace.previewLoadFailedLabel","读取图片失败，文件可能已移动、损坏或暂时不可用。","Unable to read the image. The file may have moved, be damaged, or be temporarily unavailable.","无法读取这张图片，具体原因尚未确定。","This image could not be loaded, and the cause is not yet known.","最终文字仍在源码"
"apps/desktop/src/renderer/task/TaskBoardView.tsx","755","","首张真实图片附件","First image attachment","第一张图片附件","First image attachment","最终文字仍在源码"
"apps/desktop/src/renderer/task/TaskDetailPaneContent.tsx","283","previewUnavailable","无法读取图片预览。文件可能不是受支持的图片，或不在 Zeus 受信目录。","","无法显示这张图片的预览，具体原因尚未确定。可尝试在外部应用中打开文件。","This image preview cannot be displayed, and the cause is not yet known. Try opening the file in an external app.","本轮后续已有调整；以入口清单最终值为准"
"apps/desktop/src/renderer/task/TaskDetailPaneContent.tsx","284","previewLoadFailed","读取图片失败，文件可能已移动、损坏或暂时不可用。","","无法读取这张图片，具体原因尚未确定。","This image could not be loaded, and the cause is not yet known.","本轮后续已有调整；以入口清单最终值为准"
"apps/desktop/src/renderer/task/TaskDetailPaneContent.tsx","773","","无法读取或保存粘贴附件，请重试。","The pasted attachment could not be read or saved. Try again.","无法添加粘贴的附件。请使用“添加附件”选择文件。","The pasted attachment could not be added. Use Add attachment to select the file.","最终文字仍在源码"
"apps/desktop/src/renderer/task/TaskWorkflowSection.tsx","175","","每个阶段使用独立会话和模型；正式交付物按版本沉淀，并作为下一阶段的已验收输入。","Each stage gets its own conversation and model. Versioned deliverables become the accepted inputs of the next stage.","每个阶段使用独立对话和模型。交付物验收后，会提供给下一阶段使用。","Each stage uses a separate conversation and model. Accepted deliverables are passed to the next stage.","最终文字仍在源码"
"apps/desktop/src/renderer/task/TaskWorkflowSection.tsx","405","","沉淀最新回复","Capture latest reply","将最新回复作为交付物","Use the latest reply as a deliverable","最终文字仍在源码"
"apps/desktop/src/renderer/task/taskWorkspaceModel.ts","638","","未启动 Runtime 会话","","尚未开始运行","Not started","本轮后续已有调整；以入口清单最终值为准"
"apps/desktop/src/renderer/task/taskWorkspaceModel.ts","645","defaultLabels.orphan_detected","孤儿进程","","进程仍在运行，连接已丢失","Process still running; connection lost","本轮后续已有调整；以入口清单最终值为准"
"apps/desktop/src/renderer/task/taskWorkspaceModel.ts","828","sourceLabels.runtime_session","Runtime 会话","","运行会话","Run session","本轮后续已有调整；以入口清单最终值为准"
"apps/desktop/src/renderer/CommandCenterPanel.tsx","670","","维护可在任意当前项目根目录执行的用户脚本。Zeus 不注入默认命令。","Maintain user scripts that run in the selected project root. Zeus seeds no defaults.","添加你自己的命令脚本，可在各项目目录中运行。","Add your own command scripts to run in project folders.","最终文字仍在源码"
"apps/desktop/src/renderer/CommandCenterPanel.tsx","888","","Zeus 正在重连，恢复后会自动追平日志与最终状态。","Zeus is reconnecting and will automatically catch up logs and the final state.","正在重新连接，连接恢复后会更新日志和命令状态。","Reconnecting. Logs and command status will update when the connection returns.","最终文字仍在源码"
"apps/desktop/src/renderer/CommandCenterPanel.tsx","972","","命令在目标项目根目录中通过 sh -lc 执行。","Commands run through sh -lc in the target project root.","命令会在目标项目目录中执行，使用系统命令解释器（sh -lc）。","Commands run in the target project folder using the system shell (sh -lc).","最终文字仍在源码"
"apps/desktop/src/renderer/CommandCenterPanel.tsx","1016","","声明式参数","Declarative parameters","运行参数","Run parameters","最终文字仍在源码"
"apps/desktop/src/renderer/CommandCenterPanel.tsx","1136","","允许任务请求当前项目的 Shell 能力。","Allow tasks to request Shell access for this project.","允许任务在当前项目中执行终端命令。","Allow tasks to run terminal commands in this project.","最终文字仍在源码"
"apps/desktop/src/renderer/features/graph/CodeMapView.tsx","91","graphWorkbenchCopy.structure","真实结构","Real structure","代码结构","Code structure","最终文字仍在源码"
"apps/desktop/src/renderer/features/graph/CodeMapView.tsx","106","graphWorkbenchCopy.focusOne","一跳","1 hop","直接关联","Direct relationships","最终文字仍在源码"
"apps/desktop/src/renderer/features/graph/CodeMapView.tsx","107","graphWorkbenchCopy.focusTwo","两跳","2 hops","间接关联","Indirect relationships","最终文字仍在源码"
"apps/desktop/src/renderer/features/graph/CodeMapView.tsx","111","graphWorkbenchCopy.drilldownFailed","节点关系图生成失败，请重试","Failed to build the node graph. Try again.","无法生成关联图，请查看错误详情","The relationship graph could not be generated. See the error details","最终文字仍在源码"
"apps/desktop/src/renderer/features/graph/CodeMapView.tsx","112","graphWorkbenchCopy.drilldownDepth","邻域深度","Neighborhood depth","关联层级","Relationship depth","最终文字仍在源码"
"apps/desktop/src/renderer/features/graph/CodeMapView.tsx","113","graphWorkbenchCopy.drilldownOne","一跳图","1-hop graph","直接关联图","Direct relationship graph","最终文字仍在源码"
"apps/desktop/src/renderer/features/graph/CodeMapView.tsx","114","graphWorkbenchCopy.drilldownTwo","两跳图","2-hop graph","间接关联图","Indirect relationship graph","最终文字仍在源码"
"apps/desktop/src/renderer/features/graph/CodeMapView.tsx","125","graphWorkbenchCopy.staticStructure","静态扫描结构 · 非运行时轨迹","Static scan structure · not a runtime trace","根据代码分析生成，不代表实际运行顺序","Generated from code analysis; does not show the actual execution order","最终文字仍在源码"
"apps/desktop/src/renderer/features/integrations/integrationContracts.ts","3","","已安全保存","","已配置","Configured","本轮后续已有调整；以入口清单最终值为准"
"apps/desktop/src/renderer/features/workspace/WorkspaceView.tsx","554","","源码修改尚未保存","Source changes are not saved","代码修改尚未保存","Code changes have not been saved","最终文字仍在源码"
"apps/desktop/src/renderer/features/workspace/WorkspaceView.tsx","557","","离开代码页、切换项目或退出应用前，请保存全部文件、放弃草稿，或取消本次操作。切换图谱和命令不会触发此提示。","Before leaving the code page, switching projects, or quitting, save all files, discard drafts, or cancel. Switching Graph or Commands keeps the drafts.","离开后，未保存的代码修改会丢失。请保存全部文件、放弃修改，或取消离开。","Unsaved code changes will be lost when you leave. Save all files, discard changes, or stay on this page.","最终文字仍在源码"
"apps/desktop/src/renderer/features/workspace/WorkspaceView.tsx","1777","","其他枚举升序规则","Other enum ascending order","其他字段的排序规则","Sort order for other fields","最终文字仍在源码"
"apps/desktop/src/renderer/features/workspace/WorkspaceView.tsx","1800","","Coding Agent 运行阶段顺序","Coding Agent runtime stage order","AI 工作状态的排序","AI work status order","最终文字仍在源码"
"apps/desktop/src/renderer/features/workspace/useWorkspaceDomainActions.tsx","524","synchronizeActiveProjectConversationStatus","会话状态权威快照校准失败，将自动重试。","","暂时无法读取最新会话状态，正在重新连接。","The latest conversation status is unavailable. Reconnecting.","本轮后续已有调整；以入口清单最终值为准"
"apps/desktop/src/renderer/features/workspace/useWorkspaceDomainActions.tsx","2449","","Codex app-server 客户端不可用。","Codex app-server client is unavailable.","无法连接 Codex 服务。","The Codex service connection is unavailable.","最终文字仍在源码"
"apps/desktop/src/renderer/features/workspace/useWorkspaceDomainActions.tsx","2794","message","登录等待超时，当前配置已保留。请重新点击“登录并继续”。","Sign-in timed out. Your configuration was preserved; choose “Sign in and continue” to try again.","登录未在限定时间内完成。请点击“登录并继续”重新登录。","Sign-in did not finish in time. Select Sign in and continue to sign in again.","最终文字仍在源码"
"apps/desktop/src/renderer/features/workspace/useWorkspaceDomainActions.tsx","2958","","Codex app-server 客户端不可用。","Codex app-server client is unavailable.","无法连接 Codex 服务。","The Codex service connection is unavailable.","最终文字仍在源码"
"apps/desktop/src/renderer/features/workspace/useWorkspaceDomainActions.tsx","2987","","会话已被服务端接受，但 Provider 尚未建立，当前状态不能安全自动重试。","The conversation was accepted, but the provider was not established and the current state cannot be retried safely.","对话还未连接到 AI 服务。为避免重复创建，Zeus 已暂停再次尝试。","The conversation has not connected to the AI service. Zeus has paused further attempts to avoid creating duplicates.","最终文字仍在源码"
"apps/desktop/src/renderer/features/workspace/useWorkspaceDomainActions.tsx","2997","","直接目录已恢复，但 Provider 线程仍未建立。","The direct directory was restored, but the provider thread is still unavailable.","工作目录已可用，但对话仍未连接到 AI 服务。","The working folder is available, but the conversation has not connected to the AI service.","最终文字仍在源码"
"apps/desktop/src/renderer/features/workspace/useWorkspaceDomainActions.tsx","3052","message","任务上下文已变化。当前内容已保留，请重新确认有效的上下文后重试。","Task context changed. Your content is preserved; review the valid context before retrying.","所选任务或关联内容已更新。请检查最新内容后再创建对话。","The selected task or related content has changed. Review the latest content before creating the conversation.","最终文字仍在源码"
"apps/desktop/src/renderer/features/workspace/useWorkspaceOperations.tsx","2150","","找不到已验收实施交付物对应的真实会话。","The accepted implementation deliverable has no source conversation.","找不到已验收交付物所属的对话。","The conversation associated with the accepted deliverable could not be found.","最终文字仍在源码"
"apps/desktop/src/renderer/features/workspace/workspaceFormatters.ts","188","riskTagLabels.zh-CN.schema_drift","Schema 漂移","Schema drift","数据结构已变化","Data structure changed","最终文字仍在源码"
"apps/desktop/src/renderer/features/workspace/workspaceFormatters.ts","189","riskTagLabels.zh-CN.orphan_detected","孤儿会话","Orphan detected","运行连接已丢失","Run connection lost","最终文字仍在源码"
"apps/desktop/src/renderer/features/workspace/workspaceSupport.tsx","499","content","实时会话仅显示最近约 4MB Runtime 输出；完整历史请查看 Runtime 日志。","","这里只显示最近约 4 MB 的运行输出。完整内容可在运行日志中查看。","Only the most recent 4 MB of output appears here. See the run logs for the complete history.","本轮后续已有调整；以入口清单最终值为准"
"packages/local-server/src/imTelegramService.ts","237","","跟随 Zeus 默认","","使用 Zeus 默认配置","Use Zeus defaults","最终文字仍在源码"
"packages/local-server/src/imTelegramService.ts","412","","Zeus 本次结果、交互或附件回传失败，请查看桌面端连接日志。","","无法将本次结果或附件发送到 Telegram。请在 Zeus 桌面端查看详情。","The result or attachment could not be sent to Telegram. See the details in the Zeus desktop app.","最终文字仍在源码"
"packages/local-server/src/imTelegramService.ts","456","","任务状态通知：${notification.title}","","任务状态：${notification.title}","Task status: ${notification.title}","最终文字仍在源码"
"packages/local-server/src/imTelegramService.ts","474","","${takeCodePoints(item.text, 3_200)}\n\n完整回复较长，已附上 Markdown 文件。","","${takeCodePoints(item.text, 3_200)}\n\n完整回复见随附的 Markdown 文件。","${takeCodePoints(item.text, 3_200)}\n\nThe full response is in the attached Markdown file.","最终文字仍在源码"
"packages/local-server/src/imTelegramService.ts","484","","${item.resourceFailures} 个会话资源未通过文件身份、授权根或大小校验，已失败关闭；请回到 Zeus 桌面端查看。","","${item.resourceFailures} 个附件因文件校验、访问权限或大小限制无法发送。请在 Zeus 桌面端查看详情。","${item.resourceFailures} attachments could not be sent because of file validation, access permissions, or size limits. See the details in the Zeus desktop app.","最终文字仍在源码"
"packages/local-server/src/imTelegramService.ts","508","","问题结构无法安全解析，请回到 Zeus 桌面端处理。","","Telegram 无法显示这个问题。请在 Zeus 桌面端回答。","This question cannot be displayed in Telegram. Answer it in the Zeus desktop app.","最终文字仍在源码"
"packages/local-server/src/imTelegramService.ts","512","","该输入包含敏感问题，Telegram 不接收答案，请回到 Zeus 桌面端处理。","","这个问题涉及敏感信息，请在 Zeus 桌面端回答，不要发送到 Telegram。","This question involves sensitive information. Answer it in the Zeus desktop app instead of sending it to Telegram.","最终文字仍在源码"
"packages/local-server/src/imTelegramService.ts","528","","远程审批未开启，请回到 Zeus 桌面端处理。","","尚未开启远程授权，请在 Zeus 桌面端处理此请求。","Remote approvals are disabled. Handle this request in the Zeus desktop app.","最终文字仍在源码"
"packages/local-server/src/imTelegramService.ts","535","","批准一次","","允许一次","Allow once","最终文字仍在源码"
"packages/local-server/src/imTelegramService.ts","537","","拒绝","","拒绝","Decline","最终文字仍在源码"
"packages/local-server/src/imTelegramService.ts","538","","\n\n此类请求在 Telegram 仅提供失败关闭的拒绝操作；批准请回桌面端。","","\n\nTelegram 暂不支持允许这种请求。若要允许，请在 Zeus 桌面端处理。","\n\nTelegram does not support approving this type of request. To approve it, use the Zeus desktop app.","最终文字仍在源码"
"packages/local-server/src/imTelegramService.ts","539","","Zeus 等待 ${request.requestKind} 审批：\n${detail}${limitation}","","Zeus 等待你允许或拒绝以下操作：\n${detail}${limitation}","Zeus is waiting for you to approve or decline this action:\n${detail}${limitation}","最终文字仍在源码"
"packages/local-server/src/imTelegramService.ts","561","","请直接回复自定义文本。","","请直接回复你的答案。","Reply with your answer.","最终文字仍在源码"
"packages/local-server/src/imTelegramService.ts","568","","其他（自定义输入）","","填写其他答案","Enter another answer","最终文字仍在源码"
"packages/local-server/src/imTelegramService.ts","569","","完成本题","","提交此题答案","Submit this answer","最终文字仍在源码"
"packages/local-server/src/imTelegramService.ts","569","","请至少选择一项","","请至少选择一项","Select at least one option","最终文字仍在源码"
"packages/local-server/src/imTelegramService.ts","584","","Zeus 有一项待处理请求。${reason}","","Zeus 需要你处理一个请求。${reason}","Zeus needs your attention on a request. ${reason}","最终文字仍在源码"
"packages/local-server/src/imTelegramService.ts","594","","实施计划","","实施计划","Implement the plan","最终文字仍在源码"
"packages/local-server/src/imTelegramService.ts","595","","提出修改","","提出修改","Request changes","最终文字仍在源码"
"packages/local-server/src/imTelegramService.ts","596","","暂不实施","","暂不实施","Do not implement yet","最终文字仍在源码"
"packages/local-server/src/imTelegramService.ts","598","","Agent 已提交实施计划，请选择后续操作。","","AI 已完成计划，请选择实施或提出修改。","The AI has prepared a plan. Choose to implement it or request changes.","最终文字仍在源码"
"packages/local-server/src/imTelegramService.ts","613","","已提交回答。","","回答已发送。","Answer sent.","最终文字仍在源码"
"packages/local-server/src/imTelegramService.ts","721","","请只在该 Bot 的一对一私聊中完成配对。","","请在与此机器人的一对一私聊中完成配对。","Complete pairing in a one-to-one private chat with this bot.","最终文字仍在源码"
"packages/local-server/src/imTelegramService.ts","725","","该 Bot 已绑定其他私聊用户；请回到 Zeus 桌面端重新配对。","","此机器人已与其他用户配对。请在 Zeus 桌面端重新配对。","This bot is paired with another user. Pair it again in the Zeus desktop app.","最终文字仍在源码"
"packages/local-server/src/imTelegramService.ts","747","","已安全绑定，可以开始使用。","","配对完成，可以发送消息了。","Pairing complete. You can send a message now.","最终文字仍在源码"
"packages/local-server/src/imTelegramService.ts","798","","已切换到新会话。请发送第一条消息。","","已切换到新对话，请发送消息。","Switched to a new conversation. Send a message to begin.","最终文字仍在源码"
"packages/local-server/src/imTelegramService.ts","816","","已请求中断当前轮次。","","正在停止当前处理。","Stopping the current work.","最终文字仍在源码"
"packages/local-server/src/imTelegramService.ts","816","","当前会话没有可中断的运行轮次。","","当前对话没有正在处理的请求。","This conversation has no active requests to stop.","最终文字仍在源码"
"packages/local-server/src/imTelegramService.ts","822","","已请求恢复当前会话。","","正在检查并恢复对话。","Checking and restoring the conversation.","最终文字仍在源码"
"packages/local-server/src/imTelegramService.ts","822","","当前会话没有需要恢复的队列。","","当前对话没有需要恢复的消息。","This conversation has no messages that need recovery.","最终文字仍在源码"
"packages/local-server/src/imTelegramService.ts","900","","任务已创建。","","任务已创建。","Task created.","最终文字仍在源码"
"packages/local-server/src/imTelegramService.ts","915","","${pending.field === 'title' ? '标题' : '描述'}已更新。","","${pending.field === 'title' ? '标题' : '描述'}已更新。","${pending.field === 'title' ? 'Title' : 'Description'} updated.","最终文字仍在源码"
"packages/local-server/src/imTelegramService.ts","925","","已提交计划修改意见。","","修改意见已发送。","Requested changes sent.","最终文字仍在源码"
"packages/local-server/src/imTelegramService.ts","951","","已创建新会话并提交消息。结果会继续回传到此私聊。","","AI 将在新对话中处理你的消息，结果会发送到这里。","The AI will process your message in a new conversation and send the result here.","最终文字仍在源码"
"packages/local-server/src/imTelegramService.ts","963","","已追加到当前轮次。","","已将补充内容发送给正在处理的 AI。","Additional instructions sent to the AI working on the current request.","最终文字仍在源码"
"packages/local-server/src/imTelegramService.ts","963","","消息已进入 Zeus 耐久队列。","","消息正在等待处理。","The message is waiting to be processed.","最终文字仍在源码"
"packages/local-server/src/imTelegramService.ts","974","","当前项目还没有会话。发送普通消息即可创建。","","此项目还没有对话，发送消息即可开始。","This project has no conversations yet. Send a message to start one.","最终文字仍在源码"
"packages/local-server/src/imTelegramService.ts","979","","${conversation.id === currentConversationId ? '当前 · ' : ''}${compactConversationTitle(conversation.title)}${conversation.taskId ? ' · 任务' : ' · 项目'}","","${conversation.id === currentConversationId ? '当前 · ' : ''}${compactConversationTitle(conversation.title)}${conversation.taskId ? ' · 任务' : ' · 项目'}","${conversation.id === currentConversationId ? 'Current · ' : ''}${compactConversationTitle(conversation.title)}${conversation.taskId ? ' · Task' : ' · Project'}","本轮后续已有调整；以入口清单最终值为准"
"packages/local-server/src/imTelegramService.ts","983","","选择要继续的项目会话：","","选择要继续的对话：","Select a conversation to continue:","最终文字仍在源码"
"packages/local-server/src/imTelegramService.ts","994","","Zeus 已连接","","Zeus 已连接","Zeus connected","最终文字仍在源码"
"packages/local-server/src/imTelegramService.ts","995","","项目：${projectName}","","项目：${projectName}","Project: ${projectName}","最终文字仍在源码"
"packages/local-server/src/imTelegramService.ts","996","","当前会话：${conversation?.title ?? '尚未开始'}","","当前对话：${conversation?.title ?? '尚未开始'}","Current conversation: ${conversation?.title ?? 'Not started'}","最终文字仍在源码"
"packages/local-server/src/imTelegramService.ts","997","","任务上下文：${currentTask.taskCode} · ${currentTask.title}","","当前任务：${currentTask.taskCode} · ${currentTask.title}","Current task: ${currentTask.taskCode} · ${currentTask.title}","最终文字仍在源码"
"packages/local-server/src/imTelegramService.ts","999","","直接发送消息即可继续当前会话。","","发送消息即可继续当前对话。","Send a message to continue this conversation.","最终文字仍在源码"
"packages/local-server/src/imTelegramService.ts","999","","直接发送消息即可新建会话。","","发送消息即可开始新对话。","Send a message to start a new conversation.","最终文字仍在源码"
"packages/local-server/src/imTelegramService.ts","1000","","也可以使用下方按钮进入任务或会话。","","也可以通过下方按钮查看任务或对话。","You can also use the buttons below to open tasks or conversations.","最终文字仍在源码"
"packages/local-server/src/imTelegramService.ts","1001","","按钮 10 分钟内有效。","","按钮在 10 分钟内有效。","Buttons are valid for 10 minutes.","最终文字仍在源码"
"packages/local-server/src/imTelegramService.ts","1005","","任务列表","","任务列表","Task list","最终文字仍在源码"
"packages/local-server/src/imTelegramService.ts","1006","","新建任务","","新建任务","New task","最终文字仍在源码"
"packages/local-server/src/imTelegramService.ts","1009","","会话列表","","对话列表","Conversations","最终文字仍在源码"
"packages/local-server/src/imTelegramService.ts","1010","","新建会话","","新建对话","New conversation","最终文字仍在源码"
"packages/local-server/src/imTelegramService.ts","1025","","已打开任务列表","","已打开任务列表","Task list opened","最终文字仍在源码"
"packages/local-server/src/imTelegramService.ts","1030","","已打开会话列表","","已打开对话列表","Conversation list opened","最终文字仍在源码"
"packages/local-server/src/imTelegramService.ts","1036","","已切换到新会话","","已切换到新对话","Switched to a new conversation","最终文字仍在源码"
"packages/local-server/src/imTelegramService.ts","1037","","已切换到新会话。请发送第一条消息。","","已切换到新对话，请发送消息。","Switched to a new conversation. Send a message to begin.","最终文字仍在源码"
"packages/local-server/src/imTelegramService.ts","1055","","已切换会话","","已切换对话","Conversation switched","最终文字仍在源码"
"packages/local-server/src/imTelegramService.ts","1056","","已切换到「${conversation.title}」。","","已切换到“${conversation.title}”。","Switched to “${conversation.title}”.","最终文字仍在源码"
"packages/local-server/src/imTelegramService.ts","1077","","已批准","","已允许","Approved","最终文字仍在源码"
"packages/local-server/src/imTelegramService.ts","1077","","已拒绝","","已拒绝","Declined","最终文字仍在源码"
"packages/local-server/src/imTelegramService.ts","1078","","已提交一次性批准。","","已允许这次操作。","This action is approved once.","最终文字仍在源码"
"packages/local-server/src/imTelegramService.ts","1078","","已提交拒绝。","","已拒绝这次操作。","This action was declined.","最终文字仍在源码"
"packages/local-server/src/imTelegramService.ts","1095","","请发送自定义答案","","请发送你的答案","Send your answer","最终文字仍在源码"
"packages/local-server/src/imTelegramService.ts","1096","","请直接回复「${question.header}」的自定义答案。","","请直接回复“${question.header}”的答案。","Reply with your answer to “${question.header}”.","最终文字仍在源码"
"packages/local-server/src/imTelegramService.ts","1108","","已选择","","已选择","Selected","最终文字仍在源码"
"packages/local-server/src/imTelegramService.ts","1108","","已取消","","已取消","Cancelled","最终文字仍在源码"
"packages/local-server/src/imTelegramService.ts","1117","","已记录","","已记录","Recorded","最终文字仍在源码"
"packages/local-server/src/imTelegramService.ts","1131","","请发送修改意见","","请发送修改意见","Send your requested changes","最终文字仍在源码"
"packages/local-server/src/imTelegramService.ts","1132","","请直接回复要修改的内容。","","请直接回复要修改的内容。","Reply with the changes you would like.","最终文字仍在源码"
"packages/local-server/src/imTelegramService.ts","1139","","已选择实施","","已选择实施","Implementation selected","最终文字仍在源码"
"packages/local-server/src/imTelegramService.ts","1139","","已选择暂不实施","","已选择暂不实施","Implementation deferred","最终文字仍在源码"
"packages/local-server/src/imTelegramService.ts","1140","","已请求实施计划。","","正在按计划开始工作。","Starting work according to the plan.","最终文字仍在源码"
"packages/local-server/src/imTelegramService.ts","1140","","已暂不实施该计划。","","暂不实施此计划。","This plan will not be implemented yet.","最终文字仍在源码"
"packages/local-server/src/imTelegramService.ts","1153","","请发送任务标题","","请发送任务标题","Send the task title","最终文字仍在源码"
"packages/local-server/src/imTelegramService.ts","1168","","任务列表已刷新","","任务列表已更新","Task list updated","最终文字仍在源码"
"packages/local-server/src/imTelegramService.ts","1179","","任务内容或状态已变化，本次操作未执行，已刷新为最新信息。","","任务已被更新，本次操作未执行。请查看最新信息后重新选择。","The task changed, so this action was not performed. Review the latest information and choose again.","最终文字仍在源码"
"packages/local-server/src/imTelegramService.ts","1180","","任务已变化，未执行操作","","任务已更新，请重新选择","Task updated; choose again","最终文字仍在源码"
"packages/local-server/src/imTelegramService.ts","1186","","已打开任务","","已打开任务","Task opened","最终文字仍在源码"
"packages/local-server/src/imTelegramService.ts","1192","","请选择项目状态","","请选择任务状态","Select a task status","最终文字仍在源码"
"packages/local-server/src/imTelegramService.ts","1201","","请发送新标题","","请发送新标题","Send the new title","最终文字仍在源码"
"packages/local-server/src/imTelegramService.ts","1201","","请发送新描述","","请发送新描述","Send the new description","最终文字仍在源码"
"packages/local-server/src/imTelegramService.ts","1208","","正在更新项目状态…","","正在更新任务状态…","Updating task status…","最终文字仍在源码"
"packages/local-server/src/imTelegramService.ts","1210","","项目状态已更新为${taskManagementStatusLabel(status)}。","","任务状态已更新为${taskManagementStatusLabel(status)}。","Task status updated to ${taskManagementStatusLabel(status)}.","本轮后续已有调整；以入口清单最终值为准"
"packages/local-server/src/imTelegramService.ts","1216","","请确认取消任务","","请确认取消任务","Confirm task cancellation","最终文字仍在源码"
"packages/local-server/src/imTelegramService.ts","1222","","请选择任务会话","","请选择任务对话","Select a task conversation","最终文字仍在源码"
"packages/local-server/src/imTelegramService.ts","1227","","正在推送到新会话…","","正在创建对话并发送任务…","Creating a conversation and sending the task…","最终文字仍在源码"
"packages/local-server/src/imTelegramService.ts","1230","","已推送到新会话，并已切换当前聊天绑定。","","已发送到新对话，后续消息将在这个对话中继续。","Sent to a new conversation. Future messages will continue there.","最终文字仍在源码"
"packages/local-server/src/imTelegramService.ts","1235","","正在推送到当前会话…","","正在将任务发送到当前对话…","Sending the task to the current conversation…","最终文字仍在源码"
"packages/local-server/src/imTelegramService.ts","1237","","已推送到当前会话。","","已将任务发送到当前对话。","Task sent to the current conversation.","最终文字仍在源码"
"packages/local-server/src/imTelegramService.ts","1242","","正在推送到所选任务会话…","","正在将任务发送到所选对话…","Sending the task to the selected conversation…","最终文字仍在源码"
"packages/local-server/src/imTelegramService.ts","1244","","已推送到所选任务会话，并已切换当前聊天绑定。","","已发送到所选对话，后续消息将在这个对话中继续。","Sent to the selected conversation. Future messages will continue there.","最终文字仍在源码"
"packages/local-server/src/imTelegramService.ts","1251","","运行状态已更新为${formatTaskRuntimeStatus(updated.status)}。","","运行状态已更新为${formatTaskRuntimeStatus(updated.status)}。","Run status updated to ${formatTaskRuntimeStatus(updated.status)}.","本轮后续已有调整；以入口清单最终值为准"
"packages/local-server/src/imTelegramService.ts","1286","","‹ 上一页","","‹ 上一页","‹ Previous","最终文字仍在源码"
"packages/local-server/src/imTelegramService.ts","1288","","下一页 ›","","下一页 ›","Next ›","最终文字仍在源码"
"packages/local-server/src/imTelegramService.ts","1290","","新建任务","","新建任务","New task","最终文字仍在源码"
"packages/local-server/src/imTelegramService.ts","1293","","任务列表 · ${taskListFilterLabel(filter, statuses)}","","任务列表 · ${taskListFilterLabel(filter, statuses)}","Tasks · ${taskListFilterLabel(filter, statuses)}","本轮后续已有调整；以入口清单最终值为准"
"packages/local-server/src/imTelegramService.ts","1294","","共 ${tasks.length} 项 · 第 ${page}/${totalPages} 页","","共 ${tasks.length} 项 · 第 ${page}/${totalPages} 页","${tasks.length} tasks · Page ${page}/${totalPages}","最终文字仍在源码"
"packages/local-server/src/imTelegramService.ts","1296","","当前筛选没有任务，可切换状态或新建任务。","","当前筛选没有任务，可切换状态或新建任务。","No tasks match this filter. Change the status filter or create a task.","最终文字仍在源码"
"packages/local-server/src/imTelegramService.ts","1296","","点击任务查看详情；最近更新的任务排在前面。","","点击任务查看详情，最近更新的任务排在前面。","Select a task to view details. Recently updated tasks appear first.","最终文字仍在源码"
"packages/local-server/src/imTelegramService.ts","1307","","处理此任务","","处理此任务","Work on this task","最终文字仍在源码"
"packages/local-server/src/imTelegramService.ts","1310","","启动任务","","启动任务","Start task","最终文字仍在源码"
"packages/local-server/src/imTelegramService.ts","1312","","暂停任务","","暂停任务","Pause task","最终文字仍在源码"
"packages/local-server/src/imTelegramService.ts","1314","","继续任务","","继续任务","Continue task","最终文字仍在源码"
"packages/local-server/src/imTelegramService.ts","1317","","取消任务","","取消任务","Cancel task","最终文字仍在源码"
"packages/local-server/src/imTelegramService.ts","1321","","编辑标题","","编辑标题","Edit title","最终文字仍在源码"
"packages/local-server/src/imTelegramService.ts","1322","","编辑描述","","编辑描述","Edit description","最终文字仍在源码"
"packages/local-server/src/imTelegramService.ts","1324","","修改项目状态","","修改任务状态","Change task status","最终文字仍在源码"
"packages/local-server/src/imTelegramService.ts","1325","","‹ 返回任务列表","","‹ 返回任务列表","‹ Back to tasks","最终文字仍在源码"
"packages/local-server/src/imTelegramService.ts","1329","","该任务已有 Codex 会话。点击“处理此任务”可选择新建上下文或继续精确的历史任务会话；启动/继续 Runtime 仍需回桌面端完成会话选择。","","此任务已有 Codex 对话。点击“处理此任务”可新建或继续任务对话。若要启动其他运行工具，请在 Zeus 桌面端操作。","This task has a Codex conversation. Select Work on this task to start or continue a task conversation. To start other tools, use the Zeus desktop app.","最终文字仍在源码"
"packages/local-server/src/imTelegramService.ts","1331","","使用下方按钮操作；按钮 10 分钟内有效。","","使用下方按钮操作，按钮在 10 分钟内有效。","Use the buttons below. They are valid for 10 minutes.","最终文字仍在源码"
"packages/local-server/src/imTelegramService.ts","1339","","新建任务","","新建任务","New task","最终文字仍在源码"
"packages/local-server/src/imTelegramService.ts","1339","","请直接发送任务标题，也可以随消息附带文件。","","请发送任务标题，也可以附带文件。","Send the task title. You can attach files to your message.","最终文字仍在源码"
"packages/local-server/src/imTelegramService.ts","1339","","发送其他命令会取消本次新建；按钮和输入 10 分钟内有效。","","发送其他命令会取消新建任务；请在 10 分钟内填写。","Sending another command cancels task creation. Enter the title within 10 minutes.","最终文字仍在源码"
"packages/local-server/src/imTelegramService.ts","1340","","取消新建","","取消新建","Cancel creation","最终文字仍在源码"
"packages/local-server/src/imTelegramService.ts","1354","","新建任务会话","","新建任务对话","New task conversation","最终文字仍在源码"
"packages/local-server/src/imTelegramService.ts","1357","","${current?.id === conversation.id ? '当前 · ' : '继续 · '}${compactConversationTitle(conversation.title)}","","${current?.id === conversation.id ? '当前 · ' : '继续 · '}${compactConversationTitle(conversation.title)}","${current?.id === conversation.id ? 'Current · ' : 'Continue · '}${compactConversationTitle(conversation.title)}","本轮后续已有调整；以入口清单最终值为准"
"packages/local-server/src/imTelegramService.ts","1361","","‹ 返回任务详情","","‹ 返回任务详情","‹ Back to task details","最终文字仍在源码"
"packages/local-server/src/imTelegramService.ts","1365","","${task.taskCode} · 处理此任务","","${task.taskCode} · 处理此任务","${task.taskCode} · Work on this task","最终文字仍在源码"
"packages/local-server/src/imTelegramService.ts","1367","","请选择把任务发送到哪里：","","请选择把任务发送到哪里：","Choose where to send the task:","最终文字仍在源码"
"packages/local-server/src/imTelegramService.ts","1368","","- 新建任务会话：使用当前 Agent Preset 建立独立上下文。","","- 新建任务对话：使用当前智能体配置开始新的对话。","- New task conversation: start a separate conversation with the current agent settings.","最终文字仍在源码"
"packages/local-server/src/imTelegramService.ts","1369","","- 继续历史任务会话：只展示属于该任务的可用会话。","","- 继续历史任务对话：从此任务已有的对话中选择。","- Continue a task conversation: choose an existing conversation for this task.","最终文字仍在源码"
"packages/local-server/src/imTelegramService.ts","1370","","当前没有可继续的历史任务会话。","","此任务没有可继续的历史对话。","This task has no past conversations available to continue.","最终文字仍在源码"
"packages/local-server/src/imTelegramService.ts","1394","","‹ 返回任务详情","","‹ 返回任务详情","‹ Back to task details","最终文字仍在源码"
"packages/local-server/src/imTelegramService.ts","1396","","${task.taskCode} · 修改项目状态","","${task.taskCode} · 修改任务状态","${task.taskCode} · Change task status","最终文字仍在源码"
"packages/local-server/src/imTelegramService.ts","1396","","当前：${this.taskStatusLabel(connection.projectId, task.managementStatus)}","","当前：${this.taskStatusLabel(connection.projectId, task.managementStatus)}","Current: ${this.taskStatusLabel(connection.projectId, task.managementStatus)}","最终文字仍在源码"
"packages/local-server/src/imTelegramService.ts","1396","","完成或取消类终态可能清理会话与工作区，请在 Zeus 桌面端处理。","","完成或取消任务可能停止对话并删除工作目录中的修改，请在 Zeus 桌面端确认。","Completing or cancelling a task may stop conversations and delete changes in its working folder. Confirm this in the Zeus desktop app.","最终文字仍在源码"
"packages/local-server/src/imTelegramService.ts","1403","","请直接发送新的${field === 'title' ? '标题' : '描述'}。","","请直接发送新的${field === 'title' ? '标题' : '描述'}。","Send the new ${field === 'title' ? 'title' : 'description'}.","最终文字仍在源码"
"packages/local-server/src/imTelegramService.ts","1403","","发送其他命令会取消本次编辑；按钮和输入 10 分钟内有效。","","发送其他命令会取消编辑；请在 10 分钟内填写。","Sending another command cancels this edit. Enter your changes within 10 minutes.","最终文字仍在源码"
"packages/local-server/src/imTelegramService.ts","1404","","取消编辑","","取消编辑","Cancel edit","最终文字仍在源码"
"packages/local-server/src/imTelegramService.ts","1412","","确认取消该任务？运行中的会话会被停止，此操作不会自动恢复。","","取消此任务？正在运行的对话会停止，需要你手动恢复才能继续。","Cancel this task? Running conversations will stop and must be resumed manually to continue.","最终文字仍在源码"
"packages/local-server/src/imTelegramService.ts","1414","","确认取消任务","","确认取消任务","Confirm cancellation","最终文字仍在源码"
"packages/local-server/src/imTelegramService.ts","1415","","返回任务详情","","返回任务详情","Back to task details","最终文字仍在源码"
"packages/local-server/src/imTelegramService.ts","1465","","任务已创建。","","任务已创建。","Task created.","最终文字仍在源码"
"packages/local-server/src/imTelegramService.ts","1487","","已更新 ${updated.taskCode}。","","已更新 ${updated.taskCode}。","Updated ${updated.taskCode}.","最终文字仍在源码"
"packages/local-server/src/imTelegramService.ts","1494","","${updated.taskCode} 已更新为${this.taskStatusLabel(connection.projectId, updated.managementStatus)}。","","${updated.taskCode} 已更新为${this.taskStatusLabel(connection.projectId, updated.managementStatus)}。","${updated.taskCode} updated to ${this.taskStatusLabel(connection.projectId, updated.managementStatus)}.","最终文字仍在源码"
"packages/local-server/src/imTelegramService.ts","1500","","已把 ${task.taskCode} 推送到当前会话。","","已把 ${task.taskCode} 发送到当前对话。","Sent ${task.taskCode} to the current conversation.","最终文字仍在源码"
"packages/local-server/src/imTelegramService.ts","1506","","已把 ${task.taskCode} 推送到新会话，并切换当前聊天绑定。","","已把 ${task.taskCode} 发送到新对话，后续消息将在此继续。","Sent ${task.taskCode} to a new conversation. Future messages will continue there.","最终文字仍在源码"
"packages/local-server/src/imTelegramService.ts","1511","","${updated.taskCode} 运行状态：${formatTaskRuntimeStatus(updated.status)}","","${updated.taskCode} 运行状态：${formatTaskRuntimeStatus(updated.status)}","${updated.taskCode} run status: ${formatTaskRuntimeStatus(updated.status)}","本轮后续已有调整；以入口清单最终值为准"
"packages/local-server/src/imTelegramService.ts","1651","","跟随 Zeus 默认","","使用 Zeus 默认配置","Use Zeus defaults","最终文字仍在源码"
"packages/local-server/src/imTelegramService.ts","1678","","跟随 Zeus 默认","","使用 Zeus 默认配置","Use Zeus defaults","最终文字仍在源码"
"packages/local-server/src/imTelegramService.ts","1679","","数字员工不可用","","数字员工不可用","Digital employee unavailable","最终文字仍在源码"
"packages/local-server/src/imTelegramService.ts","1706","","Token 已验证、轮询运行中，且最近 90 秒内轮询成功。","","机器人连接正常，最近 90 秒内收到过服务响应。","The bot is connected and the service responded within the last 90 seconds.","最终文字仍在源码"
"packages/local-server/src/imTelegramService.ts","1706","","Token 尚未成功验证。","","机器人密钥尚未验证。","The bot token has not been verified.","最终文字仍在源码"
"packages/local-server/src/imTelegramService.ts","1706","","轮询未运行。","","尚未开始接收 Telegram 消息。","Zeus is not receiving Telegram messages yet.","最终文字仍在源码"
"packages/local-server/src/imTelegramService.ts","1706","","最近 90 秒内没有成功轮询。","","最近 90 秒未收到 Telegram 的响应。","Telegram has not responded in the last 90 seconds.","最终文字仍在源码"
"packages/local-server/src/imTelegramService.ts","1891","","Zeus IM 帮助","","Zeus 聊天机器人帮助","Zeus chat bot help","最终文字仍在源码"
"packages/local-server/src/imTelegramService.ts","1893","","对话","","对话","Conversations","最终文字仍在源码"
"packages/local-server/src/imTelegramService.ts","1894","","/start — 查看当前绑定和会话","","/start — 查看连接和当前对话","/start — Show the connection and current conversation","最终文字仍在源码"
"packages/local-server/src/imTelegramService.ts","1895","","/new [消息] — 新建会话","","/new [消息] — 开始新对话","/new [message] — Start a new conversation","最终文字仍在源码"
"packages/local-server/src/imTelegramService.ts","1896","","/conversations — 切换项目历史会话","","/conversations — 切换项目对话","/conversations — Switch project conversations","最终文字仍在源码"
"packages/local-server/src/imTelegramService.ts","1897","","/steer <消息> — 追加当前轮次","","/steer <消息> — 补充当前请求","/steer <message> — Add instructions to the current request","最终文字仍在源码"
"packages/local-server/src/imTelegramService.ts","1898","","/stop — 中断当前轮次","","/stop — 停止当前处理","/stop — Stop the current work","最终文字仍在源码"
"packages/local-server/src/imTelegramService.ts","1899","","/continue — 恢复当前会话","","/continue — 检查并恢复当前对话","/continue — Check and restore the current conversation","最终文字仍在源码"
"packages/local-server/src/imTelegramService.ts","1901","","任务","","任务","Tasks","最终文字仍在源码"
"packages/local-server/src/imTelegramService.ts","1902","","/tasks [页码] — 浏览未完成任务并按状态筛选","","/tasks [页码] — 查看未完成任务并按状态筛选","/tasks [page] — Browse unfinished tasks and filter by status","最终文字仍在源码"
"packages/local-server/src/imTelegramService.ts","1903","","/task — 查看任务操作命令","","/task — 查看任务命令","/task — Show task commands","最终文字仍在源码"
"packages/local-server/src/imTelegramService.ts","1905","","归档删除、批量任务、关系/阶段、数字员工接力、Git 工作区和外部集成治理请回到桌面端完成。","","归档、删除、批量操作、任务关系与阶段、员工协作、Git 和外部服务设置，请在 Zeus 桌面端处理。","Use the Zeus desktop app for archiving, deletion, bulk actions, task relationships and stages, employee collaboration, Git, and external service settings.","最终文字仍在源码"
"packages/local-server/src/imTelegramService.ts","1911","","任务命令","","任务命令","Task commands","最终文字仍在源码"
"packages/local-server/src/imTelegramService.ts","1912","","/tasks [页码] — 浏览未完成任务并按状态筛选","","/tasks [页码] — 查看未完成任务并按状态筛选","/tasks [page] — Browse unfinished tasks and filter by status","最终文字仍在源码"
"packages/local-server/src/imTelegramService.ts","1913","","/task show <任务>","","/task show <任务>","/task show <task>","最终文字仍在源码"
"packages/local-server/src/imTelegramService.ts","1914","","/task create <标题>","","/task create <标题>","/task create <title>","最终文字仍在源码"
"packages/local-server/src/imTelegramService.ts","1916","","/task status <任务> <项目状态>","","/task status <任务> <项目状态>","/task status <task> <project-status>","最终文字仍在源码"
"packages/local-server/src/imTelegramService.ts","1917","","/task push <任务> [说明] — 推送到新会话","","/task push <任务> [说明] — 发送到新对话","/task push <task> [instructions] — Send to a new conversation","最终文字仍在源码"
"packages/local-server/src/imTelegramService.ts","1918","","/task push-current <任务> [说明] — 继续当前任务自己的会话","","/task push-current <任务> [说明] — 继续当前任务对话","/task push-current <task> [instructions] — Continue the current task conversation","最终文字仍在源码"
"packages/local-server/src/imTelegramService.ts","1927","","项目状态：${managementStatusLabel}","","任务状态：${managementStatusLabel}","Task status: ${managementStatusLabel}","最终文字仍在源码"
"packages/local-server/src/imTelegramService.ts","1928","","运行状态：${formatTaskRuntimeStatus(task.status)}","","运行状态：${formatTaskRuntimeStatus(task.status)}","Run status: ${formatTaskRuntimeStatus(task.status)}","本轮后续已有调整；以入口清单最终值为准"
"packages/local-server/src/imTelegramService.ts","1929","","类型 / 优先级：${task.taskType} / ${task.priority}","","类型 / 优先级：${task.taskType} / ${task.priority}","Type / priority: ${task.taskType} / ${task.priority}","最终文字仍在源码"
"packages/local-server/src/imTelegramService.ts","1930","","描述：${task.description}","","描述：${task.description}","Description: ${task.description}","最终文字仍在源码"
"packages/local-server/src/imTelegramService.ts","1930","","描述：未填写","","描述：未填写","Description: not provided","最终文字仍在源码"
"packages/local-server/src/imTelegramService.ts","1949","","未命名会话","","未命名对话","Untitled conversation","最终文字仍在源码"
"packages/local-server/src/imTelegramService.ts","1963","","全部","","全部","All","最终文字仍在源码"
"packages/local-server/src/imTelegramService.ts","1964","","未完成","","未完成","Unfinished","最终文字仍在源码"
"packages/local-server/src/imTelegramService.ts","1974","","正在启动任务…","","正在启动任务…","Starting task…","最终文字仍在源码"
"packages/local-server/src/imTelegramService.ts","1974","","正在暂停任务…","","正在暂停任务…","Pausing task…","最终文字仍在源码"
"packages/local-server/src/imTelegramService.ts","1974","","正在继续任务…","","正在继续任务…","Continuing task…","最终文字仍在源码"
"packages/local-server/src/imTelegramService.ts","1974","","正在取消任务…","","正在取消任务…","Cancelling task…","最终文字仍在源码"
"packages/local-server/src/imTelegramService.ts","2065","","待开始","","待开始","Not started","最终文字仍在源码"
"packages/local-server/src/imTelegramService.ts","2066","","开发中","","开发中","In development","最终文字仍在源码"
"packages/local-server/src/imTelegramService.ts","2067","","测试中","","测试中","In testing","最终文字仍在源码"
"packages/local-server/src/imTelegramService.ts","2068","","待验收","","待验收","Awaiting acceptance","最终文字仍在源码"
"packages/local-server/src/imTelegramService.ts","2069","","已阻塞","","需要处理","Needs attention","最终文字仍在源码"
"packages/local-server/src/imTelegramService.ts","2070","","已完成","","已完成","Completed","最终文字仍在源码"
"packages/local-server/src/imTelegramService.ts","2071","","已取消","","已取消","Cancelled","最终文字仍在源码"
"packages/local-server/src/imTelegramService.ts","2078","","草稿","","草稿","Draft","最终文字仍在源码"
"packages/local-server/src/imTelegramService.ts","2079","","可启动","","可启动","Ready to start","最终文字仍在源码"
"packages/local-server/src/imTelegramService.ts","2080","","运行中","","运行中","Running","最终文字仍在源码"
"packages/local-server/src/imTelegramService.ts","2081","","已暂停","","已暂停","Paused","最终文字仍在源码"
"packages/local-server/src/imTelegramService.ts","2082","","等待确认","","等待确认","Awaiting confirmation","最终文字仍在源码"
"packages/local-server/src/imTelegramService.ts","2083","","已完成","","已完成","Completed","最终文字仍在源码"
"packages/local-server/src/imTelegramService.ts","2084","","失败","","失败","Failed","最终文字仍在源码"
"packages/local-server/src/imTelegramService.ts","2085","","已取消","","已取消","Cancelled","最终文字仍在源码"
"apps/desktop/src/renderer/features/skills/ExtensionsWorkspace.tsx","313","","卸载 Plugin“${plugin.displayName}”？活动会话引用的旧修订会保留，Connector 授权不会自动删除。","Uninstall “${plugin.displayName}”? Revisions used by active conversations and connector authorization are retained.","卸载插件“${plugin.displayName}”？正在进行的会话仍可使用当前版本。已连接应用的授权会保留，需要另外撤销；插件以后可以重新安装。","Uninstall “${plugin.displayName}”? Active conversations can still use their current version. Connected app authorizations remain and must be revoked separately. You can reinstall the plugin later.","最终文字仍在源码"
"apps/desktop/src/renderer/features/skills/ExtensionsWorkspace.tsx","443","","JSON 无效。","Invalid JSON.","连接配置不是有效的 JSON。请检查括号、引号和逗号，或复制服务提供的完整配置。","The connection configuration is not valid JSON. Check brackets, quotes, and commas, or copy the complete configuration from the service.","最终文字仍在源码"
"apps/desktop/src/renderer/features/skills/ExtensionsWorkspace.tsx","446","secret","可选：Bearer 密钥（只写入 Keychain）","Optional bearer secret (stored only in Keychain)","可选：填写服务访问密钥，将保存在 macOS 钥匙串中。","Optional: enter the service access token. It will be stored in macOS Keychain.","最终文字仍在源码"
"apps/desktop/src/renderer/task/TaskGitMergeModal.tsx","901","","系统检测到 ${selectedWorkspace.activeConversationCount} 个会话仍可能写入此分支。该状态只作提示，不参与提交或推送门禁；只有可能回收 worktree 的合入操作需要额外确认。","The system detected ${selectedWorkspace.activeConversationCount} session(s) that may still write to this branch. This is informational only and never gates commit or push; only a merge that may reclaim the worktree asks for extra confirmation.","还有 ${selectedWorkspace.activeConversationCount} 个会话可能修改此分支。仍可提交和推送；合入后如果移除工作目录，后续修改可能失败。","Another ${selectedWorkspace.activeConversationCount} conversation(s) may modify this branch. You can still commit and push. Removing the working folder after a merge may cause later changes to fail.","最终文字仍在源码"
"apps/desktop/src/renderer/task/TaskGitMergeModal.tsx","1360","","当前仍有 ${activeConversationCount} 个活动会话可能写入此分支。合入来源分支成功后可能回收任务 worktree，后续写入可能失败或丢失工作区现场。确定继续吗？","${activeConversationCount} active conversation(s) may still write to this branch. Merging into the source branch may reclaim the task worktree, which can interrupt later writes or remove the worktree. Continue?","还有 ${activeConversationCount} 个会话可能修改此分支。合入后可能移除任务的独立工作目录，导致后续修改失败，未提交内容也可能丢失。继续合入吗？","Another ${activeConversationCount} conversation(s) may modify this branch. The task’s separate working folder may be removed after merging, causing later changes to fail and uncommitted work to be lost. Continue merging?","最终文字仍在源码"
"apps/desktop/src/renderer/task/TaskGitMergeModal.tsx","1368","","已选仓库中仍有 ${activeConversationCount} 个活动会话可能继续写入。批量合入成功后可能回收对应 worktree，后续写入可能失败或丢失工作区现场。确定继续吗？","${activeConversationCount} active conversation(s) may still write to selected repositories. Successful merges may reclaim their worktrees and interrupt later writes. Continue?","还有 ${activeConversationCount} 个会话可能修改所选仓库。合入后可能移除对应的独立工作目录，导致后续修改失败，未提交内容也可能丢失。继续合入吗？","Another ${activeConversationCount} conversation(s) may modify the selected repositories. Their separate working folders may be removed after merging, causing later changes to fail and uncommitted work to be lost. Continue merging?","最终文字仍在源码"
"apps/desktop/src/renderer/task/TaskGitReviewModal.tsx","423","","系统检测到 ${activeWorkspace.activeConversationCount} 个会话仍可能写入此分支。该状态只作提示，不参与提交或推送门禁；本次提交只包含当前已经落盘的内容，后续变化可以继续提交。","The system detected ${activeWorkspace.activeConversationCount} conversation(s) that may still write to this branch. This is informational only and never gates commit or push; this commit includes only content written so far, and later changes can be committed again.","还有 ${activeWorkspace.activeConversationCount} 个会话可能修改此分支。本次只提交当前文件中的内容，后续修改需要再次提交。","Another ${activeWorkspace.activeConversationCount} conversation(s) may modify this branch. This commit includes the files as they are now. Later changes need another commit.","最终文字仍在源码"
"apps/desktop/src/renderer/task/TaskGitReviewModal.tsx","560","","当前仍有 ${activeConversationCount} 个活动会话可能写入此分支。继续${actionLabel}可能让后续写入失败或丢失工作区现场，已落盘内容不会自动替你补交。确定继续吗？","${activeConversationCount} active conversation(s) may still write to this branch. Continuing to ${actionLabel} may interrupt later writes or remove the worktree, and content already written will not be committed automatically. Continue?","还有 ${activeConversationCount} 个会话可能修改此分支。继续${actionLabel}可能导致后续修改失败或未提交内容丢失；现有修改不会自动提交。继续吗？","Another ${activeConversationCount} conversation(s) may modify this branch. Continuing to ${actionLabel} may cause later changes to fail or uncommitted work to be lost. Existing changes will not be committed automatically. Continue?","最终文字仍在源码"
