"原始错误码或精确诊断","原始来源与原文","中文解释","英文解释","解决方向","真实原因判定","按钮约束"
"ZEUS_CONVERSATION_HYDRATION_TIMEOUT","[]","对话读取超过 20 秒仍未完成，可重新加载对话。","The conversation took more than 20 seconds to load. Reload the conversation.","retry","错误码或完整已知诊断原文匹配；嵌套原因优先","解决方向不授权动作；发送结果未知时只能核对状态，原业务门禁继续生效"
"ZEUS_CONVERSATION_REALTIME_OPEN_TIMEOUT","[]","对话内容已载入，但还未连上实时服务，暂时无法接收新回复。","The conversation is loaded, but the live service is not connected yet, so new replies cannot be received.","retry","错误码或完整已知诊断原文匹配；嵌套原因优先","解决方向不授权动作；发送结果未知时只能核对状态，原业务门禁继续生效"
"ZEUS_NATIVE_ACCEPTANCE_HYDRATION_PENDING","[]","暂时无法继续对话：Zeus 尚未取得这次发送后的最新状态。请检查对话状态。","The conversation cannot continue until Zeus receives the latest state after this send. Check the conversation status.","check","错误码或完整已知诊断原文匹配；嵌套原因优先","解决方向不授权动作；发送结果未知时只能核对状态，原业务门禁继续生效"
"ZEUS_NATIVE_SUBMISSION_NOT_DISPATCHED","[{""file"":""packages/local-server/src/codexNativeConversationCoordinator.ts"",""line"":2956,""value"":""The submission was not dispatched to the provider.""}]","这条消息尚未发送给 AI，正在等待发送确认。","This message has not been sent to the AI and is waiting for confirmation.","无默认操作","错误码或完整已知诊断原文匹配；嵌套原因优先","解决方向不授权动作；发送结果未知时只能核对状态，原业务门禁继续生效"
"Zeus 的文件编辑服务尚未连接。","[{""text"":""Zeus 的文件编辑服务尚未连接。""}]","Zeus 的文件编辑服务尚未连接。","Zeus has not connected to the file editing service yet.","无默认操作","错误码或完整已知诊断原文匹配；嵌套原因优先","解决方向不授权动作；发送结果未知时只能核对状态，原业务门禁继续生效"
"Zeus has not connected to the file editing service yet.","[]","Zeus 的文件编辑服务尚未连接。","Zeus has not connected to the file editing service yet.","无默认操作","错误码或完整已知诊断原文匹配；嵌套原因优先","解决方向不授权动作；发送结果未知时只能核对状态，原业务门禁继续生效"
"原文件标签已经关闭。","[{""text"":""原文件标签已经关闭。""}]","原文件标签已经关闭。","The source tab is already closed.","无默认操作","错误码或完整已知诊断原文匹配；嵌套原因优先","解决方向不授权动作；发送结果未知时只能核对状态，原业务门禁继续生效"
"The source tab is already closed.","[]","原文件标签已经关闭。","The source tab is already closed.","无默认操作","错误码或完整已知诊断原文匹配；嵌套原因优先","解决方向不授权动作；发送结果未知时只能核对状态，原业务门禁继续生效"
"已达到 20 个打开文件上限，请先关闭一个标签。","[{""text"":""已达到 20 个打开文件上限，请先关闭一个标签。""}]","已达到 20 个打开文件上限，请先关闭一个标签。","The 20 open-file limit has been reached. Close a tab first.","无默认操作","错误码或完整已知诊断原文匹配；嵌套原因优先","解决方向不授权动作；发送结果未知时只能核对状态，原业务门禁继续生效"
"The 20 open-file limit has been reached. Close a tab first.","[]","已达到 20 个打开文件上限，请先关闭一个标签。","The 20 open-file limit has been reached. Close a tab first.","无默认操作","错误码或完整已知诊断原文匹配；嵌套原因优先","解决方向不授权动作；发送结果未知时只能核对状态，原业务门禁继续生效"
"请填写记忆标识、内容、来源和复核日期。","[{""text"":""请填写记忆标识、内容、来源和复核日期。""}]","请填写记忆标识、内容、来源和复核日期。","Enter the memory identifier, content, source, and review date.","无默认操作","错误码或完整已知诊断原文匹配；嵌套原因优先","解决方向不授权动作；发送结果未知时只能核对状态，原业务门禁继续生效"
"Enter the memory identifier, content, source, and review date.","[]","请填写记忆标识、内容、来源和复核日期。","Enter the memory identifier, content, source, and review date.","无默认操作","错误码或完整已知诊断原文匹配；嵌套原因优先","解决方向不授权动作；发送结果未知时只能核对状态，原业务门禁继续生效"
"置信度必须位于 0 到 1。","[{""text"":""置信度必须位于 0 到 1。""}]","置信度必须位于 0 到 1。","Confidence must be between 0 and 1.","无默认操作","错误码或完整已知诊断原文匹配；嵌套原因优先","解决方向不授权动作；发送结果未知时只能核对状态，原业务门禁继续生效"
"Confidence must be between 0 and 1.","[]","置信度必须位于 0 到 1。","Confidence must be between 0 and 1.","无默认操作","错误码或完整已知诊断原文匹配；嵌套原因优先","解决方向不授权动作；发送结果未知时只能核对状态，原业务门禁继续生效"
"这条记忆可能指导 AI 修改文件或其他应用，请先勾选确认。","[{""text"":""这条记忆可能指导 AI 修改文件或其他应用，请先勾选确认。""}]","这条记忆可能指导 AI 修改文件或其他应用，请先勾选确认。","This memory may guide the AI to change files or other apps. Select the confirmation before saving.","无默认操作","错误码或完整已知诊断原文匹配；嵌套原因优先","解决方向不授权动作；发送结果未知时只能核对状态，原业务门禁继续生效"
"This memory may guide the AI to change files or other apps. Select the confirmation before saving.","[]","这条记忆可能指导 AI 修改文件或其他应用，请先勾选确认。","This memory may guide the AI to change files or other apps. Select the confirmation before saving.","无默认操作","错误码或完整已知诊断原文匹配；嵌套原因优先","解决方向不授权动作；发送结果未知时只能核对状态，原业务门禁继续生效"
"存储恢复服务尚未就绪。","[{""text"":""存储恢复服务尚未就绪。""}]","存储恢复服务尚未就绪。","Storage recovery is not available yet.","无默认操作","错误码或完整已知诊断原文匹配；嵌套原因优先","解决方向不授权动作；发送结果未知时只能核对状态，原业务门禁继续生效"
"Storage recovery is not available yet.","[]","存储恢复服务尚未就绪。","Storage recovery is not available yet.","无默认操作","错误码或完整已知诊断原文匹配；嵌套原因优先","解决方向不授权动作；发送结果未知时只能核对状态，原业务门禁继续生效"
"项目模型速度偏好保存结果无效。","[{""text"":""项目模型速度偏好保存结果无效。""}]","项目模型速度偏好保存结果无效。","The saved project model speed preference is invalid.","无默认操作","错误码或完整已知诊断原文匹配；嵌套原因优先","解决方向不授权动作；发送结果未知时只能核对状态，原业务门禁继续生效"
"The saved project model speed preference is invalid.","[]","项目模型速度偏好保存结果无效。","The saved project model speed preference is invalid.","无默认操作","错误码或完整已知诊断原文匹配；嵌套原因优先","解决方向不授权动作；发送结果未知时只能核对状态，原业务门禁继续生效"
"所选模型来源不明确或已经不可用，请重新选择模型后重试。","[{""text"":""所选模型来源不明确或已经不可用，请重新选择模型后重试。""}]","所选模型来源不明确或已经不可用，请重新选择模型后重试。","The selected model source is ambiguous or unavailable. Select the model again and retry.","无默认操作","错误码或完整已知诊断原文匹配；嵌套原因优先","解决方向不授权动作；发送结果未知时只能核对状态，原业务门禁继续生效"
"The selected model source is ambiguous or unavailable. Select the model again and retry.","[]","所选模型来源不明确或已经不可用，请重新选择模型后重试。","The selected model source is ambiguous or unavailable. Select the model again and retry.","无默认操作","错误码或完整已知诊断原文匹配；嵌套原因优先","解决方向不授权动作；发送结果未知时只能核对状态，原业务门禁继续生效"
"工作目录已可用，但对话仍未连接到 AI 服务。","[{""text"":""工作目录已可用，但对话仍未连接到 AI 服务。""}]","工作目录已可用，但对话仍未连接到 AI 服务。","The working folder is available, but the conversation has not connected to the AI service.","无默认操作","错误码或完整已知诊断原文匹配；嵌套原因优先","解决方向不授权动作；发送结果未知时只能核对状态，原业务门禁继续生效"
"The working folder is available, but the conversation has not connected to the AI service.","[]","工作目录已可用，但对话仍未连接到 AI 服务。","The working folder is available, but the conversation has not connected to the AI service.","无默认操作","错误码或完整已知诊断原文匹配；嵌套原因优先","解决方向不授权动作；发送结果未知时只能核对状态，原业务门禁继续生效"
"看板设置能力不可用。","[{""text"":""看板设置能力不可用。""}]","看板设置能力不可用。","Board settings are unavailable.","无默认操作","错误码或完整已知诊断原文匹配；嵌套原因优先","解决方向不授权动作；发送结果未知时只能核对状态，原业务门禁继续生效"
"Board settings are unavailable.","[]","看板设置能力不可用。","Board settings are unavailable.","无默认操作","错误码或完整已知诊断原文匹配；嵌套原因优先","解决方向不授权动作；发送结果未知时只能核对状态，原业务门禁继续生效"
"无法载入看板配置。","[{""text"":""无法载入看板配置。""}]","无法载入看板配置。","Unable to load board settings.","无默认操作","错误码或完整已知诊断原文匹配；嵌套原因优先","解决方向不授权动作；发送结果未知时只能核对状态，原业务门禁继续生效"
"Unable to load board settings.","[]","无法载入看板配置。","Unable to load board settings.","无默认操作","错误码或完整已知诊断原文匹配；嵌套原因优先","解决方向不授权动作；发送结果未知时只能核对状态，原业务门禁继续生效"
"看板移动能力不可用。","[{""text"":""看板移动能力不可用。""}]","看板移动能力不可用。","Board move is unavailable.","无默认操作","错误码或完整已知诊断原文匹配；嵌套原因优先","解决方向不授权动作；发送结果未知时只能核对状态，原业务门禁继续生效"
"Board move is unavailable.","[]","看板移动能力不可用。","Board move is unavailable.","无默认操作","错误码或完整已知诊断原文匹配；嵌套原因优先","解决方向不授权动作；发送结果未知时只能核对状态，原业务门禁继续生效"
"已取消移动。","[{""text"":""已取消移动。""}]","已取消移动。","Move cancelled.","无默认操作","错误码或完整已知诊断原文匹配；嵌套原因优先","解决方向不授权动作；发送结果未知时只能核对状态，原业务门禁继续生效"
"Move cancelled.","[]","已取消移动。","Move cancelled.","无默认操作","错误码或完整已知诊断原文匹配；嵌套原因优先","解决方向不授权动作；发送结果未知时只能核对状态，原业务门禁继续生效"
"当前版本尚不支持启动自定义阶段。","[{""text"":""当前版本尚不支持启动自定义阶段。""}]","当前版本尚不支持启动自定义阶段。","Custom stages cannot be started in this version.","无默认操作","错误码或完整已知诊断原文匹配；嵌套原因优先","解决方向不授权动作；发送结果未知时只能核对状态，原业务门禁继续生效"
"Custom stages cannot be started in this version.","[]","当前版本尚不支持启动自定义阶段。","Custom stages cannot be started in this version.","无默认操作","错误码或完整已知诊断原文匹配；嵌套原因优先","解决方向不授权动作；发送结果未知时只能核对状态，原业务门禁继续生效"
"找不到已验收交付物所属的对话。","[{""text"":""找不到已验收交付物所属的对话。""}]","找不到已验收交付物所属的对话。","The conversation associated with the accepted deliverable could not be found.","无默认操作","错误码或完整已知诊断原文匹配；嵌套原因优先","解决方向不授权动作；发送结果未知时只能核对状态，原业务门禁继续生效"
"The conversation associated with the accepted deliverable could not be found.","[]","找不到已验收交付物所属的对话。","The conversation associated with the accepted deliverable could not be found.","无默认操作","错误码或完整已知诊断原文匹配；嵌套原因优先","解决方向不授权动作；发送结果未知时只能核对状态，原业务门禁继续生效"
"仓库已不在当前项目中。","[{""text"":""仓库已不在当前项目中。""}]","仓库已不在当前项目中。","The repository is no longer part of this project.","无默认操作","错误码或完整已知诊断原文匹配；嵌套原因优先","解决方向不授权动作；发送结果未知时只能核对状态，原业务门禁继续生效"
"The repository is no longer part of this project.","[]","仓库已不在当前项目中。","The repository is no longer part of this project.","无默认操作","错误码或完整已知诊断原文匹配；嵌套原因优先","解决方向不授权动作；发送结果未知时只能核对状态，原业务门禁继续生效"
"目标模式暂不支持指定数字员工。请退出目标模式后再选择。","[{""text"":""目标模式暂不支持指定数字员工。请退出目标模式后再选择。""}]","目标模式暂不支持指定数字员工。请退出目标模式后再选择。","Goal mode does not support choosing a digital employee. Exit goal mode before selecting one.","无默认操作","错误码或完整已知诊断原文匹配；嵌套原因优先","解决方向不授权动作；发送结果未知时只能核对状态，原业务门禁继续生效"
"Goal mode does not support choosing a digital employee. Exit goal mode before selecting one.","[]","目标模式暂不支持指定数字员工。请退出目标模式后再选择。","Goal mode does not support choosing a digital employee. Exit goal mode before selecting one.","无默认操作","错误码或完整已知诊断原文匹配；嵌套原因优先","解决方向不授权动作；发送结果未知时只能核对状态，原业务门禁继续生效"
"代码审查会话未被接受，请查看当前错误提示。","[{""text"":""代码审查会话未被接受，请查看当前错误提示。""}]","代码审查会话未被接受，请查看当前错误提示。","The code review conversation was not accepted. Check the current error notice.","无默认操作","错误码或完整已知诊断原文匹配；嵌套原因优先","解决方向不授权动作；发送结果未知时只能核对状态，原业务门禁继续生效"
"The code review conversation was not accepted. Check the current error notice.","[]","代码审查会话未被接受，请查看当前错误提示。","The code review conversation was not accepted. Check the current error notice.","无默认操作","错误码或完整已知诊断原文匹配；嵌套原因优先","解决方向不授权动作；发送结果未知时只能核对状态，原业务门禁继续生效"
"无效的任务优先级。","[{""text"":""无效的任务优先级。""}]","无效的任务优先级。","Invalid task priority.","无默认操作","错误码或完整已知诊断原文匹配；嵌套原因优先","解决方向不授权动作；发送结果未知时只能核对状态，原业务门禁继续生效"
"Invalid task priority.","[]","无效的任务优先级。","Invalid task priority.","无默认操作","错误码或完整已知诊断原文匹配；嵌套原因优先","解决方向不授权动作；发送结果未知时只能核对状态，原业务门禁继续生效"
"当前没有可处理的冲突。","[{""text"":""当前没有可处理的冲突。""}]","当前没有可处理的冲突。","No conflict is available.","无默认操作","错误码或完整已知诊断原文匹配；嵌套原因优先","解决方向不授权动作；发送结果未知时只能核对状态，原业务门禁继续生效"
"No conflict is available.","[]","当前没有可处理的冲突。","No conflict is available.","无默认操作","错误码或完整已知诊断原文匹配；嵌套原因优先","解决方向不授权动作；发送结果未知时只能核对状态，原业务门禁继续生效"
"当前操作暂时无法进入准备队列。","[{""text"":""当前操作暂时无法进入准备队列。""}]","当前操作暂时无法进入准备队列。","This operation cannot be queued yet.","无默认操作","错误码或完整已知诊断原文匹配；嵌套原因优先","解决方向不授权动作；发送结果未知时只能核对状态，原业务门禁继续生效"
"This operation cannot be queued yet.","[]","当前操作暂时无法进入准备队列。","This operation cannot be queued yet.","无默认操作","错误码或完整已知诊断原文匹配；嵌套原因优先","解决方向不授权动作；发送结果未知时只能核对状态，原业务门禁继续生效"
"任务优先级更新能力不可用。","[{""text"":""任务优先级更新能力不可用。""}]","任务优先级更新能力不可用。","Task priority update is unavailable.","无默认操作","错误码或完整已知诊断原文匹配；嵌套原因优先","解决方向不授权动作；发送结果未知时只能核对状态，原业务门禁继续生效"
"Task priority update is unavailable.","[]","任务优先级更新能力不可用。","Task priority update is unavailable.","无默认操作","错误码或完整已知诊断原文匹配；嵌套原因优先","解决方向不授权动作；发送结果未知时只能核对状态，原业务门禁继续生效"
"ZEUS_ZENTAO_BAD_REQUEST","[]","请先填写此禅道连接的账号。","Enter the account for this ZenTao connection first.","无默认操作","错误码或完整已知诊断原文匹配；嵌套原因优先","解决方向不授权动作；发送结果未知时只能核对状态，原业务门禁继续生效"
"ZEUS_ZENTAO_PASSWORD_MISSING","[]","禅道连接尚未保存密码，请填写密码后再验证。","The ZenTao connection has no saved password. Enter a password before verifying.","无默认操作","错误码或完整已知诊断原文匹配；嵌套原因优先","解决方向不授权动作；发送结果未知时只能核对状态，原业务门禁继续生效"
"ZEUS_ZENTAO_API_UNAVAILABLE","[]","此禅道地址没有提供登录接口，请检查地址或联系管理员启用 REST API。","This ZenTao address has no sign-in endpoint. Check the address or ask the administrator to enable the REST API.","无默认操作","错误码或完整已知诊断原文匹配；嵌套原因优先","解决方向不授权动作；发送结果未知时只能核对状态，原业务门禁继续生效"
"ZEUS_ZENTAO_HTTP_400","[]","禅道拒绝了登录请求的参数，请检查账号信息与实例配置。","ZenTao rejected the sign-in request parameters. Check the account information and instance settings.","无默认操作","错误码或完整已知诊断原文匹配；嵌套原因优先","解决方向不授权动作；发送结果未知时只能核对状态，原业务门禁继续生效"
"ZEUS_ZENTAO_HTTP_401","[]","禅道未接受登录信息，请检查账号和密码。","ZenTao did not accept the credentials. Check the account and password.","无默认操作","错误码或完整已知诊断原文匹配；嵌套原因优先","解决方向不授权动作；发送结果未知时只能核对状态，原业务门禁继续生效"
"ZEUS_ZENTAO_AUTH_FAILED","[]","禅道未接受登录信息，请检查账号和密码。","ZenTao did not accept the credentials. Check the account and password.","无默认操作","错误码或完整已知诊断原文匹配；嵌套原因优先","解决方向不授权动作；发送结果未知时只能核对状态，原业务门禁继续生效"
"ZEUS_ZENTAO_HTTP_403","[]","禅道不允许当前账号访问，请检查账号权限。","ZenTao denied access to this account. Check its permissions.","无默认操作","错误码或完整已知诊断原文匹配；嵌套原因优先","解决方向不授权动作；发送结果未知时只能核对状态，原业务门禁继续生效"
"ZEUS_ZENTAO_TOKEN_MISSING","[]","禅道响应中没有登录凭证，无法确认登录成功。请联系实例管理员检查配置。","ZenTao returned no sign-in token, so sign-in cannot be confirmed. Ask the instance administrator to check its configuration.","无默认操作","错误码或完整已知诊断原文匹配；嵌套原因优先","解决方向不授权动作；发送结果未知时只能核对状态，原业务门禁继续生效"
"ZEUS_ZENTAO_HTTP_FAILED","[]","禅道服务返回了错误，无法完成登录检查。请查看详情中的响应状态。","The ZenTao service returned an error and sign-in could not be checked. See the response status in the details.","无默认操作","错误码或完整已知诊断原文匹配；嵌套原因优先","解决方向不授权动作；发送结果未知时只能核对状态，原业务门禁继续生效"
"ZEUS_ZENTAO_TIMEOUT","[]","禅道未能及时响应，请检查服务地址和服务状态。","ZenTao did not respond in time. Check the service address and status.","无默认操作","错误码或完整已知诊断原文匹配；嵌套原因优先","解决方向不授权动作；发送结果未知时只能核对状态，原业务门禁继续生效"
"ZEUS_ZENTAO_CONNECT_FAILED","[]","未能连接禅道，具体原因尚未确定。请查看错误详情。","ZenTao could not be reached, and the cause is unknown. See the error details.","无默认操作","错误码或完整已知诊断原文匹配；嵌套原因优先","解决方向不授权动作；发送结果未知时只能核对状态，原业务门禁继续生效"
"ZEUS_LONG_TERM_MEMORY_CANDIDATE_REJECTED","[{""file"":""packages/local-server/src/memoryContextApi.ts"",""line"":96,""value"":""任务事实、一次性结果和运行证据不能进入长期记忆。""},{""file"":""packages/storage/src/longTermMemoryStore.ts"",""line"":227,""value"":""任务事实、一次性结果和运行证据不能修正为长期记忆。""}]","此内容属于任务事实或一次性结果，不适合作为长期规则保存。请保留在对应任务中。","This content describes task facts or a one-time result and cannot be saved as a long-term rule. Keep it with the task.","无默认操作","错误码或完整已知诊断原文匹配；嵌套原因优先","解决方向不授权动作；发送结果未知时只能核对状态，原业务门禁继续生效"
"ZEUS_LONG_TERM_MEMORY_CONFIRMATION_REQUIRED","[{""file"":""packages/storage/src/longTermMemoryStore.ts"",""line"":389,""value"":""会影响外部状态的长期规则必须来自用户或项目指令，并具有 explicit 确认等级。""}]","这条长期规则会影响后续操作，需要你明确确认后才能保存。","This long-term rule affects future actions and needs your explicit confirmation before it can be saved.","无默认操作","错误码或完整已知诊断原文匹配；嵌套原因优先","解决方向不授权动作；发送结果未知时只能核对状态，原业务门禁继续生效"
"ZEUS_LONG_TERM_MEMORY_HEAD_CONFLICT","[{""file"":""packages/storage/src/longTermMemoryStore.ts"",""line"":202,""value"":""长期记忆 ID 已绑定到不同内容。""},{""file"":""packages/storage/src/longTermMemoryStore.ts"",""line"":207,""value"":""同一 scope 与 memory key 已有当前版本，修正时必须显式 supersede 当前 head。""},{""file"":""packages/storage/src/longTermMemoryStore.ts"",""line"":215,""value"":""supersedes 指向的记录不是该 scope 与 memory key 的当前 head。""},{""file"":""packages/storage/src/longTermMemoryStore.ts"",""line"":333,""value"":""同一 scope 与 memory key 存在多个未被 supersede 的 head，必须先人工修复。""}]","这条记忆的当前版本与本次修改不一致，请载入最新记忆后再修改。","The current version of this memory does not match this edit. Load the latest memory before editing.","无默认操作","错误码或完整已知诊断原文匹配；嵌套原因优先","解决方向不授权动作；发送结果未知时只能核对状态，原业务门禁继续生效"
"ZEUS_LONG_TERM_MEMORY_NOT_FOUND","[{""file"":""packages/storage/src/longTermMemoryStore.ts"",""line"":224,""value"":""要修正的长期记忆不存在。""},{""file"":""packages/storage/src/longTermMemoryStore.ts"",""line"":238,""value"":""要停用或删除的长期记忆不存在。""}]","找不到要修改或移除的记忆，请刷新记忆列表。","The memory to edit or remove could not be found. Refresh the memory list.","无默认操作","错误码或完整已知诊断原文匹配；嵌套原因优先","解决方向不授权动作；发送结果未知时只能核对状态，原业务门禁继续生效"
"ZEUS_TASK_WORK_TASK_TERMINAL","[]","任务已完成或取消，不能创建新工作项。请先重新打开任务。","The task is completed or cancelled and cannot accept new work. Reopen it first.","无默认操作","错误码或完整已知诊断原文匹配；嵌套原因优先","解决方向不授权动作；发送结果未知时只能核对状态，原业务门禁继续生效"
"ZEUS_DIGITAL_EMPLOYEE_DISABLED","[{""file"":""packages/local-server/src/digitalEmployeeRoutes.ts"",""line"":420,""value"":""数字员工已停用，不能接收失败重试。""},{""file"":""packages/local-server/src/digitalEmployeeRoutes.ts"",""line"":445,""value"":""数字员工已停用，不能接收下一阶段。""},{""file"":""packages/local-server/src/digitalEmployeeRoutes.ts"",""line"":470,""value"":""数字员工已停用，不能接收返工。""},{""file"":""packages/local-server/src/digitalEmployeeRoutes.ts"",""line"":892,""value"":""数字员工已停用，不能创建或运行自动化。""}]","这个数字员工已停用，请启用后再指派工作。","This digital employee is disabled. Enable it before assigning work.","无默认操作","错误码或完整已知诊断原文匹配；嵌套原因优先","解决方向不授权动作；发送结果未知时只能核对状态，原业务门禁继续生效"
"ZEUS_DIGITAL_EMPLOYEE_AGENT_ENTRYPOINT_REQUIRED","[{""file"":""packages/local-server/src/digitalEmployeeOrchestrator.ts"",""line"":339,""value"":""数字员工必须通过 Agent 会话执行；自动化不会运行旧版入口配置。""},{""file"":""packages/local-server/src/digitalEmployeeRoutes.ts"",""line"":564,""value"":""数字员工必须通过 Agent 会话执行；命令只是受权限约束的一项运行能力。""},{""file"":""packages/local-server/src/taskWorkManagement.ts"",""line"":598,""value"":""数字员工必须通过 Agent 会话执行。""}]","这个数字员工缺少可执行配置。请在员工设置中补齐配置并保存。","This digital employee has no executable configuration. Complete and save it in employee settings.","无默认操作","错误码或完整已知诊断原文匹配；嵌套原因优先","解决方向不授权动作；发送结果未知时只能核对状态，原业务门禁继续生效"
"ZEUS_TASK_WORK_SKILL_INVALID","[]","所选技能当前不可用，请重新选择技能。","The selected skill is unavailable. Select a skill again.","无默认操作","错误码或完整已知诊断原文匹配；嵌套原因优先","解决方向不授权动作；发送结果未知时只能核对状态，原业务门禁继续生效"
"ZEUS_TASK_WORK_SKILL_UNAVAILABLE","[]","所选技能当前不可用，请重新选择技能。","The selected skill is unavailable. Select a skill again.","无默认操作","错误码或完整已知诊断原文匹配；嵌套原因优先","解决方向不授权动作；发送结果未知时只能核对状态，原业务门禁继续生效"
"ZEUS_TASK_WORK_ENVIRONMENT_INVALID","[]","所选任务分支或工作目录不可用。请重新选择可用分支或工作目录。","The selected task branch or working folder is unavailable. Select an available branch or folder.","无默认操作","错误码或完整已知诊断原文匹配；嵌套原因优先","解决方向不授权动作；发送结果未知时只能核对状态，原业务门禁继续生效"
"ZEUS_TASK_WORK_LOCAL_BRANCH_INVALID","[]","所选任务分支或工作目录不可用。请重新选择可用分支或工作目录。","The selected task branch or working folder is unavailable. Select an available branch or folder.","无默认操作","错误码或完整已知诊断原文匹配；嵌套原因优先","解决方向不授权动作；发送结果未知时只能核对状态，原业务门禁继续生效"
"ZEUS_TASK_WORK_SOURCE_REF_UNAVAILABLE","[]","所选任务分支或工作目录不可用。请重新选择可用分支或工作目录。","The selected task branch or working folder is unavailable. Select an available branch or folder.","无默认操作","错误码或完整已知诊断原文匹配；嵌套原因优先","解决方向不授权动作；发送结果未知时只能核对状态，原业务门禁继续生效"
"ZEUS_TASK_WORK_ENVIRONMENT_CLOSED","[]","所选任务工作目录已经关闭，请选择其他目录或新建目录。","The selected task working folder is closed. Select another folder or create one.","无默认操作","错误码或完整已知诊断原文匹配；嵌套原因优先","解决方向不授权动作；发送结果未知时只能核对状态，原业务门禁继续生效"
"ZEUS_TASK_WORK_ENVIRONMENT_BUSY","[]","所选分支或目录正在被其他工作使用。请选择其他目录，或先完成现有工作。","Other work is using this branch or folder. Select another folder or finish the existing work first.","无默认操作","错误码或完整已知诊断原文匹配；嵌套原因优先","解决方向不授权动作；发送结果未知时只能核对状态，原业务门禁继续生效"
"ZEUS_TASK_WORK_LOCAL_BRANCH_CHECKED_OUT","[]","所选分支或目录正在被其他工作使用。请选择其他目录，或先完成现有工作。","Other work is using this branch or folder. Select another folder or finish the existing work first.","无默认操作","错误码或完整已知诊断原文匹配；嵌套原因优先","解决方向不授权动作；发送结果未知时只能核对状态，原业务门禁继续生效"
"ZEUS_TASK_WORK_LOCAL_BRANCH_MANAGED","[]","所选分支或目录正在被其他工作使用。请选择其他目录，或先完成现有工作。","Other work is using this branch or folder. Select another folder or finish the existing work first.","无默认操作","错误码或完整已知诊断原文匹配；嵌套原因优先","解决方向不授权动作；发送结果未知时只能核对状态，原业务门禁继续生效"
"ZEUS_TASK_WORK_REPOSITORY_REVISION_REQUIRED","[]","未能读取完整项目仓库信息，暂时不能启动。请刷新仓库列表。","The project repository information could not be fully read, so work cannot start. Refresh the repository list.","无默认操作","错误码或完整已知诊断原文匹配；嵌套原因优先","解决方向不授权动作；发送结果未知时只能核对状态，原业务门禁继续生效"
"ZEUS_TASK_WORK_CONTEXT_DELIVERABLE_INVALID","[]","所选交付物尚未验收或不属于这项任务。请选择本任务中已验收的交付物。","The selected deliverable is not accepted or belongs to another task. Select an accepted deliverable from this task.","无默认操作","错误码或完整已知诊断原文匹配；嵌套原因优先","解决方向不授权动作；发送结果未知时只能核对状态，原业务门禁继续生效"
"ZEUS_TASK_WORK_MODEL_UNAVAILABLE","[]","项目中没有可用的所选模型。请在项目的“可用模型”中启用模型后重新选择。","The selected model is unavailable in this project. Enable it under the project’s Available models, then select it again.","无默认操作","错误码或完整已知诊断原文匹配；嵌套原因优先","解决方向不授权动作；发送结果未知时只能核对状态，原业务门禁继续生效"
"ZEUS_TASK_WORK_REASONING_NOT_ALLOWED","[]","当前模型不支持所选推理强度，请选择支持的强度。","The model does not support the selected reasoning effort. Select a supported level.","无默认操作","错误码或完整已知诊断原文匹配；嵌套原因优先","解决方向不授权动作；发送结果未知时只能核对状态，原业务门禁继续生效"
"ZEUS_TASK_WORK_SERVICE_TIER_NOT_ALLOWED","[]","当前模型不支持所选服务速率，请选择支持的选项。","The model does not support the selected service tier. Select a supported option.","无默认操作","错误码或完整已知诊断原文匹配；嵌套原因优先","解决方向不授权动作；发送结果未知时只能核对状态，原业务门禁继续生效"
"ZEUS_TASK_WORK_COMMAND_PARAMETER_REQUIRED","[]","有必填命令参数尚未填写。请补齐表单中的必填项；详情中列出了对应参数。","Required command parameters are missing. Complete the required form fields; the details identify the parameters.","无默认操作","错误码或完整已知诊断原文匹配；嵌套原因优先","解决方向不授权动作；发送结果未知时只能核对状态，原业务门禁继续生效"
"ZEUS_TASK_WORK_COMMAND_PARAMETER_INVALID","[]","命令参数的类型不正确或包含未定义项。请按命令表单重新填写，并查看详情中的参数名称。","A command parameter has the wrong type or is not defined. Enter values using the command form and check the parameter names in the details.","无默认操作","错误码或完整已知诊断原文匹配；嵌套原因优先","解决方向不授权动作；发送结果未知时只能核对状态，原业务门禁继续生效"
"ZEUS_TASK_WORK_COMMAND_PARAMETER_UNKNOWN","[]","命令参数的类型不正确或包含未定义项。请按命令表单重新填写，并查看详情中的参数名称。","A command parameter has the wrong type or is not defined. Enter values using the command form and check the parameter names in the details.","无默认操作","错误码或完整已知诊断原文匹配；嵌套原因优先","解决方向不授权动作；发送结果未知时只能核对状态，原业务门禁继续生效"
"ZEUS_GIT_COMMAND_OUTCOME_UNKNOWN","[{""file"":""packages/local-server/src/gitCommandApplication.ts"",""line"":287,""value"":""Git command result is unknown after write started: ${detail}""}]","上次操作的结果尚未确认，Zeus 已暂停继续执行，避免重复操作。请检查实际处理状态。","The previous action’s result is unconfirmed. Zeus paused further execution to avoid duplicate actions. Check the actual processing state.","无默认操作","错误码或完整已知诊断原文匹配；嵌套原因优先","解决方向不授权动作；发送结果未知时只能核对状态，原业务门禁继续生效"
"ZEUS_TASK_WORK_OUTCOME_UNKNOWN","[{""file"":""packages/local-server/src/taskWorkManagement.ts"",""line"":970,""value"":""结果未知的运行不能自动重发。""}]","上次操作的结果尚未确认，Zeus 已暂停继续执行，避免重复操作。请检查实际处理状态。","The previous action’s result is unconfirmed. Zeus paused further execution to avoid duplicate actions. Check the actual processing state.","无默认操作","错误码或完整已知诊断原文匹配；嵌套原因优先","解决方向不授权动作；发送结果未知时只能核对状态，原业务门禁继续生效"
"ZEUS_TASK_WORK_STOP_OUTCOME_UNKNOWN","[{""file"":""packages/local-server/src/taskWorkManagement.ts"",""line"":1060,""value"":""Agent 正在派发且尚未返回耐久会话身份；结果确认前不会启动新的数字员工。""},{""file"":""packages/local-server/src/taskWorkManagement.ts"",""line"":1083,""value"":""命令仍在停止中，结果确认前不会启动新的数字员工。""}]","上次操作的结果尚未确认，Zeus 已暂停继续执行，避免重复操作。请检查实际处理状态。","The previous action’s result is unconfirmed. Zeus paused further execution to avoid duplicate actions. Check the actual processing state.","无默认操作","错误码或完整已知诊断原文匹配；嵌套原因优先","解决方向不授权动作；发送结果未知时只能核对状态，原业务门禁继续生效"
"ZEUS_AUTOMATION_DISPATCH_OUTCOME_UNKNOWN","[{""file"":""packages/storage/src/automationStore.ts"",""line"":685,""value"":""覆盖时无法证明旧 Provider 或外部命令已停止。""}]","上次操作的结果尚未确认，Zeus 已暂停继续执行，避免重复操作。请检查实际处理状态。","The previous action’s result is unconfirmed. Zeus paused further execution to avoid duplicate actions. Check the actual processing state.","无默认操作","错误码或完整已知诊断原文匹配；嵌套原因优先","解决方向不授权动作；发送结果未知时只能核对状态，原业务门禁继续生效"
"ZEUS_WORKSPACE_GIT_COMMAND_OUTCOME_UNKNOWN","[{""file"":""packages/local-server/src/workspaceGitCommandApplication.ts"",""line"":318,""value"":""Workspace Git result is unknown after the external write started: ${detail}""}]","上次操作的结果尚未确认，Zeus 已暂停继续执行，避免重复操作。请检查实际处理状态。","The previous action’s result is unconfirmed. Zeus paused further execution to avoid duplicate actions. Check the actual processing state.","无默认操作","错误码或完整已知诊断原文匹配；嵌套原因优先","解决方向不授权动作；发送结果未知时只能核对状态，原业务门禁继续生效"
"ZEUS_EXECUTION_HOST_STOP_OUTCOME_UNKNOWN","[{""file"":""packages/local-server/src/executionHostStopCommandApplication.ts"",""line"":335,""value"":""Execution Host stop result is unknown after external write started: ${detail}""}]","上次操作的结果尚未确认，Zeus 已暂停继续执行，避免重复操作。请检查实际处理状态。","The previous action’s result is unconfirmed. Zeus paused further execution to avoid duplicate actions. Check the actual processing state.","无默认操作","错误码或完整已知诊断原文匹配；嵌套原因优先","解决方向不授权动作；发送结果未知时只能核对状态，原业务门禁继续生效"
"ZEUS_PROJECT_CONVERSATION_START_PERSIST_FAILED","[]","Zeus 无法记录这次操作，已停止继续执行。请查看本机存储错误详情。","Zeus could not record this action and stopped further execution. See the local storage error details.","无默认操作","错误码或完整已知诊断原文匹配；嵌套原因优先","解决方向不授权动作；发送结果未知时只能核对状态，原业务门禁继续生效"
"ZEUS_NATIVE_CONVERSATION_START_PERSIST_FAILED","[]","Zeus 无法记录这次操作，已停止继续执行。请查看本机存储错误详情。","Zeus could not record this action and stopped further execution. See the local storage error details.","无默认操作","错误码或完整已知诊断原文匹配；嵌套原因优先","解决方向不授权动作；发送结果未知时只能核对状态，原业务门禁继续生效"
"ZEUS_CONVERSATION_COMMAND_PERSIST_FAILED","[]","Zeus 无法记录这次操作，已停止继续执行。请查看本机存储错误详情。","Zeus could not record this action and stopped further execution. See the local storage error details.","无默认操作","错误码或完整已知诊断原文匹配；嵌套原因优先","解决方向不授权动作；发送结果未知时只能核对状态，原业务门禁继续生效"
"ZEUS_CONVERSATION_COMMAND_STORAGE_UNAVAILABLE","[]","Zeus 无法记录这次操作，已停止继续执行。请查看本机存储错误详情。","Zeus could not record this action and stopped further execution. See the local storage error details.","无默认操作","错误码或完整已知诊断原文匹配；嵌套原因优先","解决方向不授权动作；发送结果未知时只能核对状态，原业务门禁继续生效"
"ZEUS_PROJECT_SOURCE_SYMLINK_READ_ONLY","[{""file"":""apps/desktop/src/main/projectSourceWorkspace.ts"",""line"":120,""value"":""符号链接文件只能查看，不能在 Zeus 中保存。""}]","这是指向其他位置的链接文件，只能查看。请打开原文件后修改。","This file links to another location and can only be viewed here. Open the original file to edit it.","无默认操作","错误码或完整已知诊断原文匹配；嵌套原因优先","解决方向不授权动作；发送结果未知时只能核对状态，原业务门禁继续生效"
"ZEUS_PROJECT_SOURCE_CONFLICT","[{""file"":""apps/desktop/src/main/projectSourceWorkspace.ts"",""line"":125,""value"":""文件已被外部修改，请重新加载或另存为。""}]","文件已被其他应用修改，本次保存已停止。请重新加载最新内容，或另存为其他文件。","Another app changed the file, so this save was stopped. Reload the latest content or save to another file.","无默认操作","错误码或完整已知诊断原文匹配；嵌套原因优先","解决方向不授权动作；发送结果未知时只能核对状态，原业务门禁继续生效"
"ZEUS_PROJECT_SOURCE_TOO_LARGE","[{""file"":""apps/desktop/src/main/projectSourceWorkspace.ts"",""line"":131,""value"":""保存后的文件超过 2 MiB 编辑上限。""}]","文件超过 2 MiB，无法在内置编辑器中保存。请使用外部编辑器。","The file exceeds 2 MiB and cannot be saved in the built-in editor. Use an external editor.","无默认操作","错误码或完整已知诊断原文匹配；嵌套原因优先","解决方向不授权动作；发送结果未知时只能核对状态，原业务门禁继续生效"
"ZEUS_PROJECT_SOURCE_MOVE_DESCENDANT","[{""file"":""apps/desktop/src/main/projectSourceWorkspace.ts"",""line"":188,""value"":""目录不能移动到自身内部。""}]","文件夹不能移动到自身内部，请选择其他位置。","A folder cannot be moved inside itself. Choose another location.","无默认操作","错误码或完整已知诊断原文匹配；嵌套原因优先","解决方向不授权动作；发送结果未知时只能核对状态，原业务门禁继续生效"
"ZEUS_PROJECT_SOURCE_ROOT_INVALID","[{""file"":""apps/desktop/src/main/projectSourceWorkspace.ts"",""line"":234,""value"":""项目目录不可用。""}]","项目目录不存在或无法访问。请检查目录位置和访问权限。","The project folder does not exist or cannot be accessed. Check its location and permissions.","无默认操作","错误码或完整已知诊断原文匹配；嵌套原因优先","解决方向不授权动作；发送结果未知时只能核对状态，原业务门禁继续生效"
"ZEUS_PROJECT_WORKSPACE_PATH_INVALID","[{""file"":""packages/local-server/src/workManagementProjectOperations.ts"",""line"":170,""value"":""Workspace path does not exist: ${value.localPath}""}]","项目目录不存在或无法访问。请检查目录位置和访问权限。","The project folder does not exist or cannot be accessed. Check its location and permissions.","无默认操作","错误码或完整已知诊断原文匹配；嵌套原因优先","解决方向不授权动作；发送结果未知时只能核对状态，原业务门禁继续生效"
"ZEUS_PROJECT_SOURCE_PATH_FORBIDDEN","[{""file"":""apps/desktop/src/main/projectSourceWorkspace.ts"",""line"":255,""value"":""路径解析到了项目目录之外。""},{""file"":""apps/desktop/src/main/projectSourceWorkspace.ts"",""line"":264,""value"":""路径解析到了项目目录之外。""},{""file"":""apps/desktop/src/main/projectSourceWorkspace.ts"",""line"":273,""value"":""路径必须位于当前项目内。""},{""file"":""apps/desktop/src/main/projectSourceWorkspace.ts"",""line"":290,""value"":"".git 和项目外路径不允许访问。""}]","所选路径位于项目目录之外。请在项目目录内选择文件或文件夹。","The selected path is outside the project folder. Select a file or folder within the project.","无默认操作","错误码或完整已知诊断原文匹配；嵌套原因优先","解决方向不授权动作；发送结果未知时只能核对状态，原业务门禁继续生效"
"ZEUS_PROJECT_WORKSPACE_PATH_OUTSIDE_CONTAINER","[{""file"":""packages/local-server/src/workManagementProjectOperations.ts"",""line"":173,""value"":""Workspace path must be a directory inside the project container: ${value.localPath}""}]","所选路径位于项目目录之外。请在项目目录内选择文件或文件夹。","The selected path is outside the project folder. Select a file or folder within the project.","无默认操作","错误码或完整已知诊断原文匹配；嵌套原因优先","解决方向不授权动作；发送结果未知时只能核对状态，原业务门禁继续生效"
"ZEUS_PROJECT_SOURCE_NOT_FILE","[{""file"":""apps/desktop/src/main/projectSourceWorkspace.ts"",""line"":266,""value"":""目标不是普通文件。""}]","所选对象不是普通文件，请重新选择文件。","The selected item is not a regular file. Select a file again.","无默认操作","错误码或完整已知诊断原文匹配；嵌套原因优先","解决方向不授权动作；发送结果未知时只能核对状态，原业务门禁继续生效"
"ZEUS_PROJECT_SOURCE_NOT_DIRECTORY","[{""file"":""apps/desktop/src/main/projectSourceWorkspace.ts"",""line"":267,""value"":""目标不是目录。""}]","所选对象不是文件夹，请重新选择文件夹。","The selected item is not a folder. Select a folder again.","无默认操作","错误码或完整已知诊断原文匹配；嵌套原因优先","解决方向不授权动作；发送结果未知时只能核对状态，原业务门禁继续生效"
"ZEUS_PROJECT_SOURCE_NAME_INVALID","[{""file"":""apps/desktop/src/main/projectSourceWorkspace.ts"",""line"":295,""value"":""文件或目录名称无效。""}]","文件或文件夹名称无效，请检查名称中是否有不允许的字符。","The file or folder name is invalid. Check it for unsupported characters.","无默认操作","错误码或完整已知诊断原文匹配；嵌套原因优先","解决方向不授权动作；发送结果未知时只能核对状态，原业务门禁继续生效"
"ZEUS_PROJECT_SOURCE_TARGET_EXISTS","[{""file"":""apps/desktop/src/main/projectSourceWorkspace.ts"",""line"":388,""value"":""目标文件或目录已经存在。""}]","目标位置已有同名文件或文件夹。请修改名称或选择其他位置。","A file or folder with this name already exists at the destination. Change the name or choose another location.","无默认操作","错误码或完整已知诊断原文匹配；嵌套原因优先","解决方向不授权动作；发送结果未知时只能核对状态，原业务门禁继续生效"
"ZEUS_PROJECT_SHARED_PATH_TOO_BROAD","[{""file"":""packages/local-server/src/workManagementProjectOperations.ts"",""line"":174,""value"":""The whole project container cannot be registered as a shared writable path.""}]","不能将整个项目设为共享写入目录。请只选择需要共享的子目录。","The whole project cannot be shared for writing. Select only the subfolders that need to be shared.","无默认操作","错误码或完整已知诊断原文匹配；嵌套原因优先","解决方向不授权动作；发送结果未知时只能核对状态，原业务门禁继续生效"
"ZEUS_PROJECT_WORKSPACE_PATH_DUPLICATE","[{""file"":""packages/local-server/src/workManagementProjectOperations.ts"",""line"":175,""value"":""Workspace path is duplicated: ${value.localPath}""}]","共享目录重复或互相包含，请移除重复项或重叠的目录。","Shared folders are duplicated or contain one another. Remove duplicate or overlapping entries.","无默认操作","错误码或完整已知诊断原文匹配；嵌套原因优先","解决方向不授权动作；发送结果未知时只能核对状态，原业务门禁继续生效"
"ZEUS_PROJECT_WORKSPACE_PATH_OVERLAP","[{""file"":""packages/local-server/src/workManagementProjectOperations.ts"",""line"":186,""value"":""Shared writable paths cannot contain one another.""}]","共享目录重复或互相包含，请移除重复项或重叠的目录。","Shared folders are duplicated or contain one another. Remove duplicate or overlapping entries.","无默认操作","错误码或完整已知诊断原文匹配；嵌套原因优先","解决方向不授权动作；发送结果未知时只能核对状态，原业务门禁继续生效"
"ZEUS_GIT_COMMIT_REQUIRED","[{""file"":""apps/desktop/src/main/projectGitWorkbench.ts"",""line"":75,""value"":""必须选择一个提交。""}]","请先选择要查看的提交。","Select a commit to view.","无默认操作","错误码或完整已知诊断原文匹配；嵌套原因优先","解决方向不授权动作；发送结果未知时只能核对状态，原业务门禁继续生效"
"ZEUS_GIT_REF_REQUIRED","[{""file"":""apps/desktop/src/main/projectGitWorkbench.ts"",""line"":81,""value"":""必须选择一个比较分支。""},{""file"":""packages/local-server/src/projectGitQueryApplication.ts"",""line"":61,""value"":""A comparison branch is required.""}]","请先选择分支。","Select a branch first.","无默认操作","错误码或完整已知诊断原文匹配；嵌套原因优先","解决方向不授权动作；发送结果未知时只能核对状态，原业务门禁继续生效"
"ZEUS_GIT_BRANCH_REQUIRED","[{""file"":""packages/git-core/src/index.ts"",""line"":1499,""value"":""Git ${label} is required.""}]","请先选择分支。","Select a branch first.","无默认操作","错误码或完整已知诊断原文匹配；嵌套原因优先","解决方向不授权动作；发送结果未知时只能核对状态，原业务门禁继续生效"
"ZEUS_GIT_REPOSITORY_REQUIRED","[{""file"":""apps/desktop/src/main/projectGitWorkbench.ts"",""line"":111,""value"":""必须选择一个项目仓库。""},{""file"":""packages/git-core/src/index.ts"",""line"":498,""value"":""The selected project is not a Git repository.""},{""file"":""packages/git-core/src/index.ts"",""line"":623,""value"":""Task workspace repository is unavailable during cleanup.""},{""file"":""packages/git-core/src/index.ts"",""line"":634,""value"":""Task workspace is not a Git repository.""},{""file"":""packages/git-core/src/index.ts"",""line"":725,""value"":""The selected project is not a Git repository.""},{""file"":""packages/git-core/src/index.ts"",""line"":791,""value"":""The selected project is not a Git repository.""},{""file"":""packages/git-core/src/index.ts"",""line"":834,""value"":""The selected project is not a Git repository.""},{""file"":""packages/git-core/src/index.ts"",""line"":920,""value"":""The selected project is not a Git repository.""},{""file"":""packages/git-core/src/index.ts"",""line"":1001,""value"":""The selected project is not a Git repository.""},{""file"":""packages/git-core/src/index.ts"",""line"":1031,""value"":""The selected project is not a Git repository.""},{""file"":""packages/git-core/src/index.ts"",""line"":1060,""value"":""The selected project is not a Git repository.""},{""file"":""packages/git-core/src/index.ts"",""line"":1122,""value"":""The selected project is not a Git repository.""},{""file"":""packages/git-core/src/index.ts"",""line"":1266,""value"":""The selected project is not a Git repository.""},{""file"":""packages/git-core/src/index.ts"",""line"":1887,""value"":""The selected directory is not a Git repository.""},{""file"":""packages/git-core/src/index.ts"",""line"":1937,""value"":""The selected directory is not a Git repository.""},{""file"":""packages/git-core/src/index.ts"",""line"":2127,""value"":""The selected directory is not a Git repository.""},{""file"":""packages/git-core/src/index.ts"",""line"":2152,""value"":""The selected directory is not a Git repository.""},{""file"":""packages/local-server/src/conversationApplicationOperations.ts"",""line"":2791,""value"":""The task repository is unavailable.""}]","请先选择项目中的代码仓库。","Select a repository in this project first.","无默认操作","错误码或完整已知诊断原文匹配；嵌套原因优先","解决方向不授权动作；发送结果未知时只能核对状态，原业务门禁继续生效"
"ZEUS_GIT_REPOSITORY_NOT_FOUND","[{""file"":""apps/desktop/src/main/projectGitWorkbench.ts"",""line"":114,""value"":""所选仓库已不属于当前项目，请刷新 Git 工作台。""},{""file"":""packages/local-server/src/projectGitQueryApplication.ts"",""line"":100,""value"":""The selected repository is no longer part of this project.""}]","所选代码仓库已不在当前项目中。请刷新仓库列表后重新选择。","The selected repository is no longer in this project. Refresh the repository list and select again.","无默认操作","错误码或完整已知诊断原文匹配；嵌套原因优先","解决方向不授权动作；发送结果未知时只能核对状态，原业务门禁继续生效"
"ZEUS_PROJECT_REPOSITORY_NOT_FOUND","[{""file"":""packages/local-server/src/gitIntegrationOperations.ts"",""line"":890,""value"":""Project repository not found""},{""file"":""packages/local-server/src/gitIntegrationOperations.ts"",""line"":1052,""value"":""Project repository not found""},{""file"":""packages/local-server/src/gitIntegrationOperations.ts"",""line"":1343,""value"":""Project repository not found""}]","所选代码仓库已不在当前项目中。请刷新仓库列表后重新选择。","The selected repository is no longer in this project. Refresh the repository list and select again.","无默认操作","错误码或完整已知诊断原文匹配；嵌套原因优先","解决方向不授权动作；发送结果未知时只能核对状态，原业务门禁继续生效"
"ZEUS_PROJECT_REPOSITORY_UNAVAILABLE","[{""file"":""packages/local-server/src/conversationCapabilityQueryApplication.ts"",""line"":266,""value"":""Project repository is unavailable: ${registered.relativePath}""},{""file"":""packages/local-server/src/gitIntegrationOperations.ts"",""line"":191,""value"":""Project repository is unavailable: ${registeredRepository.relativePath}""},{""file"":""packages/local-server/src/gitIntegrationOperations.ts"",""line"":352,""value"":""Project repository path is outside the project directory: ${registeredRepository.relativePath}""},{""file"":""packages/local-server/src/gitIntegrationOperations.ts"",""line"":356,""value"":""Project repository is unavailable: ${registeredRepository.relativePath}""},{""file"":""packages/local-server/src/gitIntegrationOperations.ts"",""line"":653,""value"":""Project repository is unavailable: ${workspace.repositoryRelativePath}""},{""file"":""packages/local-server/src/gitIntegrationOperations.ts"",""line"":1346,""value"":""Project repository path is outside the project directory.""},{""file"":""packages/local-server/src/gitIntegrationOperations.ts"",""line"":1350,""value"":""Project repository is unavailable.""}]","项目代码仓库无法访问，或已不在允许的项目目录内。请检查仓库位置。","The project repository cannot be accessed or is outside the permitted project folder. Check its location.","无默认操作","错误码或完整已知诊断原文匹配；嵌套原因优先","解决方向不授权动作；发送结果未知时只能核对状态，原业务门禁继续生效"
"ZEUS_TASK_BRANCH_PREFIX_REQUIRED","[{""file"":""packages/git-core/src/index.ts"",""line"":484,""value"":""Task branches must use the zeus/ prefix.""}]","任务分支名称必须以 zeus/ 开头，请修改分支名称。","Task branch names must start with zeus/. Update the branch name.","无默认操作","错误码或完整已知诊断原文匹配；嵌套原因优先","解决方向不授权动作；发送结果未知时只能核对状态，原业务门禁继续生效"
"ZEUS_TASK_BRANCH_INVALID","[{""file"":""packages/git-core/src/index.ts"",""line"":488,""value"":""Invalid task branch name: ${normalized}""}]","分支名称不符合 Git 的命名要求，请检查名称。","The branch name does not meet Git’s naming requirements. Check the name.","无默认操作","错误码或完整已知诊断原文匹配；嵌套原因优先","解决方向不授权动作；发送结果未知时只能核对状态，原业务门禁继续生效"
"ZEUS_GIT_BRANCH_INVALID","[{""file"":""packages/git-core/src/index.ts"",""line"":1503,""value"":""Invalid Git ${label}: ${normalized}""}]","分支名称不符合 Git 的命名要求，请检查名称。","The branch name does not meet Git’s naming requirements. Check the name.","无默认操作","错误码或完整已知诊断原文匹配；嵌套原因优先","解决方向不授权动作；发送结果未知时只能核对状态，原业务门禁继续生效"
"ZEUS_TASK_BRANCH_ALREADY_EXISTS","[{""file"":""packages/git-core/src/index.ts"",""line"":514,""value"":""Task branch already has a registered worktree: ${branchName}""},{""file"":""packages/git-core/src/index.ts"",""line"":533,""value"":""Task branch already exists locally: ${branchName}""}]","此分支已在其他独立工作目录中使用。请选择已有工作目录或其他分支。","This branch is already used by another separate working folder. Select the existing folder or another branch.","无默认操作","错误码或完整已知诊断原文匹配；嵌套原因优先","解决方向不授权动作；发送结果未知时只能核对状态，原业务门禁继续生效"
"ZEUS_TASK_BRANCH_ALREADY_MANAGED","[{""file"":""packages/local-server/src/gitIntegrationOperations.ts"",""line"":412,""value"":""Task branch is already managed in ${registeredRepository.relativePath}: ${branchName}""}]","此分支已在其他独立工作目录中使用。请选择已有工作目录或其他分支。","This branch is already used by another separate working folder. Select the existing folder or another branch.","无默认操作","错误码或完整已知诊断原文匹配；嵌套原因优先","解决方向不授权动作；发送结果未知时只能核对状态，原业务门禁继续生效"
"ZEUS_TASK_LOCAL_BRANCH_CHECKED_OUT","[{""file"":""packages/local-server/src/gitIntegrationOperations.ts"",""line"":394,""value"":""The local task branch is already checked out in another worktree: ${requestedBranchName}""}]","此分支已在其他独立工作目录中使用。请选择已有工作目录或其他分支。","This branch is already used by another separate working folder. Select the existing folder or another branch.","无默认操作","错误码或完整已知诊断原文匹配；嵌套原因优先","解决方向不授权动作；发送结果未知时只能核对状态，原业务门禁继续生效"
"ZEUS_TASK_BRANCH_NOT_FOUND","[{""file"":""packages/git-core/src/index.ts"",""line"":542,""value"":""Existing task branch is not available locally or on its recorded remote: ${branchName}""}]","找不到所选分支或提交。请刷新列表并选择仍然存在的条目。","The selected branch or commit could not be found. Refresh the list and select an available entry.","无默认操作","错误码或完整已知诊断原文匹配；嵌套原因优先","解决方向不授权动作；发送结果未知时只能核对状态，原业务门禁继续生效"
"ZEUS_GIT_BRANCH_NOT_FOUND","[{""file"":""packages/git-core/src/index.ts"",""line"":1574,""value"":""Local branch does not exist: ${branch}""},{""file"":""packages/git-core/src/index.ts"",""line"":1587,""value"":""Remote branch does not exist in the refreshed snapshot: ${normalized}""}]","找不到所选分支或提交。请刷新列表并选择仍然存在的条目。","The selected branch or commit could not be found. Refresh the list and select an available entry.","无默认操作","错误码或完整已知诊断原文匹配；嵌套原因优先","解决方向不授权动作；发送结果未知时只能核对状态，原业务门禁继续生效"
"ZEUS_GIT_REF_NOT_FOUND","[{""file"":""packages/git-core/src/index.ts"",""line"":1567,""value"":""Git ref does not resolve to a commit: ${normalized}""}]","找不到所选分支或提交。请刷新列表并选择仍然存在的条目。","The selected branch or commit could not be found. Refresh the list and select an available entry.","无默认操作","错误码或完整已知诊断原文匹配；嵌套原因优先","解决方向不授权动作；发送结果未知时只能核对状态，原业务门禁继续生效"
"ZEUS_TASK_LOCAL_CHANGE_CONFLICT","[{""file"":""packages/git-core/src/index.ts"",""line"":613,""value"":""Local untracked file conflicts with the selected source branch: ${relativePath}""}]","本地未跟踪文件与所选分支中的文件冲突。请先备份并移开这些文件。","Local untracked files conflict with files in the selected branch. Back them up and move them before continuing.","无默认操作","错误码或完整已知诊断原文匹配；嵌套原因优先","解决方向不授权动作；发送结果未知时只能核对状态，原业务门禁继续生效"
"ZEUS_TASK_WORKSPACE_DETACHED","[{""file"":""packages/git-core/src/index.ts"",""line"":802,""value"":""Conflict workspace must stay on a named branch.""},{""file"":""packages/git-core/src/index.ts"",""line"":865,""value"":""Task workspace is detached and cannot be committed.""},{""file"":""packages/git-core/src/index.ts"",""line"":907,""value"":""Task workspace is detached and cannot be pushed.""}]","当前代码没有位于命名分支上。请先创建或切换到本地分支。","The current code is not on a named branch. Create or switch to a local branch first.","无默认操作","错误码或完整已知诊断原文匹配；嵌套原因优先","解决方向不授权动作；发送结果未知时只能核对状态，原业务门禁继续生效"
"ZEUS_GIT_NAMED_BRANCH_REQUIRED","[{""file"":""packages/git-core/src/index.ts"",""line"":2120,""value"":""This action requires a current named branch. Create or check out a local branch first.""}]","当前代码没有位于命名分支上。请先创建或切换到本地分支。","The current code is not on a named branch. Create or switch to a local branch first.","无默认操作","错误码或完整已知诊断原文匹配；嵌套原因优先","解决方向不授权动作；发送结果未知时只能核对状态，原业务门禁继续生效"
"ZEUS_TASK_WORKSPACE_DIRTY","[{""file"":""packages/git-core/src/index.ts"",""line"":804,""value"":""Commit or discard every conflict workspace change before refreshing its branches.""},{""file"":""packages/git-core/src/index.ts"",""line"":967,""value"":""Task worktree still contains uncommitted changes.""},{""file"":""packages/git-core/src/index.ts"",""line"":986,""value"":""Task worktree still contains uncommitted changes.""},{""file"":""packages/local-server/src/gitIntegrationOperations.ts"",""line"":1368,""value"":""Commit or discard every task workspace change before merging.""}]","工作目录还有未提交修改，暂时不能继续。请先提交修改；不需要的修改可以在确认后放弃。","The working folder has uncommitted changes. Commit them before continuing, or discard unwanted changes after reviewing them.","无默认操作","错误码或完整已知诊断原文匹配；嵌套原因优先","解决方向不授权动作；发送结果未知时只能核对状态，原业务门禁继续生效"
"ZEUS_TASK_GIT_REMOTE_UNAVAILABLE","[{""file"":""packages/git-core/src/index.ts"",""line"":835,""value"":""Git remote is not configured: ${remote}""},{""file"":""packages/local-server/src/gitIntegrationOperations.ts"",""line"":1179,""value"":""This repository has no Git remote. Configure a remote before pushing.""},{""file"":""packages/local-server/src/gitIntegrationOperations.ts"",""line"":1611,""value"":""This repository has no Git remote. Configure a remote before pushing.""}]","代码仓库尚未配置远端地址，无法执行远端操作。请先配置 Git 远端。","The repository has no remote configured. Configure a Git remote before performing remote operations.","无默认操作","错误码或完整已知诊断原文匹配；嵌套原因优先","解决方向不授权动作；发送结果未知时只能核对状态，原业务门禁继续生效"
"ZEUS_GIT_REMOTE_REQUIRED","[{""file"":""packages/git-core/src/index.ts"",""line"":2194,""value"":""A configured repository remote is required.""}]","代码仓库尚未配置远端地址，无法执行远端操作。请先配置 Git 远端。","The repository has no remote configured. Configure a Git remote before performing remote operations.","无默认操作","错误码或完整已知诊断原文匹配；嵌套原因优先","解决方向不授权动作；发送结果未知时只能核对状态，原业务门禁继续生效"
"ZEUS_TASK_WORKSPACE_CONFLICTED","[{""file"":""packages/git-core/src/index.ts"",""line"":866,""value"":""Resolve all conflicts before committing.""},{""file"":""packages/git-core/src/index.ts"",""line"":908,""value"":""Resolve all conflicts before pushing.""},{""file"":""packages/git-core/src/index.ts"",""line"":1219,""value"":""Resolve every conflict before completing the integration commit.""},{""file"":""packages/local-server/src/gitIntegrationOperations.ts"",""line"":1367,""value"":""Resolve task workspace conflicts before merging.""}]","代码仍有冲突，请先处理并确认所有冲突文件。","The code still has conflicts. Resolve and confirm all conflicting files first.","无默认操作","错误码或完整已知诊断原文匹配；嵌套原因优先","解决方向不授权动作；发送结果未知时只能核对状态，原业务门禁继续生效"
"ZEUS_GIT_CONFLICT_IN_PROGRESS","[{""file"":""packages/git-core/src/index.ts"",""line"":2046,""value"":""Resolve the current Git conflicts before starting another smart operation.""}]","代码仍有冲突，请先处理并确认所有冲突文件。","The code still has conflicts. Resolve and confirm all conflicting files first.","无默认操作","错误码或完整已知诊断原文匹配；嵌套原因优先","解决方向不授权动作；发送结果未知时只能核对状态，原业务门禁继续生效"
"ZEUS_TASK_GIT_PATH_INVALID","[{""file"":""packages/git-core/src/index.ts"",""line"":870,""value"":""Shared paths and nested repositories cannot be committed from their parent workspace.""}]","共享目录和嵌套仓库中的文件不能随上层仓库提交。请到所属仓库中提交。","Files in shared folders or nested repositories cannot be committed with the parent repository. Commit them in their own repository.","无默认操作","错误码或完整已知诊断原文匹配；嵌套原因优先","解决方向不授权动作；发送结果未知时只能核对状态，原业务门禁继续生效"
"ZEUS_TASK_MERGE_COMMIT_INCOMPLETE","[{""file"":""packages/git-core/src/index.ts"",""line"":879,""value"":""Merge commits must include every changed path: ${omitted.join(', ')}""}]","合并提交必须包含本次合并的全部修改，请选择所有相关文件。","A merge commit must include all changes from the merge. Select all relevant files.","无默认操作","错误码或完整已知诊断原文匹配；嵌套原因优先","解决方向不授权动作；发送结果未知时只能核对状态，原业务门禁继续生效"
"ZEUS_TASK_REMOTE_DIVERGED","[{""file"":""packages/git-core/src/index.ts"",""line"":936,""value"":""Remote branch ${remoteName}/${remoteBranch} contains commits that are not in local HEAD.""},{""file"":""packages/git-core/src/index.ts"",""line"":946,""value"":""Remote branch ${remoteName}/${remoteBranch} advanced before the push completed.""}]","远端分支包含本地尚未取得的提交，推送已停止。请先拉取并处理分支差异。","The remote branch has commits missing locally, so the push stopped. Pull and reconcile the branches first.","无默认操作","错误码或完整已知诊断原文匹配；嵌套原因优先","解决方向不授权动作；发送结果未知时只能核对状态，原业务门禁继续生效"
"ZEUS_TASK_REMOTE_VERIFICATION_FAILED","[{""file"":""packages/git-core/src/index.ts"",""line"":952,""value"":""Remote ${remoteName}/${remoteBranch} does not match local HEAD after push.""},{""file"":""packages/git-core/src/index.ts"",""line"":971,""value"":""Remote branch does not exactly match the task worktree HEAD.""}]","推送后远端分支与预期内容不一致，暂时不能确认推送成功。请检查远端分支。","The remote branch does not match the expected content after pushing. The push cannot be confirmed as successful. Check the remote branch.","无默认操作","错误码或完整已知诊断原文匹配；嵌套原因优先","解决方向不授权动作；发送结果未知时只能核对状态，原业务门禁继续生效"
"ZEUS_TASK_WORKTREE_NOT_REGISTERED","[{""file"":""packages/git-core/src/index.ts"",""line"":975,""value"":""Task worktree is not registered in the project repository.""},{""file"":""packages/git-core/src/index.ts"",""line"":989,""value"":""Task worktree is not registered in the project repository.""},{""file"":""packages/git-core/src/index.ts"",""line"":1011,""value"":""Task worktree path exists but is not registered in the project repository.""}]","Git 中找不到这个任务的独立工作目录记录，请检查任务分支和目录状态。","Git has no record of this task’s separate working folder. Check the task branch and folder state.","无默认操作","错误码或完整已知诊断原文匹配；嵌套原因优先","解决方向不授权动作；发送结果未知时只能核对状态，原业务门禁继续生效"
"ZEUS_TASK_DISCARD_CONFIRMATION_INVALID","[{""file"":""packages/git-core/src/index.ts"",""line"":1029,""value"":""Type the exact task branch name to discard it.""}]","输入的分支名与要放弃的分支不一致，操作未执行。请输入完整分支名确认。","The entered branch name does not match the branch to discard. Nothing was discarded. Enter the complete branch name to confirm.","无默认操作","错误码或完整已知诊断原文匹配；嵌套原因优先","解决方向不授权动作；发送结果未知时只能核对状态，原业务门禁继续生效"
"ZEUS_TASK_CONFLICT_BRANCH_MISMATCH","[{""file"":""packages/git-core/src/index.ts"",""line"":1132,""value"":""The conflict worktree is not attached to its recorded conflict branch.""}]","冲突处理目录已切换到其他分支。请恢复对应分支后再继续。","The conflict-resolution folder has switched to another branch. Restore the expected branch before continuing.","无默认操作","错误码或完整已知诊断原文匹配；嵌套原因优先","解决方向不授权动作；发送结果未知时只能核对状态，原业务门禁继续生效"
"ZEUS_TASK_CONFLICT_NOT_FOUND","[{""file"":""packages/git-core/src/index.ts"",""line"":1183,""value"":""Conflict file is no longer unresolved: ${safePath}""}]","所选冲突已不需要处理。请刷新冲突列表查看最新状态。","The selected conflict no longer needs resolution. Refresh the conflict list for its current state.","无默认操作","错误码或完整已知诊断原文匹配；嵌套原因优先","解决方向不授权动作；发送结果未知时只能核对状态，原业务门禁继续生效"
"ZEUS_TASK_INTEGRATION_NOT_CONFLICTED","[{""file"":""packages/local-server/src/conversationApplicationOperations.ts"",""line"":2763,""value"":""当前合入没有这项待 AI 处理的冲突。""}]","所选冲突已不需要处理。请刷新冲突列表查看最新状态。","The selected conflict no longer needs resolution. Refresh the conflict list for its current state.","无默认操作","错误码或完整已知诊断原文匹配；嵌套原因优先","解决方向不授权动作；发送结果未知时只能核对状态，原业务门禁继续生效"
"ZEUS_TASK_CONFLICT_BINARY_UNSUPPORTED","[{""file"":""packages/git-core/src/index.ts"",""line"":1197,""value"":""Binary conflict resolution is not supported in the text editor.""},{""file"":""packages/git-core/src/index.ts"",""line"":1209,""value"":""Binary conflict resolution is not supported in the text editor.""},{""file"":""packages/git-core/src/index.ts"",""line"":1855,""value"":""Binary conflict resolution is not supported in the text editor.""}]","这个冲突涉及图片等二进制文件，无法用文本编辑器处理。请使用外部工具。","This conflict involves a binary file, such as an image, and cannot be resolved in the text editor. Use an external tool.","无默认操作","错误码或完整已知诊断原文匹配；嵌套原因优先","解决方向不授权动作；发送结果未知时只能核对状态，原业务门禁继续生效"
"ZEUS_TASK_CONFLICT_TOO_LARGE","[{""file"":""packages/git-core/src/index.ts"",""line"":1856,""value"":""Conflict file is too large for the built-in editor.""},{""file"":""packages/local-server/src/conversationApplicationOperations.ts"",""line"":2759,""value"":""当前冲突草稿过大，无法交给 AI 处理。""}]","冲突文件超过内置编辑器的大小限制，请使用外部编辑器处理。","The conflicting file exceeds the built-in editor’s size limit. Resolve it in an external editor.","无默认操作","错误码或完整已知诊断原文匹配；嵌套原因优先","解决方向不授权动作；发送结果未知时只能核对状态，原业务门禁继续生效"
"ZEUS_TASK_PRECOMMIT_FORMAT_UNAVAILABLE","[{""file"":""packages/git-core/src/index.ts"",""line"":1675,""value"":""项目配置了 Prettier，但仓库尚未安装本地 Prettier。请先安装项目依赖再提交。""},{""file"":""packages/git-core/src/index.ts"",""line"":1677,""value"":""项目配置了 Prettier，但本地 Prettier 入口无法解析。请先安装项目依赖再提交。""}]","项目要求提交前格式化代码，但尚未安装所需的 Prettier。请先安装项目依赖。","This project requires code formatting before commit, but Prettier is not installed. Install the project dependencies first.","无默认操作","错误码或完整已知诊断原文匹配；嵌套原因优先","解决方向不授权动作；发送结果未知时只能核对状态，原业务门禁继续生效"
"ZEUS_TASK_PRECOMMIT_FORMAT_FAILED","[{""file"":""packages/git-core/src/index.ts"",""line"":1709,""value"":""提交前 Prettier 格式化失败：${commandFailureDetail(error)}""}]","提交前的代码格式化失败，因此没有继续提交。请查看详情并修正格式化错误。","Code formatting failed before the commit, so the commit did not continue. Check the details and fix the formatting error.","无默认操作","错误码或完整已知诊断原文匹配；嵌套原因优先","解决方向不授权动作；发送结果未知时只能核对状态，原业务门禁继续生效"
"ZEUS_GIT_UPSTREAM_REQUIRED","[{""file"":""packages/git-core/src/index.ts"",""line"":2029,""value"":""Current branch ${context.branch} does not track a remote branch.""}]","当前分支尚未关联远端分支。请先设置它要跟踪的远端分支。","This branch is not linked to a remote branch. Set its upstream branch first.","无默认操作","错误码或完整已知诊断原文匹配；嵌套原因优先","解决方向不授权动作；发送结果未知时只能核对状态，原业务门禁继续生效"
"ZEUS_GIT_CONFIRMATION_EXPIRED","[{""file"":""packages/local-server/src/gitCommandRoutes.ts"",""line"":276,""value"":""Git confirmation has expired""}]","这次 Git 操作的确认已失效或已使用。请重新打开操作预览，核对内容后确认。","The confirmation for this Git action expired or was already used. Reopen the action preview and review it before confirming.","无默认操作","错误码或完整已知诊断原文匹配；嵌套原因优先","解决方向不授权动作；发送结果未知时只能核对状态，原业务门禁继续生效"
"ZEUS_GIT_CONFIRMATION_NOT_FOUND","[{""file"":""packages/local-server/src/gitCommandRoutes.ts"",""line"":99,""value"":""Git confirmation not found""},{""file"":""packages/local-server/src/gitCommandRoutes.ts"",""line"":105,""value"":""Git confirmation not found""},{""file"":""packages/local-server/src/gitCommandRoutes.ts"",""line"":112,""value"":""Git confirmation not found""}]","这次 Git 操作的确认已失效或已使用。请重新打开操作预览，核对内容后确认。","The confirmation for this Git action expired or was already used. Reopen the action preview and review it before confirming.","无默认操作","错误码或完整已知诊断原文匹配；嵌套原因优先","解决方向不授权动作；发送结果未知时只能核对状态，原业务门禁继续生效"
"ZEUS_GIT_CONFIRMATION_ALREADY_RESOLVED","[{""file"":""packages/local-server/src/gitCommandRoutes.ts"",""line"":100,""value"":""Git confirmation is no longer pending""}]","这次 Git 操作的确认已失效或已使用。请重新打开操作预览，核对内容后确认。","The confirmation for this Git action expired or was already used. Reopen the action preview and review it before confirming.","无默认操作","错误码或完整已知诊断原文匹配；嵌套原因优先","解决方向不授权动作；发送结果未知时只能核对状态，原业务门禁继续生效"
"ZEUS_GIT_CONFIRMATION_ALREADY_CONSUMED","[{""file"":""packages/local-server/src/gitCommandRoutes.ts"",""line"":113,""value"":""Git confirmation has already been consumed by an operation""}]","这次 Git 操作的确认已失效或已使用。请重新打开操作预览，核对内容后确认。","The confirmation for this Git action expired or was already used. Reopen the action preview and review it before confirming.","无默认操作","错误码或完整已知诊断原文匹配；嵌套原因优先","解决方向不授权动作；发送结果未知时只能核对状态，原业务门禁继续生效"
"ZEUS_GIT_CONFIRMATION_NOT_CONFIRMED","[{""file"":""packages/local-server/src/gitCommandRoutes.ts"",""line"":115,""value"":""Git operation requires a confirmed confirmation""}]","这次 Git 操作需要你先查看并确认影响，请打开操作预览。","This Git action needs your review and confirmation. Open its preview first.","无默认操作","错误码或完整已知诊断原文匹配；嵌套原因优先","解决方向不授权动作；发送结果未知时只能核对状态，原业务门禁继续生效"
"ZEUS_GIT_CONFIRMATION_REJECTED","[{""file"":""packages/local-server/src/gitCommandRoutes.ts"",""line"":114,""value"":""Git confirmation was rejected""}]","你已拒绝这次 Git 操作，它不会继续执行。","You declined this Git action. It will not continue.","无默认操作","错误码或完整已知诊断原文匹配；嵌套原因优先","解决方向不授权动作；发送结果未知时只能核对状态，原业务门禁继续生效"
"ZEUS_GIT_OPERATION_MISMATCH","[{""file"":""packages/local-server/src/gitCommandRoutes.ts"",""line"":116,""value"":""Git operation must match the confirmed operation""},{""file"":""packages/local-server/src/gitCommandRoutes.ts"",""line"":389,""value"":""Git operation must match the addressed route""}]","Git 操作内容与已确认的内容不一致，已停止执行。请重新查看操作预览。","The Git action differs from what you confirmed, so it was stopped. Review the action preview again.","无默认操作","错误码或完整已知诊断原文匹配；嵌套原因优先","解决方向不授权动作；发送结果未知时只能核对状态，原业务门禁继续生效"
"ZEUS_GIT_CONFIRMATION_COMMAND_CONFLICT","[{""file"":""packages/local-server/src/gitCommandRoutes.ts"",""line"":70,""value"":""Git confirmation command identity was reused with different input""}]","Git 操作内容与已确认的内容不一致，已停止执行。请重新查看操作预览。","The Git action differs from what you confirmed, so it was stopped. Review the action preview again.","无默认操作","错误码或完整已知诊断原文匹配；嵌套原因优先","解决方向不授权动作；发送结果未知时只能核对状态，原业务门禁继续生效"
"ZEUS_TASK_REOPEN_REQUIRED","[{""file"":""packages/local-server/src/conversationApplicationOperations.ts"",""line"":951,""value"":""This task is completed or cancelled. Reopen the task and restore one archived conversation before continuing.""},{""file"":""packages/local-server/src/conversationCommandRoutes.ts"",""line"":413,""value"":""This task is completed or cancelled. Reopen the task and restore this conversation in the same action.""},{""file"":""packages/local-server/src/conversationExecutionContextOperations.ts"",""line"":182,""value"":""This task is completed or cancelled. Reopen the task and restore this conversation in the same action.""},{""file"":""packages/local-server/src/localServerPlatformRoutes.ts"",""line"":1251,""value"":""This task is completed or cancelled. Reopen the task and restore one archived conversation before continuing.""},{""file"":""packages/local-server/src/workManagementTaskOperations.ts"",""line"":407,""value"":""This task is completed or cancelled. Reopen the task before ${action === 'run' ? 'starting it again' : 'continuing it'}.""}]","这项任务已完成或取消。请先重新打开任务，再恢复其中一段已归档对话。","This task is completed or cancelled. Reopen it and restore one of its archived conversations first.","无默认操作","错误码或完整已知诊断原文匹配；嵌套原因优先","解决方向不授权动作；发送结果未知时只能核对状态，原业务门禁继续生效"
"ZEUS_TASK_ENVIRONMENT_CHOICE_REQUIRED","[{""file"":""packages/local-server/src/gitIntegrationOperations.ts"",""line"":261,""value"":""Choose a new task environment or an existing task environment.""}]","请先选择本次任务使用的工作目录。","Choose the working folder for this task first.","无默认操作","错误码或完整已知诊断原文匹配；嵌套原因优先","解决方向不授权动作；发送结果未知时只能核对状态，原业务门禁继续生效"
"ZEUS_TASK_PUSH_WORKSPACE_MODE_REQUIRED","[{""file"":""packages/local-server/src/conversationApplicationOperations.ts"",""line"":2575,""value"":""Choose the project directory or a worktree for this task push.""}]","请先选择本次任务使用的工作目录。","Choose the working folder for this task first.","无默认操作","错误码或完整已知诊断原文匹配；嵌套原因优先","解决方向不授权动作；发送结果未知时只能核对状态，原业务门禁继续生效"
"ZEUS_TASK_ENVIRONMENT_INVALID","[{""file"":""packages/local-server/src/gitIntegrationOperations.ts"",""line"":270,""value"":""Selected task environment does not belong to this task.""}]","所选工作目录、分支或来源会话不属于这项任务，请重新选择。","The selected working folder, branch, or source conversation does not belong to this task. Select again.","无默认操作","错误码或完整已知诊断原文匹配；嵌套原因优先","解决方向不授权动作；发送结果未知时只能核对状态，原业务门禁继续生效"
"ZEUS_TASK_EXECUTION_CONTEXT_INVALID","[{""file"":""packages/local-server/src/conversationApplicationOperations.ts"",""line"":2672,""value"":""The code review source conversation does not belong to this task.""},{""file"":""packages/local-server/src/conversationApplicationOperations.ts"",""line"":2679,""value"":""The code review repository workspace is not part of the source conversation environment.""},{""file"":""packages/local-server/src/conversationApplicationOperations.ts"",""line"":2706,""value"":""The exact review repository could not be restored in the source environment.""},{""file"":""packages/local-server/src/conversationApplicationOperations.ts"",""line"":2969,""value"":""The source conversation does not belong to this task.""}]","所选工作目录、分支或来源会话不属于这项任务，请重新选择。","The selected working folder, branch, or source conversation does not belong to this task. Select again.","无默认操作","错误码或完整已知诊断原文匹配；嵌套原因优先","解决方向不授权动作；发送结果未知时只能核对状态，原业务门禁继续生效"
"ZEUS_TASK_LOCAL_BRANCH_INVALID","[{""file"":""packages/local-server/src/gitIntegrationOperations.ts"",""line"":391,""value"":""Choose an existing local branch that belongs to ${task.taskCode}: ${registeredRepository.relativePath}.""}]","所选工作目录、分支或来源会话不属于这项任务，请重新选择。","The selected working folder, branch, or source conversation does not belong to this task. Select again.","无默认操作","错误码或完整已知诊断原文匹配；嵌套原因优先","解决方向不授权动作；发送结果未知时只能核对状态，原业务门禁继续生效"
"ZEUS_TASK_ENVIRONMENT_CLOSED","[{""file"":""packages/local-server/src/gitIntegrationOperations.ts"",""line"":272,""value"":""Reclaimed task environments cannot be selected again.""}]","这个任务工作目录已关闭或移除，请选择可用目录或新建独立工作目录。","This task working folder was closed or removed. Select an available folder or create a separate working folder.","无默认操作","错误码或完整已知诊断原文匹配；嵌套原因优先","解决方向不授权动作；发送结果未知时只能核对状态，原业务门禁继续生效"
"ZEUS_TASK_WORKSPACE_CLOSED","[{""file"":""packages/local-server/src/gitIntegrationOperations.ts"",""line"":278,""value"":""Task repository workspace is closed: ${workspace.repositoryRelativePath}""},{""file"":""packages/local-server/src/gitIntegrationOperations.ts"",""line"":1358,""value"":""Discarded task branches cannot be merged.""}]","这个任务工作目录已关闭或移除，请选择可用目录或新建独立工作目录。","This task working folder was closed or removed. Select an available folder or create a separate working folder.","无默认操作","错误码或完整已知诊断原文匹配；嵌套原因优先","解决方向不授权动作；发送结果未知时只能核对状态，原业务门禁继续生效"
"ZEUS_TASK_REPOSITORY_SNAPSHOT_CHANGED","[{""file"":""packages/local-server/src/gitIntegrationOperations.ts"",""line"":319,""value"":""Project repositories changed after the task push form was opened. Refresh the repository selection and try again.""}]","任务或代码分支已发生变化，当前预览已过期。请重新打开预览，确认最新内容后继续。","The task or code branch has changed, so this preview is out of date. Reopen it and review the current content before continuing.","无默认操作","错误码或完整已知诊断原文匹配；嵌套原因优先","解决方向不授权动作；发送结果未知时只能核对状态，原业务门禁继续生效"
"ZEUS_TASK_PUSH_CONTEXT_CHANGED","[{""file"":""packages/local-server/src/taskRuntimeOperations.ts"",""line"":572,""value"":""任务上下文已变化，请刷新弹窗后重新确认。""},{""file"":""packages/local-server/src/taskRuntimeOperations.ts"",""line"":581,""value"":""当前任务历史会话信息已变化，请刷新后重试。""},{""file"":""packages/local-server/src/taskRuntimeOperations.ts"",""line"":595,""value"":""${input.kindLabel}选项已变化，请刷新后重试。""},{""file"":""packages/local-server/src/taskRuntimeOperations.ts"",""line"":605,""value"":""${input.kindLabel} ${option.taskCode} 的会话文件已变化，请刷新后重试。""}]","任务或代码分支已发生变化，当前预览已过期。请重新打开预览，确认最新内容后继续。","The task or code branch has changed, so this preview is out of date. Reopen it and review the current content before continuing.","无默认操作","错误码或完整已知诊断原文匹配；嵌套原因优先","解决方向不授权动作；发送结果未知时只能核对状态，原业务门禁继续生效"
"ZEUS_TASK_HEAD_CHANGED","[{""file"":""packages/local-server/src/conversationApplicationOperations.ts"",""line"":2769,""value"":""The integration does not contain a frozen task HEAD. Rebuild it before starting AI conflict resolution.""},{""file"":""packages/local-server/src/gitIntegrationOperations.ts"",""line"":1425,""value"":""Task branch changed while the integration candidate was being created.""},{""file"":""packages/local-server/src/gitIntegrationOperations.ts"",""line"":1631,""value"":""Task branch changed after the integration candidate was created. Rebuild from the current task HEAD.""}]","任务或代码分支已发生变化，当前预览已过期。请重新打开预览，确认最新内容后继续。","The task or code branch has changed, so this preview is out of date. Reopen it and review the current content before continuing.","无默认操作","错误码或完整已知诊断原文匹配；嵌套原因优先","解决方向不授权动作；发送结果未知时只能核对状态，原业务门禁继续生效"
"ZEUS_TARGET_HEAD_CHANGED","[{""file"":""packages/git-core/src/index.ts"",""line"":1236,""value"":""Target branch advanced while the integration was being prepared.""},{""file"":""packages/local-server/src/gitIntegrationOperations.ts"",""line"":1424,""value"":""Target branch changed while the integration candidate was being created.""},{""file"":""packages/local-server/src/gitIntegrationOperations.ts"",""line"":1634,""value"":""Local target branch advanced while the integration was being prepared.""}]","任务或代码分支已发生变化，当前预览已过期。请重新打开预览，确认最新内容后继续。","The task or code branch has changed, so this preview is out of date. Reopen it and review the current content before continuing.","无默认操作","错误码或完整已知诊断原文匹配；嵌套原因优先","解决方向不授权动作；发送结果未知时只能核对状态，原业务门禁继续生效"
"ZEUS_TASK_INTEGRATION_ATTEMPT_STALE","[{""file"":""packages/local-server/src/gitIntegrationOperations.ts"",""line"":1907,""value"":""来源分支或任务分支已推进，继续准备最新执行代次。""}]","任务或代码分支已发生变化，当前预览已过期。请重新打开预览，确认最新内容后继续。","The task or code branch has changed, so this preview is out of date. Reopen it and review the current content before continuing.","无默认操作","错误码或完整已知诊断原文匹配；嵌套原因优先","解决方向不授权动作；发送结果未知时只能核对状态，原业务门禁继续生效"
"ZEUS_TASK_REPOSITORY_SELECTION_INCOMPLETE","[{""file"":""packages/local-server/src/gitIntegrationOperations.ts"",""line"":323,""value"":""Every registered project repository requires an explicit source branch.""},{""file"":""packages/local-server/src/gitIntegrationOperations.ts"",""line"":382,""value"":""Choose a source branch for ${registeredRepository.relativePath}.""}]","请为每个代码仓库选择一个可用的来源分支，且不要重复选择仓库。","Choose one available source branch for each repository and avoid duplicate repositories.","无默认操作","错误码或完整已知诊断原文匹配；嵌套原因优先","解决方向不授权动作；发送结果未知时只能核对状态，原业务门禁继续生效"
"ZEUS_TASK_REPOSITORY_SELECTION_INVALID","[{""file"":""packages/local-server/src/gitIntegrationOperations.ts"",""line"":328,""value"":""Task repository selections must be explicit and unique.""}]","请为每个代码仓库选择一个可用的来源分支，且不要重复选择仓库。","Choose one available source branch for each repository and avoid duplicate repositories.","无默认操作","错误码或完整已知诊断原文匹配；嵌套原因优先","解决方向不授权动作；发送结果未知时只能核对状态，原业务门禁继续生效"
"ZEUS_TASK_SOURCE_BRANCH_INVALID","[{""file"":""packages/git-core/src/index.ts"",""line"":1582,""value"":""Remote source branch is invalid: ${normalized}""},{""file"":""packages/git-core/src/index.ts"",""line"":1585,""value"":""Remote source branch does not match its selected remote: ${normalized}""},{""file"":""packages/local-server/src/gitIntegrationOperations.ts"",""line"":404,""value"":""Choose an available local or locally known remote branch for ${registeredRepository.relativePath}.""}]","请为每个代码仓库选择一个可用的来源分支，且不要重复选择仓库。","Choose one available source branch for each repository and avoid duplicate repositories.","无默认操作","错误码或完整已知诊断原文匹配；嵌套原因优先","解决方向不授权动作；发送结果未知时只能核对状态，原业务门禁继续生效"
"ZEUS_TASK_ENVIRONMENT_BUSY","[{""file"":""packages/local-server/src/gitIntegrationOperations.ts"",""line"":505,""value"":""The selected task environment already has an active writable Codex turn.""}]","已有 AI 会话正在修改这个目录。请等待或停止该会话，或选择其他工作目录。","An AI conversation is already modifying this folder. Wait for it to finish, stop it, or choose another working folder.","无默认操作","错误码或完整已知诊断原文匹配；嵌套原因优先","解决方向不授权动作；发送结果未知时只能核对状态，原业务门禁继续生效"
"ZEUS_TASK_WORK_DIRECT_WORKSPACE_BUSY","[{""file"":""packages/local-server/src/taskWorkManagement.ts"",""line"":704,""value"":""项目目录已有可写会话，新运行不会隐式共享写入现场。""}]","已有 AI 会话正在修改这个目录。请等待或停止该会话，或选择其他工作目录。","An AI conversation is already modifying this folder. Wait for it to finish, stop it, or choose another working folder.","无默认操作","错误码或完整已知诊断原文匹配；嵌套原因优先","解决方向不授权动作；发送结果未知时只能核对状态，原业务门禁继续生效"
"ZEUS_TASK_WORKSPACE_NESTED_BUSY","[{""file"":""packages/local-server/src/gitIntegrationOperations.ts"",""line"":517,""value"":""请先回收嵌套仓库的 Worktree：${nested.map((entry) => entry.repositoryRelativePath).join('、')}""}]","嵌套仓库仍有独立工作目录，请先完成并移除这些子目录，再处理上层目录。","Nested repositories still have separate working folders. Finish and remove those folders before handling the parent folder.","无默认操作","错误码或完整已知诊断原文匹配；嵌套原因优先","解决方向不授权动作；发送结果未知时只能核对状态，原业务门禁继续生效"
"ZEUS_TASK_WORKTREE_UNAVAILABLE","[{""file"":""packages/local-server/src/gitIntegrationOperations.ts"",""line"":636,""value"":""Task worktree is not available.""},{""file"":""packages/local-server/src/gitIntegrationOperations.ts"",""line"":1149,""value"":""Task worktree is not available.""},{""file"":""packages/local-server/src/gitIntegrationOperations.ts"",""line"":1178,""value"":""Task worktree is not available.""},{""file"":""packages/local-server/src/gitIntegrationOperations.ts"",""line"":1221,""value"":""Task worktree is not available.""},{""file"":""packages/local-server/src/gitIntegrationOperations.ts"",""line"":1370,""value"":""Task worktree is unavailable before delivery preparation completed.""},{""file"":""packages/local-server/src/gitIntegrationOperations.ts"",""line"":1377,""value"":""冲突处理开发线的 Worktree 不可用。""}]","任务所需的独立工作目录不可用。请检查目录是否存在及访问权限。","The task’s separate working folder is unavailable. Check that it exists and that access is allowed.","无默认操作","错误码或完整已知诊断原文匹配；嵌套原因优先","解决方向不授权动作；发送结果未知时只能核对状态，原业务门禁继续生效"
"ZEUS_TASK_INTEGRATION_PATH_UNAVAILABLE","[{""file"":""packages/local-server/src/gitIntegrationOperations.ts"",""line"":1538,""value"":""Integration worktree is unavailable.""},{""file"":""packages/local-server/src/gitIntegrationOperations.ts"",""line"":1557,""value"":""Integration worktree is unavailable.""},{""file"":""packages/local-server/src/gitIntegrationOperations.ts"",""line"":2010,""value"":""Integration worktree is unavailable.""}]","任务所需的独立工作目录不可用。请检查目录是否存在及访问权限。","The task’s separate working folder is unavailable. Check that it exists and that access is allowed.","无默认操作","错误码或完整已知诊断原文匹配；嵌套原因优先","解决方向不授权动作；发送结果未知时只能核对状态，原业务门禁继续生效"
"ZEUS_TASK_RUNTIME_CLEANUP_BUSY","[{""file"":""packages/local-server/src/gitIntegrationOperations.ts"",""line"":775,""value"":""已向活动 Runtime 发出终止请求，请等待进程树进入确认终态后重试任务状态变更${persistedHint}""}]","正在停止此任务的运行程序，暂时不能更改任务状态。请等待停止完成。","Programs running for this task are being stopped. Wait for them to stop before changing the task status.","无默认操作","错误码或完整已知诊断原文匹配；嵌套原因优先","解决方向不授权动作；发送结果未知时只能核对状态，原业务门禁继续生效"
"ZEUS_TASK_INTEGRATION_NOT_MERGED","[{""file"":""packages/local-server/src/gitIntegrationOperations.ts"",""line"":1609,""value"":""Merge the task branch into its source branch before pushing.""}]","任务分支还没有合入来源分支，请先完成合入再推送。","The task branch has not been merged into its source branch. Merge it before pushing.","无默认操作","错误码或完整已知诊断原文匹配；嵌套原因优先","解决方向不授权动作；发送结果未知时只能核对状态，原业务门禁继续生效"
"ZEUS_TASK_PUSH_ATTACHMENT_UNAVAILABLE","[{""file"":""packages/local-server/src/taskRuntimeOperations.ts"",""line"":336,""value"":""以下附件不可用，未创建会话：${unavailable.join('、')}""},{""file"":""packages/local-server/src/taskRuntimeOperations.ts"",""line"":378,""value"":""附件“${attachment.name}”的资源类型与真实文件不一致，未创建会话。""},{""file"":""packages/local-server/src/taskRuntimeOperations.ts"",""line"":383,""value"":""附件“${attachment.name}”已在粘贴后发生变化，未创建会话。""},{""file"":""packages/local-server/src/taskRuntimeOperations.ts"",""line"":386,""value"":""附件“${attachment.name}”不是受支持的真实图片，未创建会话。""},{""file"":""packages/local-server/src/taskRuntimeOperations.ts"",""line"":616,""value"":""${input.kindLabel} ${option.taskCode} 的附件“${name}”已失效，未创建会话。""},{""file"":""packages/local-server/src/taskRuntimeOperations.ts"",""line"":657,""value"":""附件“${attachment.name}”缺少服务端确认的真实路径，未创建会话。""}]","部分附件无法读取，因此没有创建对话。请检查或移除这些附件。","Some attachments cannot be read, so the conversation was not created. Check or remove those attachments.","无默认操作","错误码或完整已知诊断原文匹配；嵌套原因优先","解决方向不授权动作；发送结果未知时只能核对状态，原业务门禁继续生效"
"ZEUS_TASK_WORK_DELIVERABLE_CORRUPT","[{""file"":""packages/local-server/src/taskWorkManagement.ts"",""line"":245,""value"":""交付物正文完整性校验失败。""}]","交付物内容未通过完整性检查，暂时不能使用。请查看详情并重新生成交付物。","The deliverable failed its integrity check and cannot be used. See the details and generate it again.","无默认操作","错误码或完整已知诊断原文匹配；嵌套原因优先","解决方向不授权动作；发送结果未知时只能核对状态，原业务门禁继续生效"
"ZEUS_TASK_STAGE_INPUT_UNAVAILABLE","[{""file"":""packages/local-server/src/conversationApplicationOperations.ts"",""line"":2356,""value"":""已验收上游交付物 ${deliverable.id} 无法完整读取，阶段启动已停止：${redacted.text}""}]","无法完整读取上一阶段的交付物，因此当前阶段没有启动。请先检查该交付物。","The previous stage’s deliverable could not be fully read, so this stage did not start. Check that deliverable first.","无默认操作","错误码或完整已知诊断原文匹配；嵌套原因优先","解决方向不授权动作；发送结果未知时只能核对状态，原业务门禁继续生效"
"ZEUS_TASK_WORK_CONVERSATION_REQUEST_SUPERSEDED","[{""file"":""packages/local-server/src/taskWorkManagement.ts"",""line"":372,""value"":""该历史待办已由原任务会话接管，请在会话中处理。""}]","这个待办已移到原任务对话中，请前往该对话处理。","This request has moved to the original task conversation. Handle it there.","无默认操作","错误码或完整已知诊断原文匹配；嵌套原因优先","解决方向不授权动作；发送结果未知时只能核对状态，原业务门禁继续生效"
"ZEUS_TASK_WORK_DECISION_KIND_INVALID","[{""file"":""packages/local-server/src/taskWorkManagement.ts"",""line"":376,""value"":""该待办必须通过交付物验收动作处置。""}]","这个待办需要验收交付物，请使用接受或要求修改的操作。","This request requires deliverable review. Use the accept or request-changes action.","无默认操作","错误码或完整已知诊断原文匹配；嵌套原因优先","解决方向不授权动作；发送结果未知时只能核对状态，原业务门禁继续生效"
"ZEUS_TASK_WORK_DELIVERABLE_EMPTY","[{""file"":""packages/local-server/src/taskWorkManagement.ts"",""line"":761,""value"":""Agent 会话已结束，但没有可沉淀的正式输出。""}]","AI 已结束处理，但没有生成可提交的交付物。请查看会话内容后决定下一步。","The AI finished without producing a deliverable. Review the conversation before deciding what to do next.","无默认操作","错误码或完整已知诊断原文匹配；嵌套原因优先","解决方向不授权动作；发送结果未知时只能核对状态，原业务门禁继续生效"
"ZEUS_TASK_WORK_REVISION_CONFLICT","[{""file"":""packages/local-server/src/taskWorkManagement.ts"",""line"":967,""value"":""工作项已更新，请刷新后重试。""}]","这项工作已在其他位置更新，本次操作没有使用旧内容继续执行。请载入最新状态后重新确认。","This work was updated elsewhere. The action did not continue with the old content. Load the latest state and review it again.","无默认操作","错误码或完整已知诊断原文匹配；嵌套原因优先","解决方向不授权动作；发送结果未知时只能核对状态，原业务门禁继续生效"
"ZEUS_TASK_WORK_PREVIEW_STALE","[{""file"":""packages/local-server/src/taskWorkManagement.ts"",""line"":1050,""value"":""任务、员工或能力来源已变化，请重新预览后再指派。""},{""file"":""packages/local-server/src/taskWorkManagement.ts"",""line"":1355,""value"":""Skill ${expected.name} 已变化，请重新预览后再指派。""}]","这项工作已在其他位置更新，本次操作没有使用旧内容继续执行。请载入最新状态后重新确认。","This work was updated elsewhere. The action did not continue with the old content. Load the latest state and review it again.","无默认操作","错误码或完整已知诊断原文匹配；嵌套原因优先","解决方向不授权动作；发送结果未知时只能核对状态，原业务门禁继续生效"
"ZEUS_TASK_WORK_CONTEXT_CHANGED","[{""file"":""packages/local-server/src/taskWorkManagement.ts"",""line"":1519,""value"":""已选上下文交付物与运行快照不一致。""}]","这项工作已在其他位置更新，本次操作没有使用旧内容继续执行。请载入最新状态后重新确认。","This work was updated elsewhere. The action did not continue with the old content. Load the latest state and review it again.","无默认操作","错误码或完整已知诊断原文匹配；嵌套原因优先","解决方向不授权动作；发送结果未知时只能核对状态，原业务门禁继续生效"
"ZEUS_TASK_WORK_COMMAND_CONFIRMATION_STALE","[{""file"":""packages/local-server/src/taskWorkManagement.ts"",""line"":1098,""value"":""命令工作项已变化，请刷新后重试。""}]","这项工作已在其他位置更新，本次操作没有使用旧内容继续执行。请载入最新状态后重新确认。","This work was updated elsewhere. The action did not continue with the old content. Load the latest state and review it again.","无默认操作","错误码或完整已知诊断原文匹配；嵌套原因优先","解决方向不授权动作；发送结果未知时只能核对状态，原业务门禁继续生效"
"ZEUS_TASK_WORK_OUTCOME_DECISION_STALE","[{""file"":""packages/local-server/src/taskWorkManagement.ts"",""line"":1113,""value"":""未知结果工作项已变化，请刷新后重试。""}]","这项工作已在其他位置更新，本次操作没有使用旧内容继续执行。请载入最新状态后重新确认。","This work was updated elsewhere. The action did not continue with the old content. Load the latest state and review it again.","无默认操作","错误码或完整已知诊断原文匹配；嵌套原因优先","解决方向不授权动作；发送结果未知时只能核对状态，原业务门禁继续生效"
"ZEUS_TASK_WORK_COMMAND_FAILURE_STALE","[{""file"":""packages/local-server/src/taskWorkManagement.ts"",""line"":1128,""value"":""失败工作项已变化，请刷新后重试。""}]","这项工作已在其他位置更新，本次操作没有使用旧内容继续执行。请载入最新状态后重新确认。","This work was updated elsewhere. The action did not continue with the old content. Load the latest state and review it again.","无默认操作","错误码或完整已知诊断原文匹配；嵌套原因优先","解决方向不授权动作；发送结果未知时只能核对状态，原业务门禁继续生效"
"ZEUS_TASK_STAGE_REVISION_CONFLICT","[{""file"":""packages/storage/src/taskStageStore.ts"",""line"":1027,""value"":""任务阶段已在其他位置更新，请载入最新状态后重试。""}]","这项工作已在其他位置更新，本次操作没有使用旧内容继续执行。请载入最新状态后重新确认。","This work was updated elsewhere. The action did not continue with the old content. Load the latest state and review it again.","无默认操作","错误码或完整已知诊断原文匹配；嵌套原因优先","解决方向不授权动作；发送结果未知时只能核对状态，原业务门禁继续生效"
"ZEUS_TASK_STAGE_DELIVERABLE_CONFLICT","[{""file"":""packages/local-server/src/digitalEmployeeRoutes.ts"",""line"":825,""value"":""交付物版本或阶段状态已变化，请刷新后重试。""},{""file"":""packages/local-server/src/taskStageApplication.ts"",""line"":232,""value"":""同一操作身份已经提交了另一个阶段交付物。""},{""file"":""packages/storage/src/taskStageStore.ts"",""line"":745,""value"":""同一操作身份已经提交了不同的阶段交付物。""},{""file"":""packages/storage/src/taskStageStore.ts"",""line"":807,""value"":""只有当前待验收版本可以被接受。""},{""file"":""packages/storage/src/taskStageStore.ts"",""line"":826,""value"":""只有待验收或已接受的当前交付物可以要求修改。""}]","这项工作已在其他位置更新，本次操作没有使用旧内容继续执行。请载入最新状态后重新确认。","This work was updated elsewhere. The action did not continue with the old content. Load the latest state and review it again.","无默认操作","错误码或完整已知诊断原文匹配；嵌套原因优先","解决方向不授权动作；发送结果未知时只能核对状态，原业务门禁继续生效"
"ZEUS_TASK_WORK_NOT_RETRYABLE","[{""file"":""packages/local-server/src/taskWorkManagement.ts"",""line"":968,""value"":""只有失败或已明确解除阻塞的工作项可以重试。""}]","这项工作当前不允许重新运行。请先查看它的最新状态并处理阻止继续的原因。","This work cannot be run again in its current state. Check its latest state and resolve the reason it is blocked.","无默认操作","错误码或完整已知诊断原文匹配；嵌套原因优先","解决方向不授权动作；发送结果未知时只能核对状态，原业务门禁继续生效"
"ZEUS_TASK_WORK_COMMAND_CHANGED","[{""file"":""packages/local-server/src/taskWorkManagement.ts"",""line"":1102,""value"":""命令定义已变化，请取消当前工作项并重新指派。""}]","要执行的命令已被修改。请取消当前工作项，重新指派并确认新命令。","The command has changed. Cancel this work item, assign it again, and confirm the updated command.","无默认操作","错误码或完整已知诊断原文匹配；嵌套原因优先","解决方向不授权动作；发送结果未知时只能核对状态，原业务门禁继续生效"
"ZEUS_TASK_WORK_OUTCOME_ACTION_INVALID","[{""file"":""packages/local-server/src/taskWorkManagement.ts"",""line"":1122,""value"":""请选择“确认成功”或“确认失败”；处置不会自动重发命令。""}]","请先检查实际执行结果，再选择“确认成功”或“确认失败”。确认不会重新执行命令。","Check the actual result, then choose Confirm success or Confirm failure. Confirming does not run the command again.","无默认操作","错误码或完整已知诊断原文匹配；嵌套原因优先","解决方向不授权动作；发送结果未知时只能核对状态，原业务门禁继续生效"
"ZEUS_TASK_WORK_SKILL_SNAPSHOT_MISSING","[{""file"":""packages/local-server/src/taskWorkManagement.ts"",""line"":1023,""value"":""旧运行缺少可复用的冻结 Skill 资源快照。""},{""file"":""packages/local-server/src/taskWorkManagement.ts"",""line"":1395,""value"":""运行缺少冻结的 Skill 资源快照。""}]","这次运行缺少可用的技能记录，无法按原配置继续。请重新选择技能并创建新的运行。","This run has no usable skill record and cannot continue with its original settings. Select skills again and create a new run.","无默认操作","错误码或完整已知诊断原文匹配；嵌套原因优先","解决方向不授权动作；发送结果未知时只能核对状态，原业务门禁继续生效"
"ZEUS_TASK_WORK_PLUGIN_SKILL_SNAPSHOT_INVALID","[{""file"":""packages/local-server/src/taskWorkManagement.ts"",""line"":1383,""value"":""运行缺少可信的 Plugin Skill 快照。""}]","这次运行缺少可用的技能记录，无法按原配置继续。请重新选择技能并创建新的运行。","This run has no usable skill record and cannot continue with its original settings. Select skills again and create a new run.","无默认操作","错误码或完整已知诊断原文匹配；嵌套原因优先","解决方向不授权动作；发送结果未知时只能核对状态，原业务门禁继续生效"
"ZEUS_TASK_WORK_SKILL_UNSAFE","[{""file"":""packages/local-server/src/taskWorkManagement.ts"",""line"":1325,""value"":""Skill 包含符号链接：${relative(root, path)}""}]","技能包含指向不允许位置的文件，Zeus 已阻止读取。请检查技能文件。","The skill contains files pointing to a disallowed location. Zeus blocked access. Check the skill files.","无默认操作","错误码或完整已知诊断原文匹配；嵌套原因优先","解决方向不授权动作；发送结果未知时只能核对状态，原业务门禁继续生效"
"ZEUS_TASK_WORK_SKILL_SNAPSHOT_PATH_INVALID","[{""file"":""packages/local-server/src/taskWorkManagement.ts"",""line"":1407,""value"":""冻结的 Skill 资源路径不可信。""}]","技能包含指向不允许位置的文件，Zeus 已阻止读取。请检查技能文件。","The skill contains files pointing to a disallowed location. Zeus blocked access. Check the skill files.","无默认操作","错误码或完整已知诊断原文匹配；嵌套原因优先","解决方向不授权动作；发送结果未知时只能核对状态，原业务门禁继续生效"
"ZEUS_TASK_WORK_SKILL_TOO_LARGE","[{""file"":""packages/local-server/src/taskWorkManagement.ts"",""line"":1330,""value"":""Skill 资源超出运行快照限制。""}]","技能文件超过本次运行允许的大小，请减少不需要的文件。","The skill files exceed the size allowed for this run. Remove files that are not needed.","无默认操作","错误码或完整已知诊断原文匹配；嵌套原因优先","解决方向不授权动作；发送结果未知时只能核对状态，原业务门禁继续生效"
"ZEUS_TASK_WORK_SKILL_CATALOG_UNAVAILABLE","[{""file"":""packages/local-server/src/taskWorkManagement.ts"",""line"":1348,""value"":""Zeus Skill 目录当前不可用。""}]","当前无法读取技能列表，请在技能或插件设置中检查是否可用。","The skill list cannot be read. Check availability in skill or plugin settings.","无默认操作","错误码或完整已知诊断原文匹配；嵌套原因优先","解决方向不授权动作；发送结果未知时只能核对状态，原业务门禁继续生效"
"ZEUS_TASK_WORK_PLUGIN_SKILL_CATALOG_UNAVAILABLE","[{""file"":""packages/local-server/src/taskWorkManagement.ts"",""line"":1379,""value"":""Zeus Plugin Skill 目录当前不可用。""}]","当前无法读取技能列表，请在技能或插件设置中检查是否可用。","The skill list cannot be read. Check availability in skill or plugin settings.","无默认操作","错误码或完整已知诊断原文匹配；嵌套原因优先","解决方向不授权动作；发送结果未知时只能核对状态，原业务门禁继续生效"
"ZEUS_TASK_WORK_PLUGIN_SKILL_SNAPSHOT_STALE","[{""file"":""packages/local-server/src/taskWorkManagement.ts"",""line"":1387,""value"":""Plugin Skill ${current.namespace} 已更新；本次运行不会静默改用新版本。""}]","所选插件技能已更新。请检查新版本并重新指派工作，当前运行不会自动切换版本。","The selected plugin skill was updated. Review the new version and assign the work again. The current run will not switch versions automatically.","无默认操作","错误码或完整已知诊断原文匹配；嵌套原因优先","解决方向不授权动作；发送结果未知时只能核对状态，原业务门禁继续生效"
"ZEUS_TASK_WORK_SKILL_SNAPSHOT_CORRUPT","[{""file"":""packages/local-server/src/taskWorkManagement.ts"",""line"":1401,""value"":""冻结的 Skill 资源快照完整性校验失败。""},{""file"":""packages/local-server/src/taskWorkManagement.ts"",""line"":1404,""value"":""冻结的 Skill 资源清单不可读取。""},{""file"":""packages/local-server/src/taskWorkManagement.ts"",""line"":1430,""value"":""冻结的 Skill 文件已变化：${file.path}""},{""file"":""packages/local-server/src/taskWorkManagement.ts"",""line"":1441,""value"":""冻结的 Skill Artifact 无法验证：${file.path}""},{""file"":""packages/local-server/src/taskWorkManagement.ts"",""line"":1473,""value"":""冻结的 Skill 资源路径无效。""},{""file"":""packages/local-server/src/taskWorkManagement.ts"",""line"":1476,""value"":""冻结的 Skill 资源路径越界。""}]","保存的技能文件已损坏或变化，无法按原配置继续。请检查技能并创建新的运行。","The saved skill files are damaged or changed. The run cannot continue with its original settings. Check the skill and create a new run.","无默认操作","错误码或完整已知诊断原文匹配；嵌套原因优先","解决方向不授权动作；发送结果未知时只能核对状态，原业务门禁继续生效"
"ZEUS_TASK_STAGE_NOT_READY","[{""file"":""packages/storage/src/taskStageStore.ts"",""line"":570,""value"":""阶段开始后配置已冻结；请创建新的阶段尝试，而不是改写历史配置。""},{""file"":""packages/storage/src/taskStageStore.ts"",""line"":573,""value"":""已有执行尝试的阶段不能再修改配置。""},{""file"":""packages/storage/src/taskStageStore.ts"",""line"":594,""value"":""活动阶段不允许切换数字员工；请等待本次尝试结束。""},{""file"":""packages/storage/src/taskStageStore.ts"",""line"":636,""value"":""当前阶段尚未就绪，或已有结果正在等待验收。""},{""file"":""packages/storage/src/taskStageStore.ts"",""line"":755,""value"":""只有已绑定真实会话的活动阶段尝试才能提交交付物。""},{""file"":""packages/storage/src/taskStageStore.ts"",""line"":850,""value"":""只有当前已就绪且尚未开始的阶段可以跳过。""},{""file"":""packages/storage/src/taskStageStore.ts"",""line"":918,""value"":""上游阶段尚未验收，不能启动当前阶段。""}]","这个阶段已经开始，不能修改它使用的配置。请结束当前处理后创建新的尝试。","This stage has started and its settings cannot be changed. End the current work before creating a new attempt.","无默认操作","错误码或完整已知诊断原文匹配；嵌套原因优先","解决方向不授权动作；发送结果未知时只能核对状态，原业务门禁继续生效"
"ZEUS_TASK_STAGE_ACTIVE_ATTEMPT_EXISTS","[{""file"":""packages/storage/src/taskStageStore.ts"",""line"":597,""value"":""当前阶段已有活动尝试，不能切换数字员工。""},{""file"":""packages/storage/src/taskStageStore.ts"",""line"":639,""value"":""当前阶段已有启动中或运行中的执行尝试。""}]","这个阶段已经开始，不能修改它使用的配置。请结束当前处理后创建新的尝试。","This stage has started and its settings cannot be changed. End the current work before creating a new attempt.","无默认操作","错误码或完整已知诊断原文匹配；嵌套原因优先","解决方向不授权动作；发送结果未知时只能核对状态，原业务门禁继续生效"
"ZEUS_TASK_STAGE_DOWNSTREAM_STARTED","[{""file"":""packages/storage/src/taskStageStore.ts"",""line"":926,""value"":""下游阶段已经开始，不能静默改写上游验收结论。请先显式取消或返工下游。""}]","后续阶段已经开始，不能直接修改上一阶段的验收结果。请先取消后续阶段或要求返工。","A later stage has started, so the earlier review result cannot be changed directly. Cancel or request rework of the later stage first.","无默认操作","错误码或完整已知诊断原文匹配；嵌套原因优先","解决方向不授权动作；发送结果未知时只能核对状态，原业务门禁继续生效"
"ZEUS_TASK_STAGE_NOT_CONFIGURED","[{""file"":""packages/storage/src/taskStageStore.ts"",""line"":1011,""value"":""请先为当前阶段选择可用模型。""}]","当前阶段尚未选择可用模型，请先配置模型。","No available model is selected for this stage. Configure its model first.","无默认操作","错误码或完整已知诊断原文匹配；嵌套原因优先","解决方向不授权动作；发送结果未知时只能核对状态，原业务门禁继续生效"
"ZEUS_TASK_BOARD_DERIVED_GROUP_READ_ONLY","[{""file"":""packages/local-server/src/workManagementTaskOperations.ts"",""line"":608,""value"":""执行状态、分支状态和任务来源由真实运行事实派生，不能通过跨列拖动修改。""}]","这列由任务的执行结果决定，不能通过拖动改变。请使用任务中对应的运行或分支操作。","This column is determined by task execution and cannot be changed by dragging. Use the task’s run or branch actions.","无默认操作","错误码或完整已知诊断原文匹配；嵌套原因优先","解决方向不授权动作；发送结果未知时只能核对状态，原业务门禁继续生效"
"ZEUS_TASK_TITLE_REQUIRED","[{""file"":""packages/local-server/src/workManagementTaskOperations.ts"",""line"":462,""value"":""Task title is required.""}]","任务标题不能为空，请填写标题。","The task title cannot be empty. Enter a title.","无默认操作","错误码或完整已知诊断原文匹配；嵌套原因优先","解决方向不授权动作；发送结果未知时只能核对状态，原业务门禁继续生效"
"ZEUS_AUTOMATION_CONFIG_INTERVAL_INVALID","[{""file"":""packages/local-server/src/automationScheduler.ts"",""line"":133,""value"":""ZEUS_AUTOMATION_CONFIG_INTERVAL_INVALID: 间隔必须至少一分钟。""}]","运行间隔不能小于一分钟，请调整间隔。","The interval must be at least one minute. Adjust the interval.","无默认操作","错误码或完整已知诊断原文匹配；嵌套原因优先","解决方向不授权动作；发送结果未知时只能核对状态，原业务门禁继续生效"
"ZEUS_AUTOMATION_CONFIG_RRULE_REQUIRED","[{""file"":""packages/local-server/src/automationScheduler.ts"",""line"":154,""value"":""ZEUS_AUTOMATION_CONFIG_RRULE_REQUIRED: 高级调度必须提供 RRULE。""}]","高级调度需要有效的重复规则，目前支持每分钟、每小时、每日和每周。","Advanced scheduling needs a valid recurrence rule. Minutely, hourly, daily, and weekly schedules are supported.","无默认操作","错误码或完整已知诊断原文匹配；嵌套原因优先","解决方向不授权动作；发送结果未知时只能核对状态，原业务门禁继续生效"
"ZEUS_AUTOMATION_CONFIG_RRULE_UNSUPPORTED","[{""file"":""packages/local-server/src/automationScheduler.ts"",""line"":158,""value"":""ZEUS_AUTOMATION_CONFIG_RRULE_UNSUPPORTED: 当前支持 MINUTELY、HOURLY、DAILY 和 WEEKLY。""}]","高级调度需要有效的重复规则，目前支持每分钟、每小时、每日和每周。","Advanced scheduling needs a valid recurrence rule. Minutely, hourly, daily, and weekly schedules are supported.","无默认操作","错误码或完整已知诊断原文匹配；嵌套原因优先","解决方向不授权动作；发送结果未知时只能核对状态，原业务门禁继续生效"
"ZEUS_AUTOMATION_CONFIG_LOCAL_TIME_INVALID","[{""file"":""packages/local-server/src/automationScheduler.ts"",""line"":187,""value"":""ZEUS_AUTOMATION_CONFIG_LOCAL_TIME_INVALID: 时间必须为 HH:mm。""}]","请按“小时:分钟”填写时间，例如 09:30。","Enter the time as hours:minutes, for example 09:30.","无默认操作","错误码或完整已知诊断原文匹配；嵌套原因优先","解决方向不授权动作；发送结果未知时只能核对状态，原业务门禁继续生效"
"ZEUS_AUTOMATION_CONFIG_TIMEZONE_INVALID","[{""file"":""packages/storage/src/automationStore.ts"",""line"":251,""value"":""ZEUS_AUTOMATION_CONFIG_TIMEZONE_INVALID: 必须使用有效 IANA 时区。""}]","时区名称无效，请选择有效时区，例如 Asia/Shanghai。","The time zone is invalid. Select a valid time zone, such as Asia/Shanghai.","无默认操作","错误码或完整已知诊断原文匹配；嵌套原因优先","解决方向不授权动作；发送结果未知时只能核对状态，原业务门禁继续生效"
"ZEUS_AUTOMATION_CONFIG_ORIGINAL_CONVERSATION_REQUIRED","[{""file"":""packages/storage/src/automationStore.ts"",""line"":255,""value"":""ZEUS_AUTOMATION_CONFIG_ORIGINAL_CONVERSATION_REQUIRED: 原会话模式必须选择会话。""}]","请先选择自动化要继续使用的对话。","Select the conversation that this automation should continue.","无默认操作","错误码或完整已知诊断原文匹配；嵌套原因优先","解决方向不授权动作；发送结果未知时只能核对状态，原业务门禁继续生效"
"ZEUS_AUTOMATION_CONFIG_ORIGINAL_CONVERSATION_UNAVAILABLE","[{""file"":""packages/local-server/src/localServerPlatformRoutes.ts"",""line"":2841,""value"":""原会话已不存在或不属于目标项目。""}]","原对话不存在或不属于所选项目。请重新选择对话。","The original conversation no longer exists or belongs to another project. Select a conversation again.","无默认操作","错误码或完整已知诊断原文匹配；嵌套原因优先","解决方向不授权动作；发送结果未知时只能核对状态，原业务门禁继续生效"
"ZEUS_AUTOMATION_DISPATCH_ORIGINAL_CONVERSATION_ARCHIVED","[{""file"":""packages/local-server/src/localServerPlatformRoutes.ts"",""line"":2842,""value"":""原会话已归档，自动化不会自行恢复。""}]","原对话已归档，自动化无法继续。请先恢复对话或选择其他对话。","The original conversation is archived, so the automation cannot continue. Restore it or select another conversation.","无默认操作","错误码或完整已知诊断原文匹配；嵌套原因优先","解决方向不授权动作；发送结果未知时只能核对状态，原业务门禁继续生效"
"ZEUS_AUTOMATION_CONFIG_PROJECT_REQUIRED","[{""file"":""packages/storage/src/automationStore.ts"",""line"":462,""value"":""ZEUS_AUTOMATION_CONFIG_PROJECT_REQUIRED: 至少选择一个项目。""},{""file"":""packages/storage/src/automationStore.ts"",""line"":479,""value"":""ZEUS_AUTOMATION_CONFIG_PROJECT_REQUIRED: 至少选择一个项目。""}]","请至少选择一个运行项目。","Select at least one project to run in.","无默认操作","错误码或完整已知诊断原文匹配；嵌套原因优先","解决方向不授权动作；发送结果未知时只能核对状态，原业务门禁继续生效"
"ZEUS_AUTOMATION_CONFIG_REVISION_CONFLICT","[{""file"":""packages/storage/src/automationStore.ts"",""line"":477,""value"":""ZEUS_AUTOMATION_CONFIG_REVISION_CONFLICT: 配置已被更新，请刷新后重试。""},{""file"":""packages/storage/src/automationStore.ts"",""line"":520,""value"":""ZEUS_AUTOMATION_CONFIG_REVISION_CONFLICT: 配置已被更新。""}]","自动化配置已在其他位置更新。请载入最新配置后再修改。","This automation was updated elsewhere. Load its latest settings before editing.","无默认操作","错误码或完整已知诊断原文匹配；嵌套原因优先","解决方向不授权动作；发送结果未知时只能核对状态，原业务门禁继续生效"
"ZEUS_AUTOMATION_PERMISSION_GRANT_REQUIRED","[{""file"":""packages/storage/src/automationStore.ts"",""line"":675,""value"":""当前修订的完全访问尚未授权。""}]","当前自动化配置尚未获得完全访问授权。请查看权限范围并授权，或降低所需权限。","This automation’s current settings do not have full-access authorization. Review and grant access, or reduce the required permissions.","无默认操作","错误码或完整已知诊断原文匹配；嵌套原因优先","解决方向不授权动作；发送结果未知时只能核对状态，原业务门禁继续生效"
"ZEUS_AUTOMATION_PERMISSION_GRANT_STALE","[{""file"":""packages/storage/src/automationStore.ts"",""line"":589,""value"":""ZEUS_AUTOMATION_PERMISSION_GRANT_STALE: 完全访问授权与当前配置不匹配。""}]","当前自动化配置尚未获得完全访问授权。请查看权限范围并授权，或降低所需权限。","This automation’s current settings do not have full-access authorization. Review and grant access, or reduce the required permissions.","无默认操作","错误码或完整已知诊断原文匹配；嵌套原因优先","解决方向不授权动作；发送结果未知时只能核对状态，原业务门禁继续生效"
"ZEUS_AUTOMATION_TRIGGER_INACTIVE","[{""file"":""packages/storage/src/automationStore.ts"",""line"":663,""value"":""ZEUS_AUTOMATION_TRIGGER_INACTIVE: 自动化任务未启用。""}]","这个自动化已暂停，请先启用后再运行。","This automation is paused. Enable it before running it.","无默认操作","错误码或完整已知诊断原文匹配；嵌套原因优先","解决方向不授权动作；发送结果未知时只能核对状态，原业务门禁继续生效"
"ZEUS_AUTOMATION_BUDGET_RUNS_EXHAUSTED","[{""file"":""packages/storage/src/automationStore.ts"",""line"":672,""value"":""已达到当日运行次数上限。""}]","已达到自动化每日运行次数上限。请等待下一天，或调整次数上限。","The automation reached its daily run limit. Wait until the next day or adjust the limit.","无默认操作","错误码或完整已知诊断原文匹配；嵌套原因优先","解决方向不授权动作；发送结果未知时只能核对状态，原业务门禁继续生效"
"ZEUS_AUTOMATION_DISPATCH_INTERACTION_REQUIRED","[{""file"":""packages/local-server/src/automationScheduler.ts"",""line"":66,""value"":""自动化运行需要用户处理审批、问题或恢复边界。""}]","自动化需要你的回答或授权，已暂停等待。请在对应对话中处理。","The automation needs your answer or approval and is paused. Handle the request in its conversation.","无默认操作","错误码或完整已知诊断原文匹配；嵌套原因优先","解决方向不授权动作；发送结果未知时只能核对状态，原业务门禁继续生效"
"ZEUS_AUTOMATION_QUEUE_DISCARDED","[{""file"":""packages/storage/src/automationStore.ts"",""line"":678,""value"":""已按阻塞策略丢弃本次触发。""}]","已有工作阻止本次运行，已按你设置的策略跳过这次触发。","Existing work prevented this run. This trigger was skipped according to your configured policy.","无默认操作","错误码或完整已知诊断原文匹配；嵌套原因优先","解决方向不授权动作；发送结果未知时只能核对状态，原业务门禁继续生效"
"ZEUS_AUTOMATION_QUEUE_EVICTED","[{""file"":""packages/storage/src/automationStore.ts"",""line"":689,""value"":""队列已满，已淘汰最早等待运行。""}]","等待运行的任务已满，已按设置移除最早的一项。","The waiting queue is full. The oldest waiting run was removed according to your settings.","无默认操作","错误码或完整已知诊断原文匹配；嵌套原因优先","解决方向不授权动作；发送结果未知时只能核对状态，原业务门禁继续生效"
"ZEUS_AUTOMATION_TRIGGER_CAUSAL_CYCLE","[{""file"":""packages/storage/src/automationStore.ts"",""line"":711,""value"":""因果链内已存在同一自动化与项目。""}]","这次自动化会重复触发同一项目中的自身，Zeus 已停止它以避免无限循环。","This automation would trigger itself again in the same project. Zeus stopped it to prevent an endless loop.","无默认操作","错误码或完整已知诊断原文匹配；嵌套原因优先","解决方向不授权动作；发送结果未知时只能核对状态，原业务门禁继续生效"
"ZEUS_AUTOMATION_DISPATCH_NOT_QUEUED","[{""file"":""packages/storage/src/automationStore.ts"",""line"":757,""value"":""ZEUS_AUTOMATION_DISPATCH_NOT_QUEUED: 运行已不在等待队列。""}]","这次运行已离开等待队列，请查看最新运行状态。","This run is no longer waiting in the queue. Check its current state.","无默认操作","错误码或完整已知诊断原文匹配；嵌套原因优先","解决方向不授权动作；发送结果未知时只能核对状态，原业务门禁继续生效"
"ZEUS_PLUGIN_ALREADY_INSTALLED","[{""file"":""packages/local-server/src/zeusPluginService.ts"",""line"":181,""value"":""Plugin “${sourceInspection.name}” 已从相同来源安装；请使用更新入口。""}]","此来源的插件已经安装，请使用插件的“更新”操作。","The plugin from this source is already installed. Use its Update action.","无默认操作","错误码或完整已知诊断原文匹配；嵌套原因优先","解决方向不授权动作；发送结果未知时只能核对状态，原业务门禁继续生效"
"ZEUS_PLUGIN_PROVIDER_LEGACY_CONFLICT","[{""file"":""packages/local-server/src/zeusPluginService.ts"",""line"":263,""value"":""Provider 已原生安装同名 Plugin “${plugin.name}”；Zeus 不会启用第二份并造成重复执行。""}]","AI 服务中已安装同名插件。请先处理重复安装，再启用 Zeus 中的插件。","The AI service already has a plugin with this name. Resolve the duplicate installation before enabling the Zeus plugin.","无默认操作","错误码或完整已知诊断原文匹配；嵌套原因优先","解决方向不授权动作；发送结果未知时只能核对状态，原业务门禁继续生效"
"ZEUS_PLUGIN_CONNECTOR_AUTH_REQUIRED","[{""file"":""packages/local-server/src/zeusPluginService.ts"",""line"":388,""value"":""Connector 尚未完成授权；授权失败不等同于 Plugin 安装失败。""}]","插件需要的应用尚未连接。请在插件设置中完成应用授权。","An app required by this plugin is not connected. Authorize the app in plugin settings.","无默认操作","错误码或完整已知诊断原文匹配；嵌套原因优先","解决方向不授权动作；发送结果未知时只能核对状态，原业务门禁继续生效"
"ZEUS_PLUGIN_CONNECTOR_SECRET_INVALID","[{""file"":""packages/local-server/src/zeusPluginService.ts"",""line"":383,""value"":""Connector 授权值无效。""}]","应用访问密钥无效，请在插件连接设置中检查密钥。","The app access token is invalid. Check it in the plugin’s connection settings.","无默认操作","错误码或完整已知诊断原文匹配；嵌套原因优先","解决方向不授权动作；发送结果未知时只能核对状态，原业务门禁继续生效"
"ZEUS_PLUGIN_SOURCE_SELECTION_REQUIRED","[{""file"":""packages/local-server/src/zeusPluginService.ts"",""line"":456,""value"":""Plugin “${descriptor.plugin.name}”来自多个来源，请在会话选择器中按安装身份明确选择。""},{""file"":""packages/local-server/src/zeusPluginService.ts"",""line"":508,""value"":""Plugin “${duplicateName}”在多个来源或作用域中同名，必须显式选择其中一个安装身份。""}]","同名插件来自多个来源，请在选择器中明确选择要使用的那一个。","Plugins with this name come from multiple sources. Select the specific installation you want to use.","无默认操作","错误码或完整已知诊断原文匹配；嵌套原因优先","解决方向不授权动作；发送结果未知时只能核对状态，原业务门禁继续生效"
"ZEUS_PLUGIN_SOURCE_IS_MARKETPLACE","[{""file"":""packages/local-server/src/zeusPluginManifest.ts"",""line"":88,""value"":""此来源是插件市场，请添加为 Marketplace 后选择需要安装的插件。""}]","这个地址提供的是插件市场。请先添加市场，再选择要安装的插件。","This address is a plugin marketplace. Add the marketplace first, then select a plugin to install.","无默认操作","错误码或完整已知诊断原文匹配；嵌套原因优先","解决方向不授权动作；发送结果未知时只能核对状态，原业务门禁继续生效"
"ZEUS_PLUGIN_MANIFEST_MISSING","[{""file"":""packages/local-server/src/zeusPluginManifest.ts"",""line"":90,""value"":""Plugin 缺少 .codex-plugin/plugin.json 或 .claude-plugin/plugin.json。""}]","插件缺少有效的安装说明文件，无法安装。请使用完整插件包或联系插件作者。","The plugin lacks a valid manifest and cannot be installed. Use the complete plugin package or contact its author.","无默认操作","错误码或完整已知诊断原文匹配；嵌套原因优先","解决方向不授权动作；发送结果未知时只能核对状态，原业务门禁继续生效"
"ZEUS_PLUGIN_MANIFEST_INVALID","[{""file"":""packages/local-server/src/zeusPluginManifest.ts"",""line"":45,""value"":""Manifest interface 必须是对象。""},{""file"":""packages/local-server/src/zeusPluginManifest.ts"",""line"":57,""value"":""Plugin 未声明任何可运行组件。""},{""file"":""packages/local-server/src/zeusPluginManifest.ts"",""line"":149,""value"":""Skill ${skillName} 缺少 description。""},{""file"":""packages/local-server/src/zeusPluginManifest.ts"",""line"":152,""value"":""Manifest 的 skills 路径内没有有效 SKILL.md。""},{""file"":""packages/local-server/src/zeusPluginManifest.ts"",""line"":169,""value"":""Manifest hooks 必须是 ./ 路径、内联对象或它们的数组。""},{""file"":""packages/local-server/src/zeusPluginManifest.ts"",""line"":176,""value"":""Hook 配置缺少 hooks 对象。""},{""file"":""packages/local-server/src/zeusPluginManifest.ts"",""line"":181,""value"":""Hook 事件 ${event} 必须是数组。""},{""file"":""packages/local-server/src/zeusPluginManifest.ts"",""line"":183,""value"":""Hook ${event}[${groupIndex}] 缺少 handlers。""},{""file"":""packages/local-server/src/zeusPluginManifest.ts"",""line"":189,""value"":""Hook ${event} matcher 不是有效正则表达式。""},{""file"":""packages/local-server/src/zeusPluginManifest.ts"",""line"":193,""value"":""Hook ${event} handler 必须是对象。""},{""file"":""packages/local-server/src/zeusPluginManifest.ts"",""line"":213,""value"":""Hook ${event} async 必须是布尔值。""},{""file"":""packages/local-server/src/zeusPluginManifest.ts"",""line"":214,""value"":""SessionEnd Hook 不支持异步执行。""},{""file"":""packages/local-server/src/zeusPluginManifest.ts"",""line"":218,""value"":""SessionEnd Hook 不支持 mcp_tool。""},{""file"":""packages/local-server/src/zeusPluginManifest.ts"",""line"":221,""value"":""Hook ${event} input 必须是对象。""},{""file"":""packages/local-server/src/zeusPluginManifest.ts"",""line"":229,""value"":""Hook ${event} timeout 必须在 0 到 ${maximum} 秒之间。""},{""file"":""packages/local-server/src/zeusPluginManifest.ts"",""line"":241,""value"":""MCP Server ${name} 配置必须是对象。""},{""file"":""packages/local-server/src/zeusPluginManifest.ts"",""line"":245,""value"":""MCP Server ${name} 必须且只能声明 command 或 url。""},{""file"":""packages/local-server/src/zeusPluginManifest.ts"",""line"":248,""value"":""MCP Server ${name} args 必须是字符串数组。""},{""file"":""packages/local-server/src/zeusPluginManifest.ts"",""line"":251,""value"":""MCP Server ${name} env 必须是字符串映射。""},{""file"":""packages/local-server/src/zeusPluginManifest.ts"",""line"":260,""value"":""MCP Server ${name} url 无效。""},{""file"":""packages/local-server/src/zeusPluginManifest.ts"",""line"":263,""value"":""MCP Server ${name} 必须使用 HTTPS；仅本机地址允许 HTTP。""},{""file"":""packages/local-server/src/zeusPluginManifest.ts"",""line"":265,""value"":""MCP Server ${name} URL 不能内嵌凭据。""},{""file"":""packages/local-server/src/zeusPluginManifest.ts"",""line"":267,""value"":""MCP Server ${name} headers 必须是字符串映射。""},{""file"":""packages/local-server/src/zeusPluginManifest.ts"",""line"":271,""value"":""MCP 配置没有 Server。""},{""file"":""packages/local-server/src/zeusPluginManifest.ts"",""line"":284,""value"":""App ${name} 缺少 plugin_asdk_app 技术 ID。""},{""file"":""packages/local-server/src/zeusPluginManifest.ts"",""line"":289,""value"":""App 配置没有注册连接映射。""},{""file"":""packages/local-server/src/zeusPluginManifest.ts"",""line"":305,""value"":""展示资产 ${candidate.kind} 的格式不受支持。""},{""file"":""packages/local-server/src/zeusPluginManifest.ts"",""line"":318,""value"":""Manifest ${label} 指向的路径不存在。""},{""file"":""packages/local-server/src/zeusPluginManifest.ts"",""line"":324,""value"":""Manifest ${label} 指向的路径类型不正确。""},{""file"":""packages/local-server/src/zeusPluginManifest.ts"",""line"":333,""value"":""Plugin 根路径必须是目录。""},{""file"":""packages/local-server/src/zeusPluginManifest.ts"",""line"":346,""value"":""${label} 不是有效 JSON 对象：${basename(path)}""},{""file"":""packages/local-server/src/zeusPluginManifest.ts"",""line"":412,""value"":""${label} 必须使用 kebab-case。""},{""file"":""packages/local-server/src/zeusPluginManifest.ts"",""line"":418,""value"":""${label} 无效。""},{""file"":""packages/local-server/src/zeusPluginManifest.ts"",""line"":431,""value"":""${label} 名称重复：${item.id}""}]","插件缺少有效的安装说明文件，无法安装。请使用完整插件包或联系插件作者。","The plugin lacks a valid manifest and cannot be installed. Use the complete plugin package or contact its author.","无默认操作","错误码或完整已知诊断原文匹配；嵌套原因优先","解决方向不授权动作；发送结果未知时只能核对状态，原业务门禁继续生效"
"ZEUS_PLUGIN_MARKETPLACE_INVALID","[{""file"":""packages/local-server/src/zeusPluginSource.ts"",""line"":152,""value"":""来源中没有找到 marketplace.json。""},{""file"":""packages/local-server/src/zeusPluginSource.ts"",""line"":157,""value"":""Marketplace plugins 必须是数组。""},{""file"":""packages/local-server/src/zeusPluginSource.ts"",""line"":164,""value"":""Marketplace Plugin 名称重复：${entry.name}""},{""file"":""packages/local-server/src/zeusPluginSource.ts"",""line"":204,""value"":""Marketplace plugins[${index}] 必须是对象。""},{""file"":""packages/local-server/src/zeusPluginSource.ts"",""line"":207,""value"":""Marketplace Plugin ${name} 缺少 policy。""},{""file"":""packages/local-server/src/zeusPluginSource.ts"",""line"":215,""value"":""Marketplace Plugin ${name} 使用内联组件，请提供独立插件目录及清单。""},{""file"":""packages/local-server/src/zeusPluginSource.ts"",""line"":232,""value"":""Marketplace Plugin ${name} 使用了不支持的来源 ${kind}；Zeus 本任务只导入本地与 Git。""},{""file"":""packages/local-server/src/zeusPluginSource.ts"",""line"":235,""value"":""Marketplace Plugin ${name} source 无效。""},{""file"":""packages/local-server/src/zeusPluginSource.ts"",""line"":264,""value"":""Marketplace JSON 无效：${basename(path)}""},{""file"":""packages/local-server/src/zeusPluginSource.ts"",""line"":306,""value"":""${label} 必须以 ./ 开头。""},{""file"":""packages/local-server/src/zeusPluginSource.ts"",""line"":333,""value"":""${label} 必须使用 kebab-case。""}]","这个来源没有有效的插件市场信息。请检查市场地址或目录。","This source has no valid marketplace information. Check the marketplace address or folder.","无默认操作","错误码或完整已知诊断原文匹配；嵌套原因优先","解决方向不授权动作；发送结果未知时只能核对状态，原业务门禁继续生效"
"ZEUS_PLUGIN_MARKETPLACE_NAME_MISMATCH","[{""file"":""packages/local-server/src/zeusPluginService.ts"",""line"":175,""value"":""Marketplace 条目 ${input.resolvedSource.expectedName} 指向了 Plugin ${sourceInspection.name}。""}]","市场中的插件名称与下载内容不一致，安装已停止。请联系市场维护者检查。","The marketplace plugin name does not match the downloaded content. Installation stopped. Ask the marketplace maintainer to check it.","无默认操作","错误码或完整已知诊断原文匹配；嵌套原因优先","解决方向不授权动作；发送结果未知时只能核对状态，原业务门禁继续生效"
"ZEUS_PLUGIN_UNSAFE_PATH","[{""file"":""packages/local-server/src/zeusPluginManifest.ts"",""line"":105,""value"":""Plugin 不允许符号链接：${relative(pluginRoot, absolutePath)}""},{""file"":""packages/local-server/src/zeusPluginManifest.ts"",""line"":110,""value"":""Plugin 包含不支持的文件类型：${relative(pluginRoot, absolutePath)}""},{""file"":""packages/local-server/src/zeusPluginManifest.ts"",""line"":314,""value"":""Manifest ${label} 必须是以 ./ 开头的相对路径。""},{""file"":""packages/local-server/src/zeusPluginManifest.ts"",""line"":316,""value"":""Manifest ${label} 不能离开 Plugin 根目录。""},{""file"":""packages/local-server/src/zeusPluginManifest.ts"",""line"":321,""value"":""Manifest ${label} 解析后离开 Plugin 根目录。""},{""file"":""packages/local-server/src/zeusPluginManifest.ts"",""line"":330,""value"":""Plugin 根目录必须是绝对路径。""},{""file"":""packages/local-server/src/zeusPluginManifest.ts"",""line"":332,""value"":""Plugin 根目录不能是符号链接。""}]","插件中的路径指向允许范围之外，或包含不受支持的链接文件，Zeus 已阻止访问。请检查插件来源。","Plugin paths point outside the allowed location or include unsupported symbolic links. Zeus blocked access. Check the plugin source.","无默认操作","错误码或完整已知诊断原文匹配；嵌套原因优先","解决方向不授权动作；发送结果未知时只能核对状态，原业务门禁继续生效"
"ZEUS_PLUGIN_UNSAFE_SOURCE","[{""file"":""packages/local-server/src/zeusPluginSource.ts"",""line"":128,""value"":""Git 子目录不能离开仓库根目录。""},{""file"":""packages/local-server/src/zeusPluginSource.ts"",""line"":131,""value"":""Git 子目录解析后不能离开仓库根目录。""},{""file"":""packages/local-server/src/zeusPluginSource.ts"",""line"":139,""value"":""Marketplace 子目录不能离开来源根目录。""},{""file"":""packages/local-server/src/zeusPluginSource.ts"",""line"":180,""value"":""来源节点超过 ${limits.maximumNodes} 个。""},{""file"":""packages/local-server/src/zeusPluginSource.ts"",""line"":184,""value"":""来源不允许符号链接：${relativePath}""},{""file"":""packages/local-server/src/zeusPluginSource.ts"",""line"":190,""value"":""来源包含不支持的文件类型：${relativePath}""},{""file"":""packages/local-server/src/zeusPluginSource.ts"",""line"":192,""value"":""来源体积超过 ${Math.floor(limits.maximumBytes / 1024 / 1024)} MiB。""},{""file"":""packages/local-server/src/zeusPluginSource.ts"",""line"":243,""value"":""Marketplace Plugin ${name} 路径不能离开 Marketplace 根目录。""},{""file"":""packages/local-server/src/zeusPluginSource.ts"",""line"":281,""value"":""${label}不能是符号链接。""},{""file"":""packages/local-server/src/zeusPluginSource.ts"",""line"":316,""value"":""${label}不能离开来源根目录。""}]","插件中的路径指向允许范围之外，或包含不受支持的链接文件，Zeus 已阻止访问。请检查插件来源。","Plugin paths point outside the allowed location or include unsupported symbolic links. Zeus blocked access. Check the plugin source.","无默认操作","错误码或完整已知诊断原文匹配；嵌套原因优先","解决方向不授权动作；发送结果未知时只能核对状态，原业务门禁继续生效"
"ZEUS_PLUGIN_TOO_LARGE","[{""file"":""packages/local-server/src/zeusPluginManifest.ts"",""line"":102,""value"":""Plugin 文件节点超过 ${maximumPluginNodes} 个。""},{""file"":""packages/local-server/src/zeusPluginManifest.ts"",""line"":112,""value"":""Plugin 体积超过 ${maximumPluginBytes / 1024 / 1024} MiB。""},{""file"":""packages/local-server/src/zeusPluginManifest.ts"",""line"":339,""value"":""${label} 超过 ${maximumJsonBytes / 1024 / 1024} MiB。""}]","插件内容超过 Zeus 支持的大小或文件数量限制。请减少不需要的文件，或联系插件作者。","The plugin exceeds Zeus’s size or file-count limits. Remove unnecessary files or contact the plugin author.","无默认操作","错误码或完整已知诊断原文匹配；嵌套原因优先","解决方向不授权动作；发送结果未知时只能核对状态，原业务门禁继续生效"
"ZEUS_PLUGIN_RECORD_TOO_LARGE","[{""file"":""packages/storage/src/pluginStore.ts"",""line"":852,""value"":""${label} 超出存储上限。""}]","插件内容超过 Zeus 支持的大小或文件数量限制。请减少不需要的文件，或联系插件作者。","The plugin exceeds Zeus’s size or file-count limits. Remove unnecessary files or contact the plugin author.","无默认操作","错误码或完整已知诊断原文匹配；嵌套原因优先","解决方向不授权动作；发送结果未知时只能核对状态，原业务门禁继续生效"
"ZEUS_PLUGIN_COMPONENT_UNSUPPORTED","[{""file"":""packages/local-server/src/zeusPluginManifest.ts"",""line"":84,""value"":""当前仅支持 Claude 默认 skills 目录插件；尚不支持：${unsupported.join(', ')}。""},{""file"":""packages/local-server/src/zeusPluginManifest.ts"",""line"":179,""value"":""不支持的 Hook 事件：${event}""},{""file"":""packages/local-server/src/zeusPluginManifest.ts"",""line"":198,""value"":""不支持的 Hook handler 类型：${type}""},{""file"":""packages/local-server/src/zeusPluginManifest.ts"",""line"":353,""value"":""Manifest 包含 Zeus 尚不导入的能力：${unsupported.join(', ')}""},{""file"":""packages/local-server/src/zeusPluginManifest.ts"",""line"":357,""value"":""Manifest 包含当前公开规范之外的字段：${unknown.join(', ')}""}]","这个插件包含 Zeus 暂不支持的功能，无法按当前格式安装。请使用兼容的插件包。","This plugin contains features Zeus does not support and cannot be installed in its current format. Use a compatible package.","无默认操作","错误码或完整已知诊断原文匹配；嵌套原因优先","解决方向不授权动作；发送结果未知时只能核对状态，原业务门禁继续生效"
"ZEUS_PLUGIN_REVISION_CONFLICT","[{""file"":""packages/storage/src/pluginStore.ts"",""line"":430,""value"":""Plugin 已被其他操作更新。""},{""file"":""packages/storage/src/pluginStore.ts"",""line"":453,""value"":""Plugin 已被其他操作更新。""}]","插件或来源在操作期间发生变化。请刷新并确认最新内容后继续。","The plugin or its source changed during the action. Refresh and review the latest content before continuing.","无默认操作","错误码或完整已知诊断原文匹配；嵌套原因优先","解决方向不授权动作；发送结果未知时只能核对状态，原业务门禁继续生效"
"ZEUS_PLUGIN_SOURCE_CHANGED","[{""file"":""packages/local-server/src/zeusPluginService.ts"",""line"":322,""value"":""Marketplace 来源在复制期间发生变化，请确认来源稳定后重试。""},{""file"":""packages/local-server/src/zeusPluginService.ts"",""line"":686,""value"":""Plugin 来源在复制期间发生变化，请确认来源稳定后重试。""}]","插件或来源在操作期间发生变化。请刷新并确认最新内容后继续。","The plugin or its source changed during the action. Refresh and review the latest content before continuing.","无默认操作","错误码或完整已知诊断原文匹配；嵌套原因优先","解决方向不授权动作；发送结果未知时只能核对状态，原业务门禁继续生效"
"ZEUS_PLUGIN_SOURCE_CONFLICT","[{""file"":""packages/local-server/src/zeusPluginService.ts"",""line"":184,""value"":""Plugin “${sourceInspection.name}”的该来源已由另一安装身份占用。""}]","此插件来源已用于另一份安装。请在已安装列表中查找并管理已有插件。","This plugin source is already used by another installation. Manage it from the installed plugin list.","无默认操作","错误码或完整已知诊断原文匹配；嵌套原因优先","解决方向不授权动作；发送结果未知时只能核对状态，原业务门禁继续生效"
"ZEUS_PLUGIN_MARKETPLACE_ENTRY_UNAVAILABLE","[{""file"":""packages/local-server/src/zeusPluginService.ts"",""line"":561,""value"":""Marketplace 策略禁止安装 Plugin “${pluginName}”。""}]","插件市场的规则不允许安装这个插件。请查看市场规则或选择其他插件。","Marketplace policy does not allow this plugin to be installed. Review the policy or choose another plugin.","无默认操作","错误码或完整已知诊断原文匹配；嵌套原因优先","解决方向不授权动作；发送结果未知时只能核对状态，原业务门禁继续生效"
"ZEUS_PLUGIN_MCP_CONFIGURATION_INVALID","[{""file"":""packages/local-server/src/zeusPluginMcpBroker.ts"",""line"":382,""value"":""MCP 环境或 Header ${key} 必须是字符串。""},{""file"":""packages/local-server/src/zeusPluginMcpBroker.ts"",""line"":394,""value"":""MCP args 必须是字符串数组。""},{""file"":""packages/local-server/src/zeusPluginMcpBroker.ts"",""line"":403,""value"":""${label} 无效。""}]","插件连接配置无效。请按插件提供的说明检查命令、服务地址和访问参数。","The plugin connection configuration is invalid. Check the command, service address, and access parameters against the plugin’s instructions.","无默认操作","错误码或完整已知诊断原文匹配；嵌套原因优先","解决方向不授权动作；发送结果未知时只能核对状态，原业务门禁继续生效"
"ZEUS_PLUGIN_CONFIGURATION_INVALID","[{""file"":""packages/local-server/src/zeusPluginService.ts"",""line"":801,""value"":""${label}必须是绝对路径。""}]","插件连接配置无效。请按插件提供的说明检查命令、服务地址和访问参数。","The plugin connection configuration is invalid. Check the command, service address, and access parameters against the plugin’s instructions.","无默认操作","错误码或完整已知诊断原文匹配；嵌套原因优先","解决方向不授权动作；发送结果未知时只能核对状态，原业务门禁继续生效"
"ZEUS_PLUGIN_MCP_APP_APPROVAL_REQUIRED","[{""file"":""packages/local-server/src/zeusPluginMcpBroker.ts"",""line"":144,""value"":""MCP App 工具需要审批；请在扩展管理中设为允许，或配置可信 PermissionRequest Hook。""}]","这个应用操作需要授权。请在插件设置中检查该工具的权限。","This app action requires approval. Review the tool’s permissions in plugin settings.","无默认操作","错误码或完整已知诊断原文匹配；嵌套原因优先","解决方向不授权动作；发送结果未知时只能核对状态，原业务门禁继续生效"
"ZEUS_PLUGIN_MCP_TOOL_DENIED","[{""file"":""packages/local-server/src/zeusPluginMcpBroker.ts"",""line"":135,""value"":""Plugin MCP 工具策略已拒绝执行。""},{""file"":""packages/local-server/src/zeusPluginMcpBroker.ts"",""line"":143,""value"":""Plugin MCP App 工具策略已拒绝执行。""},{""file"":""packages/local-server/src/zeusPluginMcpBroker.ts"",""line"":179,""value"":""Hook 引用的 MCP 工具已被权限策略禁用。""}]","插件的权限规则拒绝了这个操作。请查看插件权限及错误详情。","The plugin’s permission rules denied this action. Check the plugin permissions and error details.","无默认操作","错误码或完整已知诊断原文匹配；嵌套原因优先","解决方向不授权动作；发送结果未知时只能核对状态，原业务门禁继续生效"
"ZEUS_PLUGIN_HOOK_TOOL_DENIED","[]","插件的权限规则拒绝了这个操作。请查看插件权限及错误详情。","The plugin’s permission rules denied this action. Check the plugin permissions and error details.","无默认操作","错误码或完整已知诊断原文匹配；嵌套原因优先","解决方向不授权动作；发送结果未知时只能核对状态，原业务门禁继续生效"
"ZEUS_PLUGIN_HOOK_PERMISSION_DENIED","[]","插件的权限规则拒绝了这个操作。请查看插件权限及错误详情。","The plugin’s permission rules denied this action. Check the plugin permissions and error details.","无默认操作","错误码或完整已知诊断原文匹配；嵌套原因优先","解决方向不授权动作；发送结果未知时只能核对状态，原业务门禁继续生效"
"ZEUS_PLUGIN_MCP_TOOL_DECLINED","[{""file"":""packages/local-server/src/codexDynamicToolApplication.ts"",""line"":163,""value"":""The user declined the Plugin MCP tool call.""},{""file"":""packages/local-server/src/piNativeConversationCoordinator.ts"",""line"":1806,""value"":""用户已拒绝 Plugin MCP 工具。""}]","你已拒绝这次插件操作，它不会继续执行。","You declined this plugin action. It will not continue.","无默认操作","错误码或完整已知诊断原文匹配；嵌套原因优先","解决方向不授权动作；发送结果未知时只能核对状态，原业务门禁继续生效"
"ZEUS_PLUGIN_HOOK_PROMPT_BLOCKED","[]","插件的检查规则阻止了这次请求。请查看插件提供的原因。","The plugin’s checks blocked this request. Review the reason provided by the plugin.","无默认操作","错误码或完整已知诊断原文匹配；嵌套原因优先","解决方向不授权动作；发送结果未知时只能核对状态，原业务门禁继续生效"
"ZEUS_PLUGIN_HOOK_COMPACTION_BLOCKED","[]","插件的检查规则阻止了这次请求。请查看插件提供的原因。","The plugin’s checks blocked this request. Review the reason provided by the plugin.","无默认操作","错误码或完整已知诊断原文匹配；嵌套原因优先","解决方向不授权动作；发送结果未知时只能核对状态，原业务门禁继续生效"
"ZEUS_PLUGIN_TOOL_APPROVAL_CHANNEL_UNAVAILABLE","[{""file"":""packages/local-server/src/codexPluginToolApprovalApplication.ts"",""line"":66,""value"":""Plugin 工具审批通道已断开；Zeus 不会把历史允许决定套用于新调用。""}]","插件的授权连接已断开，当前操作不能继续。请重新连接后处理最新授权请求。","The plugin’s approval connection was lost, so the action cannot continue. Reconnect and handle the latest approval request.","无默认操作","错误码或完整已知诊断原文匹配；嵌套原因优先","解决方向不授权动作；发送结果未知时只能核对状态，原业务门禁继续生效"
"ZEUS_PLUGIN_MCP_TOOL_CHANGED","[{""file"":""packages/local-server/src/zeusPluginMcpBroker.ts"",""line"":156,""value"":""MCP Server 的工具 Schema 或元数据在会话期间发生漂移；Zeus 不会在旧会话中采用新定义。""}]","插件工具在本次对话期间已更新。请开始新对话使用新版本，当前对话不会自动切换。","The plugin tool changed during this conversation. Start a new conversation to use the new version. This conversation will not switch automatically.","无默认操作","错误码或完整已知诊断原文匹配；嵌套原因优先","解决方向不授权动作；发送结果未知时只能核对状态，原业务门禁继续生效"
"ZEUS_PLUGIN_ACTIVATION_CORRUPT","[{""file"":""packages/local-server/src/zeusPluginService.ts"",""line"":743,""value"":""会话 Plugin 激活快照损坏，Zeus 不会改用当前版本。""},{""file"":""packages/local-server/src/zeusPluginService.ts"",""line"":780,""value"":""Plugin 组件路径离开不可变安装根目录。""}]","Zeus 无法读取保存的插件配置。请查看错误详情并检查插件安装。","Zeus cannot read the saved plugin configuration. See the error details and check the plugin installation.","无默认操作","错误码或完整已知诊断原文匹配；嵌套原因优先","解决方向不授权动作；发送结果未知时只能核对状态，原业务门禁继续生效"
"ZEUS_PLUGIN_STORED_COMPONENTS_INVALID","[{""file"":""packages/storage/src/pluginStore.ts"",""line"":835,""value"":""Plugin 组件快照无效。""}]","Zeus 无法读取保存的插件配置。请查看错误详情并检查插件安装。","Zeus cannot read the saved plugin configuration. See the error details and check the plugin installation.","无默认操作","错误码或完整已知诊断原文匹配；嵌套原因优先","解决方向不授权动作；发送结果未知时只能核对状态，原业务门禁继续生效"
"ZEUS_PLUGIN_STORED_JSON_INVALID","[{""file"":""packages/storage/src/pluginStore.ts"",""line"":846,""value"":""${label} JSON 无效：${error instanceof Error ? error.message : String(error)}""}]","Zeus 无法读取保存的插件配置。请查看错误详情并检查插件安装。","Zeus cannot read the saved plugin configuration. See the error details and check the plugin installation.","无默认操作","错误码或完整已知诊断原文匹配；嵌套原因优先","解决方向不授权动作；发送结果未知时只能核对状态，原业务门禁继续生效"
"ZEUS_SKILL_NOT_FOUND","[{""file"":""packages/local-server/src/nativeConversationSubmissionInputs.ts"",""line"":87,""value"":""所选 Skill “${value.name}” 已不存在，请重新选择。""},{""file"":""packages/local-server/src/piNativeConversationCoordinator.ts"",""line"":2394,""value"":""所选 Skill “${skill.name}” 已不存在。""}]","所选技能或插件在当前项目中不可用，请重新选择可用项。","The selected skill or plugin is unavailable in this project. Select an available item.","无默认操作","错误码或完整已知诊断原文匹配；嵌套原因优先","解决方向不授权动作；发送结果未知时只能核对状态，原业务门禁继续生效"
"ZEUS_SKILL_INPUT_INVALID","[{""file"":""packages/local-server/src/conversationApplicationOperations.ts"",""line"":3144,""value"":""Skill ID 无效，请重新选择。""}]","所选技能或插件在当前项目中不可用，请重新选择可用项。","The selected skill or plugin is unavailable in this project. Select an available item.","无默认操作","错误码或完整已知诊断原文匹配；嵌套原因优先","解决方向不授权动作；发送结果未知时只能核对状态，原业务门禁继续生效"
"ZEUS_PLUGIN_REFERENCE_NOT_FOUND","[{""file"":""packages/local-server/src/zeusPluginService.ts"",""line"":474,""value"":""Plugin/Skill 引用 ${reference.id} 在当前项目不可用。""}]","所选技能或插件在当前项目中不可用，请重新选择可用项。","The selected skill or plugin is unavailable in this project. Select an available item.","无默认操作","错误码或完整已知诊断原文匹配；嵌套原因优先","解决方向不授权动作；发送结果未知时只能核对状态，原业务门禁继续生效"
"ZEUS_TASK_WORK_PLUGIN_SKILL_UNAVAILABLE","[{""file"":""packages/local-server/src/taskWorkManagement.ts"",""line"":1386,""value"":""Plugin Skill ${value.id} 在当前项目不可用。""}]","所选技能或插件在当前项目中不可用，请重新选择可用项。","The selected skill or plugin is unavailable in this project. Select an available item.","无默认操作","错误码或完整已知诊断原文匹配；嵌套原因优先","解决方向不授权动作；发送结果未知时只能核对状态，原业务门禁继续生效"
"ZEUS_SKILL_REFERENCE_DUPLICATE","[{""file"":""packages/local-server/src/conversationApplicationOperations.ts"",""line"":294,""value"":""同一轮不能重复选择同一个 Skill。""}]","同一条消息不能重复选择同一个技能，请移除重复项。","The same skill cannot be selected twice for one message. Remove the duplicate.","无默认操作","错误码或完整已知诊断原文匹配；嵌套原因优先","解决方向不授权动作；发送结果未知时只能核对状态，原业务门禁继续生效"
"ZEUS_SKILL_REFERENCES_INVALID","[{""file"":""packages/local-server/src/conversationApplicationOperations.ts"",""line"":287,""value"":""skillReferences 必须是最多包含 8 项的数组。""},{""file"":""packages/local-server/src/conversationApplicationOperations.ts"",""line"":291,""value"":""第 ${index + 1} 个 Skill 引用缺少稳定 ID。""}]","一条消息最多选择 8 个技能，请检查技能选择。","Select up to 8 skills for one message. Check your selection.","无默认操作","错误码或完整已知诊断原文匹配；嵌套原因优先","解决方向不授权动作；发送结果未知时只能核对状态，原业务门禁继续生效"
"ZEUS_ZENTAO_BASE_URL_INVALID","[{""file"":""packages/local-server/src/zentaoCredentialService.ts"",""line"":55,""value"":""实例地址必须是有效的 http/https 地址，且不包含账号、查询参数或片段。""}]","禅道地址必须是完整的 http:// 或 https:// 地址，且不能包含账号或查询参数。","Enter a complete http:// or https:// ZenTao address without credentials or query parameters.","无默认操作","错误码或完整已知诊断原文匹配；嵌套原因优先","解决方向不授权动作；发送结果未知时只能核对状态，原业务门禁继续生效"
"ZEUS_ZENTAO_DUPLICATE_HOST","[{""file"":""packages/local-server/src/zentaoCredentialService.ts"",""line"":68,""value"":""实例地址 ${normalized.host} 已配置。""}]","这个禅道地址已经配置，请编辑已有连接。","This ZenTao address is already configured. Edit its existing connection.","无默认操作","错误码或完整已知诊断原文匹配；嵌套原因优先","解决方向不授权动作；发送结果未知时只能核对状态，原业务门禁继续生效"
"ZEUS_ZENTAO_INSTANCE_ALREADY_EXISTS","[{""file"":""packages/local-server/src/zentaoCredentialService.ts"",""line"":124,""value"":""禅道实例已存在。""}]","这个禅道地址已经配置，请编辑已有连接。","This ZenTao address is already configured. Edit its existing connection.","无默认操作","错误码或完整已知诊断原文匹配；嵌套原因优先","解决方向不授权动作；发送结果未知时只能核对状态，原业务门禁继续生效"
"ZEUS_ZENTAO_INSTANCE_NOT_FOUND","[{""file"":""packages/local-server/src/zentaoCredentialService.ts"",""line"":49,""value"":""禅道实例不存在。""}]","找不到这个禅道连接，请刷新连接列表。","This ZenTao connection could not be found. Refresh the connection list.","无默认操作","错误码或完整已知诊断原文匹配；嵌套原因优先","解决方向不授权动作；发送结果未知时只能核对状态，原业务门禁继续生效"
"ZEUS_BROWSER_SECURE_FIELD_BLOCKED","[{""file"":""apps/desktop/src/main/browserHost.ts"",""line"":1326,""value"":""ZEUS_BROWSER_SECURE_FIELD_BLOCKED: Use Browser Auth so the credential never enters Provider arguments or tool history.""},{""file"":""apps/desktop/src/main/browserHost.ts"",""line"":3819,""value"":""ZEUS_BROWSER_SECURE_FIELD_BLOCKED: Use Browser Auth so the credential never enters Provider arguments or tool history.""}]","密码等敏感信息需要由你在浏览器登录窗口中填写。","Enter sensitive information, such as passwords, yourself in the browser sign-in window.","无默认操作","错误码或完整已知诊断原文匹配；嵌套原因优先","解决方向不授权动作；发送结果未知时只能核对状态，原业务门禁继续生效"
"ZEUS_BROWSER_EXTENSION_TIMEOUT","[{""file"":""apps/desktop/src/main/externalBrowserHost.ts"",""line"":352,""value"":""ZEUS_BROWSER_EXTENSION_TIMEOUT: ${surface} 扩展调用超时。""}]","浏览器扩展未能及时响应。请检查目标浏览器和 Zeus 扩展是否已打开。","The browser extension did not respond in time. Check that the target browser and Zeus extension are open.","无默认操作","错误码或完整已知诊断原文匹配；嵌套原因优先","解决方向不授权动作；发送结果未知时只能核对状态，原业务门禁继续生效"
"ZEUS_MODEL_HTTP_401","[]","模型服务拒绝了访问密钥（API Key）。请在模型供应商设置中检查密钥。","The model service rejected the API key. Check it in model provider settings.","model_settings","错误码或完整已知诊断原文匹配；嵌套原因优先","解决方向不授权动作；发送结果未知时只能核对状态，原业务门禁继续生效"
"ZEUS_MODEL_HTTP_403","[]","模型服务不允许访问模型目录。请检查账号权限和服务设置。","The model service denied access to its catalog. Check account permissions and service settings.","model_settings","错误码或完整已知诊断原文匹配；嵌套原因优先","解决方向不授权动作；发送结果未知时只能核对状态，原业务门禁继续生效"
"ZEUS_MODEL_HTTP_404","[]","模型服务找不到目录接口。请检查服务地址和模型目录路径，或手动添加模型。","The model service could not find the catalog endpoint. Check the service address and catalog path, or add models manually.","model_settings","错误码或完整已知诊断原文匹配；嵌套原因优先","解决方向不授权动作；发送结果未知时只能核对状态，原业务门禁继续生效"
"ZEUS_MODEL_HTTP_429","[]","模型服务暂时限制了目录请求。请稍后再读取模型列表。","The model service temporarily limited catalog requests. Load the model list later.","retry","错误码或完整已知诊断原文匹配；嵌套原因优先","解决方向不授权动作；发送结果未知时只能核对状态，原业务门禁继续生效"
"ZEUS_MODEL_HTTP_500","[]","模型服务处理目录请求时发生错误，暂时无法读取模型列表。","The model service encountered an error handling the catalog request. The model list cannot be loaded yet.","retry","错误码或完整已知诊断原文匹配；嵌套原因优先","解决方向不授权动作；发送结果未知时只能核对状态，原业务门禁继续生效"
"ZEUS_MODEL_HTTP_502","[]","模型服务处理目录请求时发生错误，暂时无法读取模型列表。","The model service encountered an error handling the catalog request. The model list cannot be loaded yet.","retry","错误码或完整已知诊断原文匹配；嵌套原因优先","解决方向不授权动作；发送结果未知时只能核对状态，原业务门禁继续生效"
"ZEUS_MODEL_HTTP_503","[]","模型服务处理目录请求时发生错误，暂时无法读取模型列表。","The model service encountered an error handling the catalog request. The model list cannot be loaded yet.","retry","错误码或完整已知诊断原文匹配；嵌套原因优先","解决方向不授权动作；发送结果未知时只能核对状态，原业务门禁继续生效"
"ZEUS_MODEL_HTTP_504","[]","模型服务处理目录请求时发生错误，暂时无法读取模型列表。","The model service encountered an error handling the catalog request. The model list cannot be loaded yet.","retry","错误码或完整已知诊断原文匹配；嵌套原因优先","解决方向不授权动作；发送结果未知时只能核对状态，原业务门禁继续生效"
"ZEUS_IM_TASK_EDIT_FIELD_INVALID","[{""file"":""packages/local-server/src/imTelegramService.ts"",""line"":1482,""value"":""用法：/task edit <任务> title|description <内容>""}]","只能修改任务标题或描述。用法：/task edit <任务> title|description <内容>","Only the task title or description can be edited. Usage: /task edit <task> title|description <content>","无默认操作","错误码或完整已知诊断原文匹配；嵌套原因优先","解决方向不授权动作；发送结果未知时只能核对状态，原业务门禁继续生效"
"服务地址必须是完整 URL。","[{""text"":""服务地址必须是完整 URL。""}]","服务地址需要以 https:// 或 http:// 开头，请填写完整地址。","Enter a complete service address starting with https:// or http://.","model_settings","错误码或完整已知诊断原文匹配；嵌套原因优先","解决方向不授权动作；发送结果未知时只能核对状态，原业务门禁继续生效"
"服务地址只支持 HTTP 或 HTTPS。","[{""text"":""服务地址只支持 HTTP 或 HTTPS。""}]","服务地址需要以 https:// 或 http:// 开头，请填写完整地址。","Enter a complete service address starting with https:// or http://.","model_settings","错误码或完整已知诊断原文匹配；嵌套原因优先","解决方向不授权动作；发送结果未知时只能核对状态，原业务门禁继续生效"
"服务地址不能包含账号、密码、查询参数或片段。","[{""text"":""服务地址不能包含账号、密码、查询参数或片段。""}]","服务地址不能包含账号、密码或问号、井号后的参数。请将密钥填写在 API Key 输入框中。","The service address cannot contain credentials, query parameters, or a fragment. Enter the key in the API key field.","model_settings","错误码或完整已知诊断原文匹配；嵌套原因优先","解决方向不授权动作；发送结果未知时只能核对状态，原业务门禁继续生效"
"模型目录路径必须是站内绝对路径。","[{""text"":""模型目录路径必须是站内绝对路径。""}]","模型目录路径必须以 / 开头，且不能包含 ..、? 或 #，例如 /models。","The model catalog path must start with / and cannot contain .., ?, or #; for example, /models.","model_settings","错误码或完整已知诊断原文匹配；嵌套原因优先","解决方向不授权动作；发送结果未知时只能核对状态，原业务门禁继续生效"
"模型列表必须是数组且不能超过 200 项。","[{""text"":""模型列表必须是数组且不能超过 200 项。""}]","一次最多配置 200 个模型，请检查导入的模型列表格式和数量。","Configure up to 200 models at a time. Check the imported model list’s format and size.","model_settings","错误码或完整已知诊断原文匹配；嵌套原因优先","解决方向不授权动作；发送结果未知时只能核对状态，原业务门禁继续生效"
"模型配置必须是对象。","[{""text"":""模型配置必须是对象。""}]","模型配置格式无法读取，请在模型供应商设置中重新填写。","The model configuration format cannot be read. Enter it again in model provider settings.","model_settings","错误码或完整已知诊断原文匹配；嵌套原因优先","解决方向不授权动作；发送结果未知时只能核对状态，原业务门禁继续生效"
"未找到 Homebrew。请先安装 Homebrew，再重试 Zeus 更新。","[{""text"":""未找到 Homebrew。请先安装 Homebrew，再重试 Zeus 更新。""}]","自动更新需要 Homebrew（macOS 软件安装工具），但本机没有找到它。请安装 Homebrew 后再检查更新。","Automatic updates require Homebrew, a macOS package manager, but it was not found on this Mac. Install Homebrew before checking for updates.","无默认操作","错误码或完整已知诊断原文匹配；嵌套原因优先","解决方向不授权动作；发送结果未知时只能核对状态，原业务门禁继续生效"
"Homebrew 下载完成，但缓存安装包未通过发布清单校验。","[{""text"":""Homebrew 下载完成，但缓存安装包未通过发布清单校验。""}]","下载的更新包不完整或与发布信息不符，Zeus 已停止安装。请重新下载更新。","The downloaded update is incomplete or does not match the release information. Zeus stopped installation. Download the update again.","retry","错误码或完整已知诊断原文匹配；嵌套原因优先","解决方向不授权动作；发送结果未知时只能核对状态，原业务门禁继续生效"
"已预取的更新包已变化或不完整，请重新下载。","[{""text"":""已预取的更新包已变化或不完整，请重新下载。""}]","下载的更新包不完整或与发布信息不符，Zeus 已停止安装。请重新下载更新。","The downloaded update is incomplete or does not match the release information. Zeus stopped installation. Download the update again.","retry","错误码或完整已知诊断原文匹配；嵌套原因优先","解决方向不授权动作；发送结果未知时只能核对状态，原业务门禁继续生效"
"当前没有可预取的 Zeus 更新。","[{""text"":""当前没有可预取的 Zeus 更新。""}]","目前没有可下载的 Zeus 更新。","No Zeus update is currently available to download.","无默认操作","错误码或完整已知诊断原文匹配；嵌套原因优先","解决方向不授权动作；发送结果未知时只能核对状态，原业务门禁继续生效"
"更新状态与当前 Zeus App 版本不一致。","[{""text"":""更新状态与当前 Zeus App 版本不一致。""}]","更新信息与当前 Zeus 版本不一致。请重新检查更新。","The update information does not match this Zeus version. Check for updates again.","retry","错误码或完整已知诊断原文匹配；嵌套原因优先","解决方向不授权动作；发送结果未知时只能核对状态，原业务门禁继续生效"
"更新安装包与当前 Mac 架构不一致。","[{""text"":""更新安装包与当前 Mac 架构不一致。""}]","此更新包不支持当前 Mac 的处理器，Zeus 已停止安装。请检查是否选择了适合这台 Mac 的版本。","This update does not support this Mac’s processor. Zeus stopped installation. Check that you selected the version for this Mac.","无默认操作","错误码或完整已知诊断原文匹配；嵌套原因优先","解决方向不授权动作；发送结果未知时只能核对状态，原业务门禁继续生效"
"当前 Zeus 没有目标 Homebrew Cask 管理收据，不能自动接管安装。","[{""text"":""当前 Zeus 没有目标 Homebrew Cask 管理收据，不能自动接管安装。""}]","Homebrew 管理的安装与当前使用的 Zeus 不一致，无法自动更新这份应用。请检查 Zeus 的安装来源和位置。","The installation managed by Homebrew does not match this Zeus app. It cannot be updated automatically. Check the app’s installation source and location.","无默认操作","错误码或完整已知诊断原文匹配；嵌套原因优先","解决方向不授权动作；发送结果未知时只能核对状态，原业务门禁继续生效"
"Homebrew Cask 管理的 Zeus App 不是当前正在使用的日常正式应用。","[{""text"":""Homebrew Cask 管理的 Zeus App 不是当前正在使用的日常正式应用。""}]","Homebrew 管理的安装与当前使用的 Zeus 不一致，无法自动更新这份应用。请检查 Zeus 的安装来源和位置。","The installation managed by Homebrew does not match this Zeus app. It cannot be updated automatically. Check the app’s installation source and location.","无默认操作","错误码或完整已知诊断原文匹配；嵌套原因优先","解决方向不授权动作；发送结果未知时只能核对状态，原业务门禁继续生效"
"Homebrew 安装后的 Zeus App 位置与当前日常正式应用不一致。","[{""text"":""Homebrew 安装后的 Zeus App 位置与当前日常正式应用不一致。""}]","Homebrew 管理的安装与当前使用的 Zeus 不一致，无法自动更新这份应用。请检查 Zeus 的安装来源和位置。","The installation managed by Homebrew does not match this Zeus app. It cannot be updated automatically. Check the app’s installation source and location.","无默认操作","错误码或完整已知诊断原文匹配；嵌套原因优先","解决方向不授权动作；发送结果未知时只能核对状态，原业务门禁继续生效"
"Homebrew Cask 与 Zeus 发布清单不一致，为避免安装错误版本已停止升级。","[{""text"":""Homebrew Cask 与 Zeus 发布清单不一致，为避免安装错误版本已停止升级。""}]","Homebrew 的更新信息与 Zeus 官方发布不一致，安装已停止。请检查安装来源并等待发布信息更新。","Homebrew’s update information does not match the official Zeus release. Installation stopped. Check the installation source and wait for the release information to update.","无默认操作","错误码或完整已知诊断原文匹配；嵌套原因优先","解决方向不授权动作；发送结果未知时只能核对状态，原业务门禁继续生效"
"Zeus 只允许使用 imchenway/tap 中的正式 Cask 升级。","[{""text"":""Zeus 只允许使用 imchenway/tap 中的正式 Cask 升级。""}]","Homebrew 的更新信息与 Zeus 官方发布不一致，安装已停止。请检查安装来源并等待发布信息更新。","Homebrew’s update information does not match the official Zeus release. Installation stopped. Check the installation source and wait for the release information to update.","无默认操作","错误码或完整已知诊断原文匹配；嵌套原因优先","解决方向不授权动作；发送结果未知时只能核对状态，原业务门禁继续生效"
"Homebrew 返回的 Zeus Cask 信息不是有效 JSON。","[{""text"":""Homebrew 返回的 Zeus Cask 信息不是有效 JSON。""}]","Homebrew 返回的 Zeus 安装信息不完整或无法读取，暂时不能更新。","Homebrew returned incomplete or unreadable Zeus installation information. The app cannot be updated yet.","无默认操作","错误码或完整已知诊断原文匹配；嵌套原因优先","解决方向不授权动作；发送结果未知时只能核对状态，原业务门禁继续生效"
"Homebrew 没有返回唯一的 Zeus Cask。","[{""text"":""Homebrew 没有返回唯一的 Zeus Cask。""}]","Homebrew 返回的 Zeus 安装信息不完整或无法读取，暂时不能更新。","Homebrew returned incomplete or unreadable Zeus installation information. The app cannot be updated yet.","无默认操作","错误码或完整已知诊断原文匹配；嵌套原因优先","解决方向不授权动作；发送结果未知时只能核对状态，原业务门禁继续生效"
"Homebrew Zeus Cask 缺少必要版本或产物信息。","[{""text"":""Homebrew Zeus Cask 缺少必要版本或产物信息。""}]","Homebrew 返回的 Zeus 安装信息不完整或无法读取，暂时不能更新。","Homebrew returned incomplete or unreadable Zeus installation information. The app cannot be updated yet.","无默认操作","错误码或完整已知诊断原文匹配；嵌套原因优先","解决方向不授权动作；发送结果未知时只能核对状态，原业务门禁继续生效"
"Homebrew 安装后的 Zeus App 不存在。","[{""text"":""Homebrew 安装后的 Zeus App 不存在。""}]","Homebrew 未能找到需要的 Zeus 应用或安装包，无法继续更新。请查看安装详情。","Homebrew could not locate the required Zeus app or installer and cannot continue the update. See the installation details.","无默认操作","错误码或完整已知诊断原文匹配；嵌套原因优先","解决方向不授权动作；发送结果未知时只能核对状态，原业务门禁继续生效"
"Homebrew 安装后没有返回 Zeus App 的精确位置。","[{""text"":""Homebrew 安装后没有返回 Zeus App 的精确位置。""}]","Homebrew 未能找到需要的 Zeus 应用或安装包，无法继续更新。请查看安装详情。","Homebrew could not locate the required Zeus app or installer and cannot continue the update. See the installation details.","无默认操作","错误码或完整已知诊断原文匹配；嵌套原因优先","解决方向不授权动作；发送结果未知时只能核对状态，原业务门禁继续生效"
"Homebrew 没有返回有效的 Zeus 缓存路径。","[{""text"":""Homebrew 没有返回有效的 Zeus 缓存路径。""}]","Homebrew 未能找到需要的 Zeus 应用或安装包，无法继续更新。请查看安装详情。","Homebrew could not locate the required Zeus app or installer and cannot continue the update. See the installation details.","无默认操作","错误码或完整已知诊断原文匹配；嵌套原因优先","解决方向不授权动作；发送结果未知时只能核对状态，原业务门禁继续生效"
"ZEUS_UPDATE_INSTALLED_IDENTITY_MISMATCH","[]","安装后的应用名称或版本与目标更新不符，Zeus 已停止自动启动。请查看安装详情。","The installed app’s identity or version does not match the update. Zeus stopped automatic relaunch. See the installation details.","无默认操作","错误码或完整已知诊断原文匹配；嵌套原因优先","解决方向不授权动作；发送结果未知时只能核对状态，原业务门禁继续生效"
"ZEUS_UPDATE_DOWNLOAD_INTERRUPTED","[]","更新下载中断，当前版本仍可使用。可以重新下载。","The update download was interrupted. You can keep using the current version and download again.","retry","错误码或完整已知诊断原文匹配；嵌套原因优先","解决方向不授权动作；发送结果未知时只能核对状态，原业务门禁继续生效"
"unauthorized","[]","AI 服务拒绝了登录信息。请在设置中检查登录状态或访问密钥（API Key）。","The AI service rejected the credentials. Check your sign-in or API key in Settings.","model_settings","错误码或完整已知诊断原文匹配；嵌套原因优先","解决方向不授权动作；发送结果未知时只能核对状态，原业务门禁继续生效"
"invalid_api_key","[]","AI 服务拒绝了登录信息。请在设置中检查登录状态或访问密钥（API Key）。","The AI service rejected the credentials. Check your sign-in or API key in Settings.","model_settings","错误码或完整已知诊断原文匹配；嵌套原因优先","解决方向不授权动作；发送结果未知时只能核对状态，原业务门禁继续生效"
"authentication_error","[]","AI 服务拒绝了登录信息。请在设置中检查登录状态或访问密钥（API Key）。","The AI service rejected the credentials. Check your sign-in or API key in Settings.","model_settings","错误码或完整已知诊断原文匹配；嵌套原因优先","解决方向不授权动作；发送结果未知时只能核对状态，原业务门禁继续生效"
"permission_denied","[]","AI 服务不允许此账号执行该请求。请检查账号或模型的使用权限。","The AI service does not allow this account to perform the request. Check account or model access.","settings","错误码或完整已知诊断原文匹配；嵌套原因优先","解决方向不授权动作；发送结果未知时只能核对状态，原业务门禁继续生效"
"permission_error","[]","AI 服务不允许此账号执行该请求。请检查账号或模型的使用权限。","The AI service does not allow this account to perform the request. Check account or model access.","settings","错误码或完整已知诊断原文匹配；嵌套原因优先","解决方向不授权动作；发送结果未知时只能核对状态，原业务门禁继续生效"
"usageLimitExceeded","[]","AI 服务的账户用量或余额已达限制，暂时无法继续。请检查该服务的用量与账单。","The AI service account has reached its usage or credit limit. Check the service’s usage and billing.","settings","错误码或完整已知诊断原文匹配；嵌套原因优先","解决方向不授权动作；发送结果未知时只能核对状态，原业务门禁继续生效"
"insufficient_quota","[]","AI 服务的账户用量或余额已达限制，暂时无法继续。请检查该服务的用量与账单。","The AI service account has reached its usage or credit limit. Check the service’s usage and billing.","settings","错误码或完整已知诊断原文匹配；嵌套原因优先","解决方向不授权动作；发送结果未知时只能核对状态，原业务门禁继续生效"
"quota_exceeded","[]","AI 服务的账户用量或余额已达限制，暂时无法继续。请检查该服务的用量与账单。","The AI service account has reached its usage or credit limit. Check the service’s usage and billing.","settings","错误码或完整已知诊断原文匹配；嵌套原因优先","解决方向不授权动作；发送结果未知时只能核对状态，原业务门禁继续生效"
"billing_hard_limit_reached","[]","AI 服务的账户用量或余额已达限制，暂时无法继续。请检查该服务的用量与账单。","The AI service account has reached its usage or credit limit. Check the service’s usage and billing.","settings","错误码或完整已知诊断原文匹配；嵌套原因优先","解决方向不授权动作；发送结果未知时只能核对状态，原业务门禁继续生效"
"rate_limit_exceeded","[]","AI 服务收到的请求过多，暂时限制了使用。请等待限制解除后再继续。","The AI service is receiving too many requests and has temporarily limited access. Wait until the limit clears before continuing.","无默认操作","错误码或完整已知诊断原文匹配；嵌套原因优先","解决方向不授权动作；发送结果未知时只能核对状态，原业务门禁继续生效"
"rate_limit_error","[]","AI 服务收到的请求过多，暂时限制了使用。请等待限制解除后再继续。","The AI service is receiving too many requests and has temporarily limited access. Wait until the limit clears before continuing.","无默认操作","错误码或完整已知诊断原文匹配；嵌套原因优先","解决方向不授权动作；发送结果未知时只能核对状态，原业务门禁继续生效"
"tooManyRequests","[]","AI 服务收到的请求过多，暂时限制了使用。请等待限制解除后再继续。","The AI service is receiving too many requests and has temporarily limited access. Wait until the limit clears before continuing.","无默认操作","错误码或完整已知诊断原文匹配；嵌套原因优先","解决方向不授权动作；发送结果未知时只能核对状态，原业务门禁继续生效"
"contextWindowExceeded","[]","对话内容超过了模型可处理的长度，无法继续这次请求。请缩短输入或选择容量更大的模型。","The conversation exceeds the model’s length limit. Shorten the input or choose a model with a larger context window.","choose_model","错误码或完整已知诊断原文匹配；嵌套原因优先","解决方向不授权动作；发送结果未知时只能核对状态，原业务门禁继续生效"
"context_length_exceeded","[]","对话内容超过了模型可处理的长度，无法继续这次请求。请缩短输入或选择容量更大的模型。","The conversation exceeds the model’s length limit. Shorten the input or choose a model with a larger context window.","choose_model","错误码或完整已知诊断原文匹配；嵌套原因优先","解决方向不授权动作；发送结果未知时只能核对状态，原业务门禁继续生效"
"httpConnectionFailed","[]","与 AI 服务的连接未能建立，无法读取回复。请检查该服务的连接设置。","A connection to the AI service could not be established. Check the service’s connection settings.","settings","错误码或完整已知诊断原文匹配；嵌套原因优先","解决方向不授权动作；发送结果未知时只能核对状态，原业务门禁继续生效"
"responseStreamConnectionFailed","[]","与 AI 服务的连接未能建立，无法读取回复。请检查该服务的连接设置。","A connection to the AI service could not be established. Check the service’s connection settings.","settings","错误码或完整已知诊断原文匹配；嵌套原因优先","解决方向不授权动作；发送结果未知时只能核对状态，原业务门禁继续生效"
"responseStreamDisconnected","[]","AI 服务在回复结束前断开了连接，因此没有收到完整回复。","The AI service disconnected before finishing its response, so the reply is incomplete.","无默认操作","错误码或完整已知诊断原文匹配；嵌套原因优先","解决方向不授权动作；发送结果未知时只能核对状态，原业务门禁继续生效"
"model_not_found","[]","AI 服务找不到所选模型，或当前账号无权使用它。请检查模型名称和账号权限。","The AI service cannot find the selected model, or this account cannot access it. Check the model name and account access.","choose_model","错误码或完整已知诊断原文匹配；嵌套原因优先","解决方向不授权动作；发送结果未知时只能核对状态，原业务门禁继续生效"
"content_filter","[]","AI 服务拒绝了这次请求的内容。请调整请求后再继续。","The AI service declined the content of this request. Revise it before continuing.","无默认操作","错误码或完整已知诊断原文匹配；嵌套原因优先","解决方向不授权动作；发送结果未知时只能核对状态，原业务门禁继续生效"
"safety_violation","[]","AI 服务拒绝了这次请求的内容。请调整请求后再继续。","The AI service declined the content of this request. Revise it before continuing.","无默认操作","错误码或完整已知诊断原文匹配；嵌套原因优先","解决方向不授权动作；发送结果未知时只能核对状态，原业务门禁继续生效"
"ZEUS_UNIFIED_QUEUE_HEAD_FAILED","[]","这条消息的处理已暂停，Zeus 尚未确定具体原因。请查看错误详情。","Processing of this message is paused, and Zeus has not identified the cause. See the error details.","无默认操作","错误码或完整已知诊断原文匹配；嵌套原因优先","解决方向不授权动作；发送结果未知时只能核对状态，原业务门禁继续生效"
"ZEUS_COMPUTER_SECURE_FIELD_BLOCKED","[]","密码、验证码等敏感字段需要由你在目标应用中填写。","Enter passwords, verification codes, and other sensitive fields yourself in the target app.","无默认操作","错误码或完整已知诊断原文匹配；嵌套原因优先","解决方向不授权动作；发送结果未知时只能核对状态，原业务门禁继续生效"
"ZEUS_COMPUTER_DISABLED","[]","尚未启用电脑操作。请在“设置 → 浏览器”中启用并授予系统权限。","Computer actions are disabled. Enable them and grant system permissions under Settings → Browser.","settings","错误码或完整已知诊断原文匹配；嵌套原因优先","解决方向不授权动作；发送结果未知时只能核对状态，原业务门禁继续生效"
"ZEUS_MODEL_CONNECTION_INSECURE_HTTP_CONFIRMATION_REQUIRED","[{""file"":""packages/local-server/src/modelConnectionService.ts"",""line"":111,""value"":""HTTP 不会加密传输 API Key、请求内容或模型回复，请确认风险后再保存。""}]","此服务使用未加密的 HTTP，会暴露密钥和对话内容。请在连接设置中确认风险后再保存。","This service uses unencrypted HTTP, which can expose credentials and conversations. Review and confirm the risk in connection settings before saving.","model_settings","错误码或完整已知诊断原文匹配；嵌套原因优先","解决方向不授权动作；发送结果未知时只能核对状态，原业务门禁继续生效"
"ZEUS_TASK_NOT_FOUND","[{""file"":""packages/local-server/src/conversationApplicationOperations.ts"",""line"":1406,""value"":""Conversation task was not found.""},{""file"":""packages/local-server/src/conversationCapabilityQueryApplication.ts"",""line"":141,""value"":""Task not found""},{""file"":""packages/local-server/src/digitalEmployeeRoutes.ts"",""line"":912,""value"":""任务不存在。""},{""file"":""packages/local-server/src/gitCommandRoutes.ts"",""line"":337,""value"":""Task not found""},{""file"":""packages/local-server/src/gitIntegrationOperations.ts"",""line"":904,""value"":""Task not found""},{""file"":""packages/local-server/src/gitIntegrationOperations.ts"",""line"":910,""value"":""Task not found""},{""file"":""packages/local-server/src/gitIntegrationOperations.ts"",""line"":951,""value"":""Task not found for this project""},{""file"":""packages/local-server/src/gitIntegrationOperations.ts"",""line"":1033,""value"":""Task not found""},{""file"":""packages/local-server/src/gitIntegrationOperations.ts"",""line"":1302,""value"":""Task not found for this project""},{""file"":""packages/local-server/src/gitIntegrationOperations.ts"",""line"":1341,""value"":""Task not found""},{""file"":""packages/local-server/src/localServerPlatformRoutes.ts"",""line"":1249,""value"":""Task not found""},{""file"":""packages/local-server/src/localServerPlatformRoutes.ts"",""line"":2091,""value"":""Task not found""},{""file"":""packages/local-server/src/localServerPlatformRoutes.ts"",""line"":2219,""value"":""Task not found""},{""file"":""packages/local-server/src/taskStageApplication.ts"",""line"":298,""value"":""Task not found""},{""file"":""packages/local-server/src/taskWorkManagement.ts"",""line"":1645,""value"":""任务不存在。""},{""file"":""packages/local-server/src/workManagementCoreOperations.ts"",""line"":385,""value"":""Task not found""},{""file"":""packages/local-server/src/workManagementQueryApplication.ts"",""line"":28,""value"":""Task not found""},{""file"":""packages/local-server/src/workManagementTaskOperations.ts"",""line"":259,""value"":""Task not found""},{""file"":""packages/local-server/src/workManagementTaskOperations.ts"",""line"":650,""value"":""Task not found""}]","找不到这项任务。请返回任务列表确认它是否仍然存在。","This task could not be found. Check whether it is still available in the task list.","无默认操作","错误码或完整已知诊断原文匹配；嵌套原因优先","解决方向不授权动作；发送结果未知时只能核对状态，原业务门禁继续生效"
"ZEUS_TASK_ARCHIVED","[]","这项任务已归档，请先恢复任务再继续。","This task is archived. Restore it before continuing.","无默认操作","错误码或完整已知诊断原文匹配；嵌套原因优先","解决方向不授权动作；发送结果未知时只能核对状态，原业务门禁继续生效"
"ZEUS_NATIVE_QUEUE_RECOVERY_REQUIRED","[]","消息处理已暂停。请在对话中检查上次处理状态后继续。","Message processing is paused. Check the previous request’s status in the conversation before continuing.","check","错误码或完整已知诊断原文匹配；嵌套原因优先","解决方向不授权动作；发送结果未知时只能核对状态，原业务门禁继续生效"
"ZEUS_MODEL_API_KEY_INVALID","[{""file"":""packages/local-server/src/modelConnectionService.ts"",""line"":102,""value"":""API Key 不能为空。""}]","未填写服务访问密钥（API Key）。请在模型供应商设置中填写。","The service API key is missing. Enter it in the model provider settings.","model_settings","错误码或完整已知诊断原文匹配；嵌套原因优先","解决方向不授权动作；发送结果未知时只能核对状态，原业务门禁继续生效"
"ZEUS_MODEL_API_KEY_REQUIRED","[{""file"":""packages/local-server/src/modelConnectionService.ts"",""line"":124,""value"":""请先为该连接配置 API Key。""}]","未填写服务访问密钥（API Key）。请在模型供应商设置中填写。","The service API key is missing. Enter it in the model provider settings.","model_settings","错误码或完整已知诊断原文匹配；嵌套原因优先","解决方向不授权动作；发送结果未知时只能核对状态，原业务门禁继续生效"
"ZEUS_MODEL_CATALOG_RESPONSE_INVALID","[{""file"":""packages/local-server/src/modelConnectionService.ts"",""line"":138,""value"":""模型目录没有返回有效的 JSON。""},{""file"":""packages/local-server/src/modelConnectionService.ts"",""line"":140,""value"":""模型目录没有返回兼容的 data 数组。""}]","模型服务返回的目录格式无法读取。请检查“模型目录路径”是否符合服务要求，或手动添加模型。","The model catalog response cannot be read. Check the model catalog path required by the service, or add models manually.","model_settings","错误码或完整已知诊断原文匹配；嵌套原因优先","解决方向不授权动作；发送结果未知时只能核对状态，原业务门禁继续生效"
"ZEUS_MODEL_CATALOG_TIMEOUT","[{""file"":""packages/local-server/src/modelConnectionService.ts"",""line"":145,""value"":""模型目录请求在 15 秒内没有完成。""}]","模型服务未能及时响应。请检查服务地址和服务的运行状态。","The model service did not respond in time. Check the service address and whether it is running.","model_settings","错误码或完整已知诊断原文匹配；嵌套原因优先","解决方向不授权动作；发送结果未知时只能核对状态，原业务门禁继续生效"
"ZEUS_MODEL_CATALOG_CONNECT_TIMEOUT","[{""file"":""packages/local-server/src/modelConnectionService.ts"",""line"":325,""value"":""在限定时间内无法连接模型服务。请检查服务地址、网络路由和防火墙后重试。""}]","模型服务未能及时响应。请检查服务地址和服务的运行状态。","The model service did not respond in time. Check the service address and whether it is running.","model_settings","错误码或完整已知诊断原文匹配；嵌套原因优先","解决方向不授权动作；发送结果未知时只能核对状态，原业务门禁继续生效"
"ZEUS_MODEL_CONNECTION_ALREADY_EXISTS","[{""file"":""packages/local-server/src/modelConnectionService.ts"",""line"":169,""value"":""模型连接已存在。""}]","此模型连接已存在，请编辑已有连接。","This model connection already exists. Edit the existing connection.","model_settings","错误码或完整已知诊断原文匹配；嵌套原因优先","解决方向不授权动作；发送结果未知时只能核对状态，原业务门禁继续生效"
"ZEUS_MODEL_CONNECTION_IN_USE","[{""file"":""packages/local-server/src/modelConnectionService.ts"",""line"":183,""value"":""该连接仍被 ${references.length} 个项目使用，请先移除项目模型。""}]","仍有项目在使用此模型连接。请先在这些项目的“可用模型”中移除相关模型，再删除连接。","Projects are still using this connection. Remove its models from Available models in those projects before deleting it.","model_settings","错误码或完整已知诊断原文匹配；嵌套原因优先","解决方向不授权动作；发送结果未知时只能核对状态，原业务门禁继续生效"
"ZEUS_PROJECT_MODEL_SELECTION_INVALID","[{""file"":""packages/local-server/src/modelConnectionService.ts"",""line"":234,""value"":""项目选择包含不存在的模型。""}]","选择中包含已不可用的模型。请重新选择当前可用模型。","Your selection contains unavailable models. Select models that are currently available.","choose_model","错误码或完整已知诊断原文匹配；嵌套原因优先","解决方向不授权动作；发送结果未知时只能核对状态，原业务门禁继续生效"
"ZEUS_MODEL_CATALOG_HTTPS_PROTOCOL_MISMATCH","[{""file"":""packages/local-server/src/modelConnectionService.ts"",""line"":297,""value"":""服务地址使用了 HTTPS，但目标端口没有提供可兼容的 HTTPS 服务。请先核对端口；如果该服务只支持明文 HTTP，请将服务地址改为 http:// 并重新保存。""}]","服务地址使用 HTTPS，但该端口不支持 HTTPS。请检查服务地址和端口。","The service address uses HTTPS, but that port does not support HTTPS. Check the address and port.","model_settings","错误码或完整已知诊断原文匹配；嵌套原因优先","解决方向不授权动作；发送结果未知时只能核对状态，原业务门禁继续生效"
"ZEUS_MODEL_CATALOG_CERTIFICATE_UNTRUSTED","[{""file"":""packages/local-server/src/modelConnectionService.ts"",""line"":305,""value"":""服务端的 HTTPS 证书无法被本机信任。请为服务配置完整的可信证书链后重试。""}]","此模型服务的 HTTPS 证书不受本机信任，连接已停止。请联系服务管理员修复证书。","This Mac does not trust the model service’s HTTPS certificate, so the connection was stopped. Ask the service administrator to fix the certificate.","model_settings","错误码或完整已知诊断原文匹配；嵌套原因优先","解决方向不授权动作；发送结果未知时只能核对状态，原业务门禁继续生效"
"ZEUS_MODEL_CATALOG_CERTIFICATE_HOST_MISMATCH","[{""file"":""packages/local-server/src/modelConnectionService.ts"",""line"":309,""value"":""服务端 HTTPS 证书与当前主机名或 IP 不匹配。请使用证书包含的服务地址，或更换匹配的证书。""}]","模型服务的证书与连接地址不匹配。请使用证书对应的地址，或联系服务管理员修复证书。","The service certificate does not match its address. Use the address covered by the certificate or ask the administrator to fix it.","model_settings","错误码或完整已知诊断原文匹配；嵌套原因优先","解决方向不授权动作；发送结果未知时只能核对状态，原业务门禁继续生效"
"ZEUS_MODEL_CATALOG_CERTIFICATE_EXPIRED","[{""file"":""packages/local-server/src/modelConnectionService.ts"",""line"":313,""value"":""服务端 HTTPS 证书已过期。请更新证书后重试。""}]","模型服务的 HTTPS 证书已过期，需要服务管理员更新证书后才能连接。","The model service’s HTTPS certificate has expired. The administrator must renew it before you can connect.","model_settings","错误码或完整已知诊断原文匹配；嵌套原因优先","解决方向不授权动作；发送结果未知时只能核对状态，原业务门禁继续生效"
"ZEUS_MODEL_CATALOG_HOST_NOT_FOUND","[{""file"":""packages/local-server/src/modelConnectionService.ts"",""line"":317,""value"":""无法解析模型服务主机。请检查服务地址、DNS 和当前网络后重试。""}]","无法找到模型服务的地址。请检查地址是否正确，以及网络是否可用。","The model service address could not be resolved. Check the address and network connection.","model_settings","错误码或完整已知诊断原文匹配；嵌套原因优先","解决方向不授权动作；发送结果未知时只能核对状态，原业务门禁继续生效"
"ZEUS_MODEL_CATALOG_CONNECTION_REFUSED","[{""file"":""packages/local-server/src/modelConnectionService.ts"",""line"":321,""value"":""模型服务拒绝连接。请检查服务是否已启动，以及主机、端口和防火墙配置。""}]","模型服务拒绝连接。请检查服务是否已启动，以及连接地址和端口是否正确。","The model service refused the connection. Check that it is running and that the address and port are correct.","model_settings","错误码或完整已知诊断原文匹配；嵌套原因优先","解决方向不授权动作；发送结果未知时只能核对状态，原业务门禁继续生效"
"ZEUS_MODEL_CATALOG_CONNECTION_RESET","[{""file"":""packages/local-server/src/modelConnectionService.ts"",""line"":329,""value"":""模型服务在请求期间中断了连接。请检查服务或网关状态后重试。""}]","模型服务在请求过程中断开了连接，未能读取完整模型列表。","The model service disconnected during the request, so the full model list could not be loaded.","retry","错误码或完整已知诊断原文匹配；嵌套原因优先","解决方向不授权动作；发送结果未知时只能核对状态，原业务门禁继续生效"
"ZEUS_MODEL_CATALOG_TLS_FAILED","[{""file"":""packages/local-server/src/modelConnectionService.ts"",""line"":333,""value"":""与模型服务的 HTTPS 握手失败。请检查服务端 TLS 配置、证书和协议版本后重试。""}]","无法与模型服务建立加密连接。请联系服务管理员检查 HTTPS 配置。","An encrypted connection to the model service could not be established. Ask its administrator to check the HTTPS configuration.","model_settings","错误码或完整已知诊断原文匹配；嵌套原因优先","解决方向不授权动作；发送结果未知时只能核对状态，原业务门禁继续生效"
"ZEUS_MODEL_CATALOG_NETWORK_FAILED","[{""file"":""packages/local-server/src/modelConnectionService.ts"",""line"":336,""value"":""无法连接模型目录。请检查服务地址和当前网络后重试。""}]","未能连接模型目录，具体原因尚未确定。请查看错误详情。","The model catalog could not be reached, and the cause is not yet known. See the error details.","无默认操作","错误码或完整已知诊断原文匹配；嵌套原因优先","解决方向不授权动作；发送结果未知时只能核对状态，原业务门禁继续生效"
"ZEUS_IM_AGENT_PRESET_UNAVAILABLE","[{""file"":""packages/local-server/src/imTelegramService.ts"",""line"":1656,""value"":""绑定的数字员工已停用、删除或不属于该项目，请在 Zeus 桌面端重新选择。""},{""file"":""packages/local-server/src/imTelegramService.ts"",""line"":1658,""value"":""项目普通会话当前只支持 Codex 数字员工，请重新选择。""},{""file"":""packages/local-server/src/imTelegramService.ts"",""line"":1660,""value"":""数字员工包含无效的 Skill 配置，请在 Zeus 桌面端重新保存。""}]","机器人使用的智能体配置不可用。请在 Zeus 桌面端的机器人设置中重新选择配置。","The bot’s agent settings are unavailable. Select an available configuration in the Zeus desktop app’s bot settings.","settings","错误码或完整已知诊断原文匹配；嵌套原因优先","解决方向不授权动作；发送结果未知时只能核对状态，原业务门禁继续生效"
"ZEUS_IM_ANSWER_REQUIRED","[{""file"":""packages/local-server/src/imTelegramService.ts"",""line"":1114,""value"":""请至少选择一项后再完成本题。""}]","请至少选择一个答案后再提交。","Select at least one answer before submitting.","无默认操作","错误码或完整已知诊断原文匹配；嵌套原因优先","解决方向不授权动作；发送结果未知时只能核对状态，原业务门禁继续生效"
"ZEUS_IM_APPROVAL_FAIL_CLOSED","[{""file"":""packages/local-server/src/imTelegramService.ts"",""line"":1067,""value"":""该类型请求只能在 Telegram 拒绝，批准请回桌面端。""}]","Telegram 暂不支持允许这种操作。请在 Zeus 桌面端查看并处理请求。","Telegram cannot approve this type of action. Review and handle the request in the Zeus desktop app.","无默认操作","错误码或完整已知诊断原文匹配；嵌套原因优先","解决方向不授权动作；发送结果未知时只能核对状态，原业务门禁继续生效"
"ZEUS_IM_APPROVAL_NOT_ADVERTISED","[{""file"":""packages/local-server/src/imTelegramService.ts"",""line"":1068,""value"":""Provider 未声明可用的一次性批准能力。""}]","Telegram 暂不支持允许这种操作。请在 Zeus 桌面端查看并处理请求。","Telegram cannot approve this type of action. Review and handle the request in the Zeus desktop app.","无默认操作","错误码或完整已知诊断原文匹配；嵌套原因优先","解决方向不授权动作；发送结果未知时只能核对状态，原业务门禁继续生效"
"ZEUS_IM_ATTACHMENT_INTEGRITY_FAILED","[{""file"":""packages/local-server/src/imTelegramService.ts"",""line"":1608,""value"":""恢复中的附件与已下载文件身份不一致。""},{""file"":""packages/local-server/src/imTelegramService.ts"",""line"":1612,""value"":""附件未通过真实路径、类型或实际大小校验。""}]","附件内容或文件信息未通过检查，Zeus 已停止发送。请在桌面端查看原文件。","The attachment failed content or file validation, so Zeus stopped sending it. Check the original file in the desktop app.","无默认操作","错误码或完整已知诊断原文匹配；嵌套原因优先","解决方向不授权动作；发送结果未知时只能核对状态，原业务门禁继续生效"
"ZEUS_IM_LONG_REPLY_INTEGRITY_FAILED","[{""file"":""packages/local-server/src/imTelegramService.ts"",""line"":632,""value"":""已有长回复附件与当前 Snapshot V2 正文不一致。""},{""file"":""packages/local-server/src/imTelegramService.ts"",""line"":635,""value"":""长回复附件未通过真实路径或文件身份校验。""}]","附件内容或文件信息未通过检查，Zeus 已停止发送。请在桌面端查看原文件。","The attachment failed content or file validation, so Zeus stopped sending it. Check the original file in the desktop app.","无默认操作","错误码或完整已知诊断原文匹配；嵌套原因优先","解决方向不授权动作；发送结果未知时只能核对状态，原业务门禁继续生效"
"ZEUS_IM_ATTACHMENT_PATH_INVALID","[{""file"":""packages/local-server/src/imTelegramService.ts"",""line"":621,""value"":""长回复附件路径不在授权根内。""},{""file"":""packages/local-server/src/imTelegramService.ts"",""line"":625,""value"":""长回复目录解析到授权根之外。""},{""file"":""packages/local-server/src/imTelegramService.ts"",""line"":627,""value"":""长回复附件路径身份无效。""},{""file"":""packages/local-server/src/imTelegramService.ts"",""line"":1583,""value"":""附件存储路径不在 Zeus 授权根内。""},{""file"":""packages/local-server/src/imTelegramService.ts"",""line"":1587,""value"":""附件目录解析到 Zeus 授权根之外。""},{""file"":""packages/local-server/src/imTelegramService.ts"",""line"":1602,""value"":""附件文件名未通过路径身份校验。""}]","附件位于不允许访问的目录中，Zeus 已阻止读取。请在桌面端重新选择附件。","The attachment is outside the permitted folders, so Zeus blocked access. Select the attachment again in the desktop app.","无默认操作","错误码或完整已知诊断原文匹配；嵌套原因优先","解决方向不授权动作；发送结果未知时只能核对状态，原业务门禁继续生效"
"ZEUS_IM_ATTACHMENT_ROOT_UNAVAILABLE","[{""file"":""packages/local-server/src/imTelegramService.ts"",""line"":1580,""value"":""Zeus 附件授权根不可用，已阻止接收 Telegram 附件。""}]","Zeus 无法访问附件保存目录。请在桌面端检查目录和文件权限。","Zeus cannot access the attachment storage folder. Check the folder and file permissions in the desktop app.","无默认操作","错误码或完整已知诊断原文匹配；嵌套原因优先","解决方向不授权动作；发送结果未知时只能核对状态，原业务门禁继续生效"
"ZEUS_IM_CONVERSATION_ATTACHMENT_ROOT_UNAVAILABLE","[{""file"":""packages/local-server/src/imTelegramService.ts"",""line"":618,""value"":""会话附件授权根不可用，已阻止生成长回复附件。""}]","Zeus 无法访问附件保存目录。请在桌面端检查目录和文件权限。","Zeus cannot access the attachment storage folder. Check the folder and file permissions in the desktop app.","无默认操作","错误码或完整已知诊断原文匹配；嵌套原因优先","解决方向不授权动作；发送结果未知时只能核对状态，原业务门禁继续生效"
"ZEUS_IM_ATTACHMENT_TOO_LARGE","[{""file"":""packages/local-server/src/imTelegramService.ts"",""line"":1592,""value"":""单文件不能超过 20 MiB。""},{""file"":""packages/local-server/src/imTelegramService.ts"",""line"":1594,""value"":""单文件不能超过 20 MiB。""}]","单个附件不能超过 20 MiB，请选择更小的文件。","Each attachment must be no larger than 20 MiB. Choose a smaller file.","无默认操作","错误码或完整已知诊断原文匹配；嵌套原因优先","解决方向不授权动作；发送结果未知时只能核对状态，原业务门禁继续生效"
"ZEUS_IM_ATTACHMENT_TOTAL_EXCEEDED","[{""file"":""packages/local-server/src/imTelegramService.ts"",""line"":1575,""value"":""单次附件总量不能超过 100 MiB。""},{""file"":""packages/local-server/src/imTelegramService.ts"",""line"":1597,""value"":""单次附件总量不能超过 100 MiB。""}]","一次发送的附件总大小不能超过 100 MiB，请分批发送。","Attachments in one message must total no more than 100 MiB. Send them in smaller batches.","无默认操作","错误码或完整已知诊断原文匹配；嵌套原因优先","解决方向不授权动作；发送结果未知时只能核对状态，原业务门禁继续生效"
"ZEUS_IM_CALLBACK_EXPIRED","[{""file"":""packages/local-server/src/imTelegramService.ts"",""line"":1021,""value"":""该按钮已过期、已使用或不属于当前用户。""}]","这个按钮已过期、已使用或不属于当前用户。请重新打开任务或对话，使用最新按钮。","This button has expired, was already used, or belongs to another user. Reopen the task or conversation and use its latest buttons.","无默认操作","错误码或完整已知诊断原文匹配；嵌套原因优先","解决方向不授权动作；发送结果未知时只能核对状态，原业务门禁继续生效"
"ZEUS_IM_CALLBACK_INVALID","[{""file"":""packages/local-server/src/imTelegramService.ts"",""line"":1019,""value"":""交互按钮无效。""}]","此按钮无法用于当前操作。请重新打开任务或对话，使用最新按钮。","This button cannot be used for the current action. Reopen the task or conversation and use its latest buttons.","无默认操作","错误码或完整已知诊断原文匹配；嵌套原因优先","解决方向不授权动作；发送结果未知时只能核对状态，原业务门禁继续生效"
"ZEUS_IM_CALLBACK_UNSUPPORTED","[{""file"":""packages/local-server/src/imTelegramService.ts"",""line"":1136,""value"":""该计划交互已不再受支持。""},{""file"":""packages/local-server/src/imTelegramService.ts"",""line"":1143,""value"":""该交互已不再受支持。""},{""file"":""packages/local-server/src/imTelegramService.ts"",""line"":1148,""value"":""新建任务按钮与当前项目不匹配。""},{""file"":""packages/local-server/src/imTelegramService.ts"",""line"":1158,""value"":""任务列表按钮与当前项目不匹配。""},{""file"":""packages/local-server/src/imTelegramService.ts"",""line"":1172,""value"":""任务按钮目标无效。""},{""file"":""packages/local-server/src/imTelegramService.ts"",""line"":1255,""value"":""该任务交互已不再受支持。""}]","此按钮无法用于当前操作。请重新打开任务或对话，使用最新按钮。","This button cannot be used for the current action. Reopen the task or conversation and use its latest buttons.","无默认操作","错误码或完整已知诊断原文匹配；嵌套原因优先","解决方向不授权动作；发送结果未知时只能核对状态，原业务门禁继续生效"
"ZEUS_IM_COMMAND_INPUT_REQUIRED","[{""file"":""packages/local-server/src/imTelegramService.ts"",""line"":809,""value"":""/steer 后需要输入要追加到当前轮次的内容。""}]","请在 /steer 后填写要补充给 AI 的内容。","Enter the additional instructions for the AI after /steer.","无默认操作","错误码或完整已知诊断原文匹配；嵌套原因优先","解决方向不授权动作；发送结果未知时只能核对状态，原业务门禁继续生效"
"ZEUS_IM_COMMAND_UNSUPPORTED","[{""file"":""packages/local-server/src/imTelegramService.ts"",""line"":1880,""value"":""未知 IM 命令。发送 /help 查看可用命令。""}]","无法识别此命令。发送 /help 查看可用命令。","This command is not recognized. Send /help to see available commands.","无默认操作","错误码或完整已知诊断原文匹配；嵌套原因优先","解决方向不授权动作；发送结果未知时只能核对状态，原业务门禁继续生效"
"ZEUS_IM_CONNECTION_EXISTS","[{""file"":""packages/local-server/src/imTelegramService.ts"",""line"":247,""value"":""Telegram 已有接入；请先移除现有连接。""}]","已经连接了一个 Telegram 机器人。请先移除现有连接，再添加新的机器人。","A Telegram bot is already connected. Remove the existing connection before adding another.","settings","错误码或完整已知诊断原文匹配；嵌套原因优先","解决方向不授权动作；发送结果未知时只能核对状态，原业务门禁继续生效"
"ZEUS_IM_CONNECTION_NOT_FOUND","[{""file"":""packages/local-server/src/imTelegramService.ts"",""line"":1809,""value"":""IM 连接不存在。""}]","Telegram 连接不可用。请在 Zeus 桌面端重新配置机器人连接。","The Telegram connection is unavailable. Configure the bot connection again in the Zeus desktop app.","settings","错误码或完整已知诊断原文匹配；嵌套原因优先","解决方向不授权动作；发送结果未知时只能核对状态，原业务门禁继续生效"
"ZEUS_IM_CONNECTION_RECONFIGURE_REQUIRED","[{""file"":""packages/local-server/src/imTelegramService.ts"",""line"":766,""value"":""该连接需要在 Zeus 桌面端重新配置。""}]","Telegram 连接不可用。请在 Zeus 桌面端重新配置机器人连接。","The Telegram connection is unavailable. Configure the bot connection again in the Zeus desktop app.","settings","错误码或完整已知诊断原文匹配；嵌套原因优先","解决方向不授权动作；发送结果未知时只能核对状态，原业务门禁继续生效"
"ZEUS_IM_CONNECTION_REVISION_CONFLICT","[{""file"":""packages/local-server/src/imTelegramService.ts"",""line"":326,""value"":""连接配置已变化，请刷新后重试。""}]","机器人设置已被更新。请刷新后再修改。","The bot settings have changed. Refresh before editing them.","无默认操作","错误码或完整已知诊断原文匹配；嵌套原因优先","解决方向不授权动作；发送结果未知时只能核对状态，原业务门禁继续生效"
"ZEUS_IM_CONVERSATION_NOT_SELECTED","[{""file"":""packages/local-server/src/imTelegramService.ts"",""line"":1821,""value"":""当前没有绑定会话。发送普通消息创建新会话，或用 /conversations 选择历史会话。""}]","尚未选择对话。发送消息开始新对话，或发送 /conversations 选择已有对话。","No conversation is selected. Send a message to start one, or send /conversations to select an existing conversation.","无默认操作","错误码或完整已知诊断原文匹配；嵌套原因优先","解决方向不授权动作；发送结果未知时只能核对状态，原业务门禁继续生效"
"ZEUS_IM_CONVERSATION_UNAVAILABLE","[{""file"":""packages/local-server/src/imTelegramService.ts"",""line"":959,""value"":""当前绑定会话已不可用；已清除绑定，请重新发送消息创建会话。""},{""file"":""packages/local-server/src/imTelegramService.ts"",""line"":1048,""value"":""目标会话已不可用。""},{""file"":""packages/local-server/src/imTelegramService.ts"",""line"":1524,""value"":""当前没有可用的绑定会话。请先推送到新会话，或用 /conversations 选择历史会话。""}]","所选对话已不可用。请发送 /conversations 选择其他对话，或发送 /new 开始新对话。","The selected conversation is unavailable. Send /conversations to choose another or /new to start a new one.","无默认操作","错误码或完整已知诊断原文匹配；嵌套原因优先","解决方向不授权动作；发送结果未知时只能核对状态，原业务门禁继续生效"
"ZEUS_IM_EMPTY_MESSAGE","[{""file"":""packages/local-server/src/imTelegramService.ts"",""line"":830,""value"":""消息没有可处理的文字或附件。""}]","消息中没有可处理的内容，请填写文字或添加支持的附件。","The message has no content to process. Enter text or add a supported attachment.","无默认操作","错误码或完整已知诊断原文匹配；嵌套原因优先","解决方向不授权动作；发送结果未知时只能核对状态，原业务门禁继续生效"
"ZEUS_IM_INTERACTION_TEXT_REQUIRED","[{""file"":""packages/local-server/src/imTelegramService.ts"",""line"":894,""value"":""该交互需要非空文本输入。""}]","消息中没有可处理的内容，请填写文字或添加支持的附件。","The message has no content to process. Enter text or add a supported attachment.","无默认操作","错误码或完整已知诊断原文匹配；嵌套原因优先","解决方向不授权动作；发送结果未知时只能核对状态，原业务门禁继续生效"
"ZEUS_IM_ENDPOINT_INVALID","[{""file"":""packages/local-server/src/imTelegramService.ts"",""line"":465,""value"":""可信 Telegram chat_id 无效。""}]","当前 Telegram 用户尚未与此机器人配对。请在 Zeus 桌面端完成配对。","This Telegram user is not paired with the bot. Complete pairing in the Zeus desktop app.","无默认操作","错误码或完整已知诊断原文匹配；嵌套原因优先","解决方向不授权动作；发送结果未知时只能核对状态，原业务门禁继续生效"
"ZEUS_IM_TRUSTED_ENDPOINT_MISSING","[{""file"":""packages/local-server/src/imTelegramService.ts"",""line"":746,""value"":""配对完成后未找到可信 Telegram 端点。""}]","当前 Telegram 用户尚未与此机器人配对。请在 Zeus 桌面端完成配对。","This Telegram user is not paired with the bot. Complete pairing in the Zeus desktop app.","无默认操作","错误码或完整已知诊断原文匹配；嵌套原因优先","解决方向不授权动作；发送结果未知时只能核对状态，原业务门禁继续生效"
"ZEUS_IM_UNTRUSTED_ENDPOINT","[{""file"":""packages/local-server/src/imTelegramService.ts"",""line"":764,""value"":""当前 Telegram 用户或聊天不是此 Bot 的可信端点。""}]","当前 Telegram 用户尚未与此机器人配对。请在 Zeus 桌面端完成配对。","This Telegram user is not paired with the bot. Complete pairing in the Zeus desktop app.","无默认操作","错误码或完整已知诊断原文匹配；嵌套原因优先","解决方向不授权动作；发送结果未知时只能核对状态，原业务门禁继续生效"
"ZEUS_IM_SENDER_UNAVAILABLE","[{""file"":""packages/local-server/src/imTelegramService.ts"",""line"":651,""value"":""Telegram 发送器当前不可用。""},{""file"":""packages/local-server/src/imTelegramService.ts"",""line"":1736,""value"":""Telegram 发送器当前不可用。""}]","Zeus 的 Telegram 发送服务暂不可用。请在桌面端检查机器人连接。","The Zeus Telegram sending service is unavailable. Check the bot connection in the desktop app.","无默认操作","错误码或完整已知诊断原文匹配；嵌套原因优先","解决方向不授权动作；发送结果未知时只能核对状态，原业务门禁继续生效"
"ZEUS_IM_FILE_SENDER_UNAVAILABLE","[{""file"":""packages/local-server/src/imTelegramService.ts"",""line"":653,""value"":""Telegram 文件发送器当前不可用。""}]","Zeus 的 Telegram 发送服务暂不可用。请在桌面端检查机器人连接。","The Zeus Telegram sending service is unavailable. Check the bot connection in the desktop app.","无默认操作","错误码或完整已知诊断原文匹配；嵌套原因优先","解决方向不授权动作；发送结果未知时只能核对状态，原业务门禁继续生效"
"ZEUS_IM_MESSAGE_EDITOR_UNAVAILABLE","[{""file"":""packages/local-server/src/imTelegramService.ts"",""line"":1768,""value"":""Telegram 消息编辑器当前不可用。""}]","Zeus 的 Telegram 发送服务暂不可用。请在桌面端检查机器人连接。","The Zeus Telegram sending service is unavailable. Check the bot connection in the desktop app.","无默认操作","错误码或完整已知诊断原文匹配；嵌套原因优先","解决方向不授权动作；发送结果未知时只能核对状态，原业务门禁继续生效"
"ZEUS_IM_PAIRING_INVALID","[{""file"":""packages/local-server/src/imTelegramService.ts"",""line"":737,""value"":""配对码无效、已过期或已使用；请在 Zeus 桌面端重新生成。""}]","配对码已失效。请在 Zeus 桌面端重新生成，并在 10 分钟内完成配对。","The pairing code is no longer valid. Generate a new code in the Zeus desktop app and pair within 10 minutes.","无默认操作","错误码或完整已知诊断原文匹配；嵌套原因优先","解决方向不授权动作；发送结果未知时只能核对状态，原业务门禁继续生效"
"ZEUS_IM_PAIRING_PLAINTEXT_UNAVAILABLE","[{""file"":""packages/local-server/src/imTelegramService.ts"",""line"":1630,""value"":""配对码已过期或进程已重启，请重新生成。""},{""file"":""packages/local-server/src/imTelegramService.ts"",""line"":1637,""value"":""配对码只保存在当前进程内，请重新生成。""}]","配对码已失效。请在 Zeus 桌面端重新生成，并在 10 分钟内完成配对。","The pairing code is no longer valid. Generate a new code in the Zeus desktop app and pair within 10 minutes.","无默认操作","错误码或完整已知诊断原文匹配；嵌套原因优先","解决方向不授权动作；发送结果未知时只能核对状态，原业务门禁继续生效"
"ZEUS_IM_PLAN_STALE","[{""file"":""packages/local-server/src/imTelegramService.ts"",""line"":921,""value"":""计划实施请求已过期或已处理。""},{""file"":""packages/local-server/src/imTelegramService.ts"",""line"":1126,""value"":""计划实施请求已过期、已处理或 revision 已变化。""}]","这个请求已变化、已处理或无法通过 Telegram 回答。请在 Zeus 桌面端查看最新请求。","This request has changed, was already handled, or cannot be answered through Telegram. Check the latest request in the Zeus desktop app.","无默认操作","错误码或完整已知诊断原文匹配；嵌套原因优先","解决方向不授权动作；发送结果未知时只能核对状态，原业务门禁继续生效"
"ZEUS_IM_REQUEST_STALE","[{""file"":""packages/local-server/src/imTelegramService.ts"",""line"":929,""value"":""输入请求已过期、已处理或不能通过 Telegram 回答。""},{""file"":""packages/local-server/src/imTelegramService.ts"",""line"":933,""value"":""输入问题已变化或包含敏感信息。""},{""file"":""packages/local-server/src/imTelegramService.ts"",""line"":1062,""value"":""请求已过期、已处理或 revision 已变化。""},{""file"":""packages/local-server/src/imTelegramService.ts"",""line"":1083,""value"":""该输入请求不能通过 Telegram 回答。""},{""file"":""packages/local-server/src/imTelegramService.ts"",""line"":1087,""value"":""目标问题已变化或包含敏感信息。""},{""file"":""packages/local-server/src/imTelegramService.ts"",""line"":1101,""value"":""目标选项已变化。""}]","这个请求已变化、已处理或无法通过 Telegram 回答。请在 Zeus 桌面端查看最新请求。","This request has changed, was already handled, or cannot be answered through Telegram. Check the latest request in the Zeus desktop app.","无默认操作","错误码或完整已知诊断原文匹配；嵌套原因优先","解决方向不授权动作；发送结果未知时只能核对状态，原业务门禁继续生效"
"ZEUS_IM_REQUEST_INVALID","[{""file"":""packages/local-server/src/imTelegramService.ts"",""line"":931,""value"":""输入请求结构已变化，请回到桌面端处理。""},{""file"":""packages/local-server/src/imTelegramService.ts"",""line"":1085,""value"":""输入请求结构已变化，请回到桌面端处理。""}]","Telegram 无法显示这个问题，请在 Zeus 桌面端回答。","Telegram cannot display this question. Answer it in the Zeus desktop app.","无默认操作","错误码或完整已知诊断原文匹配；嵌套原因优先","解决方向不授权动作；发送结果未知时只能核对状态，原业务门禁继续生效"
"ZEUS_IM_PRIVATE_CHAT_REQUIRED","[{""file"":""packages/local-server/src/imTelegramService.ts"",""line"":721,""value"":""请只在该 Bot 的一对一私聊中完成配对。""},{""file"":""packages/local-server/src/imTelegramService.ts"",""line"":761,""value"":""该 Bot 只接受已绑定用户的一对一私聊。""}]","请使用已配对账号与机器人进行一对一私聊，群聊不受支持。","Use a one-to-one private chat with the bot from the paired account. Group chats are not supported.","无默认操作","错误码或完整已知诊断原文匹配；嵌套原因优先","解决方向不授权动作；发送结果未知时只能核对状态，原业务门禁继续生效"
"ZEUS_IM_PROJECT_NOT_FOUND","[{""file"":""packages/local-server/src/imTelegramService.ts"",""line"":249,""value"":""所选 Zeus 项目不存在或不可用。""},{""file"":""packages/local-server/src/imTelegramService.ts"",""line"":947,""value"":""绑定项目已经不存在。""},{""file"":""packages/local-server/src/imTelegramService.ts"",""line"":1815,""value"":""绑定项目不存在。""}]","机器人绑定的项目已不可用。请在 Zeus 桌面端检查项目并重新配置连接。","The project linked to the bot is unavailable. Check the project and configure the connection again in the Zeus desktop app.","无默认操作","错误码或完整已知诊断原文匹配；嵌套原因优先","解决方向不授权动作；发送结果未知时只能核对状态，原业务门禁继续生效"
"ZEUS_IM_REMOTE_APPROVAL_DISABLED","[{""file"":""packages/local-server/src/imTelegramService.ts"",""line"":1064,""value"":""远程审批已经关闭。""}]","远程授权已关闭，请在 Zeus 桌面端处理操作请求。","Remote approvals are disabled. Handle action requests in the Zeus desktop app.","无默认操作","错误码或完整已知诊断原文匹配；嵌套原因优先","解决方向不授权动作；发送结果未知时只能核对状态，原业务门禁继续生效"
"ZEUS_IM_TASK_COMMAND_UNSUPPORTED","[{""file"":""packages/local-server/src/imTelegramService.ts"",""line"":1470,""value"":""不支持该任务命令。发送 /task 查看用法。""}]","无法识别此任务命令。发送 /task 查看用法。","This task command is not recognized. Send /task to see usage instructions.","无默认操作","错误码或完整已知诊断原文匹配；嵌套原因优先","解决方向不授权动作；发送结果未知时只能核对状态，原业务门禁继续生效"
"ZEUS_IM_TASK_CONVERSATION_MISMATCH","[{""file"":""packages/local-server/src/imTelegramService.ts"",""line"":1526,""value"":""当前会话不属于该任务。请从任务详情选择“处理此任务”，再选择新建或该任务自己的历史会话。""}]","所选对话不可用或不属于此任务。请重新打开任务，选择“处理此任务”。","The selected conversation is unavailable or belongs to another task. Reopen the task and select Work on this task.","无默认操作","错误码或完整已知诊断原文匹配；嵌套原因优先","解决方向不授权动作；发送结果未知时只能核对状态，原业务门禁继续生效"
"ZEUS_IM_TASK_CONVERSATION_UNAVAILABLE","[{""file"":""packages/local-server/src/imTelegramService.ts"",""line"":1542,""value"":""所选会话已不可用或不属于该任务，请重新打开任务后选择。""}]","所选对话不可用或不属于此任务。请重新打开任务，选择“处理此任务”。","The selected conversation is unavailable or belongs to another task. Reopen the task and select Work on this task.","无默认操作","错误码或完整已知诊断原文匹配；嵌套原因优先","解决方向不授权动作；发送结果未知时只能核对状态，原业务门禁继续生效"
"ZEUS_IM_TASK_EDIT_VALUE_REQUIRED","[{""file"":""packages/local-server/src/imTelegramService.ts"",""line"":1484,""value"":""任务编辑内容不能为空。""}]","任务修改内容不能为空，请填写新的标题或描述。","Task edits cannot be empty. Enter the new title or description.","无默认操作","错误码或完整已知诊断原文匹配；嵌套原因优先","解决方向不授权动作；发送结果未知时只能核对状态，原业务门禁继续生效"
"ZEUS_IM_TASK_NOT_FOUND","[{""file"":""packages/local-server/src/imTelegramService.ts"",""line"":1174,""value"":""该任务已不存在或不属于绑定项目。""},{""file"":""packages/local-server/src/imTelegramService.ts"",""line"":1474,""value"":""未在绑定项目中找到该任务。""}]","在机器人绑定的项目中找不到此任务。请打开任务列表重新选择。","This task could not be found in the bot’s project. Open the task list and select again.","无默认操作","错误码或完整已知诊断原文匹配；嵌套原因优先","解决方向不授权动作；发送结果未知时只能核对状态，原业务门禁继续生效"
"ZEUS_IM_TASK_PAGE_INVALID","[{""file"":""packages/local-server/src/imTelegramService.ts"",""line"":1454,""value"":""用法：/tasks [页码]""},{""file"":""packages/local-server/src/imTelegramService.ts"",""line"":1936,""value"":""页码必须是从 1 开始的整数。用法：/tasks [页码]""},{""file"":""packages/local-server/src/imTelegramService.ts"",""line"":1938,""value"":""任务页码过大。""}]","页码必须是有效的正整数。请使用 /tasks 加页码，例如 /tasks 1。","Use a valid positive page number after /tasks, for example /tasks 1.","无默认操作","错误码或完整已知诊断原文匹配；嵌套原因优先","解决方向不授权动作；发送结果未知时只能核对状态，原业务门禁继续生效"
"ZEUS_IM_TASK_STALE","[{""file"":""packages/local-server/src/imTelegramService.ts"",""line"":909,""value"":""任务已发生变化，本次编辑未提交。请重新打开任务后再试。""}]","任务已被更新，本次修改未执行。请重新打开任务后修改。","The task has changed, so this edit was not applied. Reopen the task before editing.","无默认操作","错误码或完整已知诊断原文匹配；嵌套原因优先","解决方向不授权动作；发送结果未知时只能核对状态，原业务门禁继续生效"
"ZEUS_IM_TASK_STATUS_REQUIRED","[{""file"":""packages/local-server/src/imTelegramService.ts"",""line"":1492,""value"":""用法：/task status <任务> <项目状态>""}]","请填写任务和目标状态，例如 /task status 任务编号 状态。","Enter the task and target status, for example /task status task-code status.","无默认操作","错误码或完整已知诊断原文匹配；嵌套原因优先","解决方向不授权动作；发送结果未知时只能核对状态，原业务门禁继续生效"
"ZEUS_IM_TASK_TERMINAL_STATUS_DESKTOP_REQUIRED","[{""file"":""packages/local-server/src/imTelegramService.ts"",""line"":1207,""value"":""完成或取消任务可能清理会话与工作区，请回到 Zeus 桌面端处理。""}]","完成或取消任务可能停止对话并清理工作目录，请在 Zeus 桌面端确认。","Completing or cancelling a task may stop conversations and clean up working folders. Confirm this in the Zeus desktop app.","无默认操作","错误码或完整已知诊断原文匹配；嵌套原因优先","解决方向不授权动作；发送结果未知时只能核对状态，原业务门禁继续生效"
"ZEUS_IM_TASK_TITLE_REQUIRED","[{""file"":""packages/local-server/src/imTelegramService.ts"",""line"":1462,""value"":""用法：/task create <标题>""}]","请在 /task create 后填写任务标题。","Enter a task title after /task create.","无默认操作","错误码或完整已知诊断原文匹配；嵌套原因优先","解决方向不授权动作；发送结果未知时只能核对状态，原业务门禁继续生效"
"ZEUS_IM_TOKEN_FORMAT_INVALID","[{""file"":""packages/local-server/src/imTelegramService.ts"",""line"":257,""value"":""BotFather Token 格式无效。""}]","机器人密钥格式不正确，请复制 BotFather 提供的完整密钥。","The bot token format is invalid. Copy the complete token provided by BotFather.","settings","错误码或完整已知诊断原文匹配；嵌套原因优先","解决方向不授权动作；发送结果未知时只能核对状态，原业务门禁继续生效"
"ZEUS_IM_TOKEN_MISSING","[{""file"":""packages/local-server/src/imTelegramService.ts"",""line"":285,""value"":""该连接的 Keychain Token 已不存在，请移除后重新接入。""},{""file"":""packages/local-server/src/imTelegramService.ts"",""line"":305,""value"":""该连接的 Keychain Token 已不存在。""},{""file"":""packages/local-server/src/imTelegramService.ts"",""line"":1578,""value"":""连接 Token 已不存在，无法下载附件。""}]","机器人密钥不可用。请在 Zeus 桌面端的机器人设置中填写 BotFather 提供的密钥。","The bot token is unavailable. Enter the token provided by BotFather in the Zeus desktop app’s bot settings.","settings","错误码或完整已知诊断原文匹配；嵌套原因优先","解决方向不授权动作；发送结果未知时只能核对状态，原业务门禁继续生效"
"ZEUS_IM_TOKEN_REQUIRED","[{""file"":""packages/local-server/src/imConnectionRoutes.ts"",""line"":38,""value"":""请输入 BotFather Token。""},{""file"":""packages/local-server/src/imTelegramService.ts"",""line"":256,""value"":""请输入 BotFather Token。""}]","机器人密钥不可用。请在 Zeus 桌面端的机器人设置中填写 BotFather 提供的密钥。","The bot token is unavailable. Enter the token provided by BotFather in the Zeus desktop app’s bot settings.","settings","错误码或完整已知诊断原文匹配；嵌套原因优先","解决方向不授权动作；发送结果未知时只能核对状态，原业务门禁继续生效"
"ZEUS_COMPUTER_APP_NOT_RUNNING","[]","目标应用没有运行。请先打开应用，再让 AI 继续操作。","The target app is not running. Open it before asking the AI to continue.","无默认操作","错误码或完整已知诊断原文匹配；嵌套原因优先","解决方向不授权动作；发送结果未知时只能核对状态，原业务门禁继续生效"
"ZEUS_COMPUTER_ACCESSIBILITY_PERMISSION_REQUIRED","[]","尚未授予 Zeus 辅助功能权限。请在 macOS“系统设置 → 隐私与安全性 → 辅助功能”中允许访问。","Zeus has not been granted Accessibility permission. Allow it in macOS System Settings → Privacy & Security → Accessibility.","settings","错误码或完整已知诊断原文匹配；嵌套原因优先","解决方向不授权动作；发送结果未知时只能核对状态，原业务门禁继续生效"
"ZEUS_COMPUTER_SCREEN_LOCKED","[]","电脑已锁定或当前桌面不可用，AI 暂时不能操作应用。解锁并返回桌面后再继续。","The computer is locked or the desktop is unavailable. Unlock it and return to the desktop before continuing.","无默认操作","错误码或完整已知诊断原文匹配；嵌套原因优先","解决方向不授权动作；发送结果未知时只能核对状态，原业务门禁继续生效"
"ZEUS_COMPUTER_ELEMENT_STALE","[]","目标应用的内容已变化。需要重新读取页面后才能操作。","The target app’s content has changed. It must be read again before the action can continue.","无默认操作","错误码或完整已知诊断原文匹配；嵌套原因优先","解决方向不授权动作；发送结果未知时只能核对状态，原业务门禁继续生效"
"ZEUS_COMPUTER_SELF_CONTROL_BLOCKED","[]","AI 不能代替你操作 Zeus 的授权窗口。请由你直接确认或拒绝。","The AI cannot operate Zeus approval windows on your behalf. Approve or decline the request yourself.","无默认操作","错误码或完整已知诊断原文匹配；嵌套原因优先","解决方向不授权动作；发送结果未知时只能核对状态，原业务门禁继续生效"
"ZEUS_COMPUTER_ZEUS_CONTROL_BLOCKED","[]","AI 不能代替你操作 Zeus 的授权窗口。请由你直接确认或拒绝。","The AI cannot operate Zeus approval windows on your behalf. Approve or decline the request yourself.","无默认操作","错误码或完整已知诊断原文匹配；嵌套原因优先","解决方向不授权动作；发送结果未知时只能核对状态，原业务门禁继续生效"
"ZEUS_RECOVERED_UNSENT_CONFIRMATION_REQUIRED","[{""file"":""packages/local-server/src/codexNativeConversationCoordinator.ts"",""line"":1031,""value"":""恢复后有多条尚未发送的消息，请先逐条重试或取消。""}]","恢复对话时发现这条消息尚未发送，请选择发送或取消。","This message was not sent before the conversation was restored. Choose to send or cancel it.","无默认操作","错误码或完整已知诊断原文匹配；嵌套原因优先","解决方向不授权动作；发送结果未知时只能核对状态，原业务门禁继续生效"
"ZEUS_CODEX_LOGIN_REQUIRED","[{""file"":""packages/local-server/src/codexNativeConversationCoordinator.ts"",""line"":864,""value"":""Zeus 专属 Codex 尚未登录。请先完成登录，再创建会话。""},{""file"":""packages/local-server/src/taskRuntimeOperations.ts"",""line"":177,""value"":""Zeus 专属 Codex 尚未登录。请先完成登录，再创建会话。""}]","尚未登录 Codex，无法使用该服务。请在“设置 → AI 连接”中登录。","Codex is not signed in. Sign in under Settings → AI connections to use this service.","sign_in","错误码或完整已知诊断原文匹配；嵌套原因优先","解决方向不授权动作；发送结果未知时只能核对状态，原业务门禁继续生效"
"ZEUS_CODEX_PROVIDER_CREDENTIAL_UNAVAILABLE","[{""file"":""packages/ai-runtime/src/codexAppServerManager.ts"",""line"":1295,""value"":""Responses 自定义 Provider 的进程凭据不可用。""},{""file"":""packages/local-server/src/index.ts"",""line"":1595,""value"":""DeepSeek 官方 Responses 会话缺少可用的连接或 API Key。""}]","AI 服务的登录信息或 API 密钥不可用。请检查对应的模型连接设置。","The AI service credentials or API key are unavailable. Check the model connection settings.","model_settings","错误码或完整已知诊断原文匹配；嵌套原因优先","解决方向不授权动作；发送结果未知时只能核对状态，原业务门禁继续生效"
"ZEUS_MODEL_CONNECTION_CREDENTIAL_UNAVAILABLE","[]","AI 服务的登录信息或 API 密钥不可用。请检查对应的模型连接设置。","The AI service credentials or API key are unavailable. Check the model connection settings.","model_settings","错误码或完整已知诊断原文匹配；嵌套原因优先","解决方向不授权动作；发送结果未知时只能核对状态，原业务门禁继续生效"
"ZEUS_MODEL_CONNECTION_API_KEY_REQUIRED","[]","AI 服务的登录信息或 API 密钥不可用。请检查对应的模型连接设置。","The AI service credentials or API key are unavailable. Check the model connection settings.","model_settings","错误码或完整已知诊断原文匹配；嵌套原因优先","解决方向不授权动作；发送结果未知时只能核对状态，原业务门禁继续生效"
"ZEUS_CODEX_MODEL_AT_CAPACITY","[]","所选模型目前繁忙，无法处理这次请求。可以切换模型，或稍后再试。","The selected model is busy and cannot handle this request. Choose another model or try again later.","choose_model","错误码或完整已知诊断原文匹配；嵌套原因优先","解决方向不授权动作；发送结果未知时只能核对状态，原业务门禁继续生效"
"serverOverloaded","[]","所选模型目前繁忙，无法处理这次请求。可以切换模型，或稍后再试。","The selected model is busy and cannot handle this request. Choose another model or try again later.","choose_model","错误码或完整已知诊断原文匹配；嵌套原因优先","解决方向不授权动作；发送结果未知时只能核对状态，原业务门禁继续生效"
"ZEUS_CONTEXT_MODEL_WINDOW_UNAVAILABLE","[{""file"":""packages/local-server/src/index.ts"",""line"":1052,""value"":""Codex 当前运行世代没有可核验的模型窗口；消息尚未发送。请先重新连接 Codex，再逐条重试。""},{""file"":""packages/local-server/src/index.ts"",""line"":1090,""value"":""Provider 没有可核验的上下文窗口，已拒绝注入未受预算约束的上下文。""}]","Zeus 未能读取所选模型的使用限制，暂时无法向它发送请求。请重新连接 Codex。","Zeus could not read the selected model’s limits and cannot send the request yet. Reconnect Codex.","settings","错误码或完整已知诊断原文匹配；嵌套原因优先","解决方向不授权动作；发送结果未知时只能核对状态，原业务门禁继续生效"
"ZEUS_MODEL_NOT_READY","[{""file"":""packages/local-server/src/conversationApplicationOperations.ts"",""line"":2130,""value"":""目标模型已经不在连接目录中。""},{""file"":""packages/local-server/src/conversationApplicationOperations.ts"",""line"":3062,""value"":""旧会话引用需要可用的 Codex App Server 模型。""}]","所选模型的连接已更改或不可用。请检查模型设置并重新选择可用模型。","The selected model connection has changed or is unavailable. Check its settings and select an available model.","choose_model","错误码或完整已知诊断原文匹配；嵌套原因优先","解决方向不授权动作；发送结果未知时只能核对状态，原业务门禁继续生效"
"ZEUS_MODEL_CONNECTION_NOT_FOUND","[{""file"":""packages/local-server/src/conversationApplicationOperations.ts"",""line"":1082,""value"":""目标模型连接已经不存在。""},{""file"":""packages/local-server/src/conversationApplicationOperations.ts"",""line"":2128,""value"":""目标模型连接已经不存在。""},{""file"":""packages/local-server/src/modelConnectionService.ts"",""line"":95,""value"":""模型连接不存在。""}]","所选模型的连接已更改或不可用。请检查模型设置并重新选择可用模型。","The selected model connection has changed or is unavailable. Check its settings and select an available model.","choose_model","错误码或完整已知诊断原文匹配；嵌套原因优先","解决方向不授权动作；发送结果未知时只能核对状态，原业务门禁继续生效"
"ZEUS_CONVERSATION_ROUTE_CHANGED","[{""file"":""packages/local-server/src/conversationApplicationOperations.ts"",""line"":2133,""value"":""目标模型的运行适配器与已选择路由不一致。""}]","所选模型的连接已更改或不可用。请检查模型设置并重新选择可用模型。","The selected model connection has changed or is unavailable. Check its settings and select an available model.","choose_model","错误码或完整已知诊断原文匹配；嵌套原因优先","解决方向不授权动作；发送结果未知时只能核对状态，原业务门禁继续生效"
"ZEUS_LOCAL_API_READ_TIMEOUT","[]","Zeus 的后台服务未能及时响应，当前信息暂时无法读取。","The Zeus background service did not respond in time. This information cannot be loaded yet.","retry","错误码或完整已知诊断原文匹配；嵌套原因优先","解决方向不授权动作；发送结果未知时只能核对状态，原业务门禁继续生效"
"ZEUS_CODEX_RPC_TIMEOUT","[{""file"":""packages/ai-runtime/src/codexAppServerManager.ts"",""line"":859,""value"":""Codex app-server request timed out: ${method}""}]","Codex 未能在限定时间内响应，Zeus 暂时无法确认请求的处理情况。","Codex did not respond in time. Zeus cannot yet confirm the request’s progress.","check","错误码或完整已知诊断原文匹配；嵌套原因优先","解决方向不授权动作；发送结果未知时只能核对状态，原业务门禁继续生效"
"ZEUS_EXECUTION_HOST_DRAINING","[]","Zeus 正在重启后台服务，暂时无法处理新的操作。","Zeus is restarting its background service and cannot handle new actions yet.","retry","错误码或完整已知诊断原文匹配；嵌套原因优先","解决方向不授权动作；发送结果未知时只能核对状态，原业务门禁继续生效"
"ZEUS_STORAGE_READ_ONLY_FAULT","[]","Zeus 的本地数据发生读写错误，已暂停修改以保护现有数据。请使用页面上的数据恢复入口。","Zeus encountered a local data error and paused changes to protect existing data. Use the data recovery action on this page.","无默认操作","错误码或完整已知诊断原文匹配；嵌套原因优先","解决方向不授权动作；发送结果未知时只能核对状态，原业务门禁继续生效"
"ZEUS_CONVERSATION_ARCHIVE_PENDING_MESSAGES","[]","还有消息等待处理，因此暂时不能归档。请先处理或取消这些消息。","Messages are still waiting to be processed. Finish or cancel them before archiving.","无默认操作","错误码或完整已知诊断原文匹配；嵌套原因优先","解决方向不授权动作；发送结果未知时只能核对状态，原业务门禁继续生效"
"ZEUS_CONVERSATION_ARCHIVE_PENDING_REQUEST","[]","AI 正在等待你的回答或授权，因此暂时不能归档。请先处理会话中的问题。","The AI is waiting for your answer or approval. Resolve the request in the conversation before archiving.","无默认操作","错误码或完整已知诊断原文匹配；嵌套原因优先","解决方向不授权动作；发送结果未知时只能核对状态，原业务门禁继续生效"
"ZEUS_CONVERSATION_ARCHIVE_ACTIVE","[]","AI 仍在处理这段对话，因此暂时不能归档。请等待处理结束，或先停止当前处理。","The AI is still working on this conversation. Wait for it to finish or stop the current work before archiving.","无默认操作","错误码或完整已知诊断原文匹配；嵌套原因优先","解决方向不授权动作；发送结果未知时只能核对状态，原业务门禁继续生效"
"ZEUS_NATIVE_CONVERSATION_IN_PROGRESS","[{""file"":""packages/local-server/src/codexNativeConversationCoordinator.ts"",""line"":1961,""value"":""The conversation still has an active turn, queued message, or pending request and cannot be archived.""},{""file"":""packages/local-server/src/piNativeConversationCoordinator.ts"",""line"":1960,""value"":""The conversation still has an active turn, queued message, or pending request and cannot be archived.""}]","会话中仍有未结束的处理，暂时不能归档。请查看会话中的处理状态。","This conversation still has unfinished work and cannot be archived yet. Check its current status.","无默认操作","错误码或完整已知诊断原文匹配；嵌套原因优先","解决方向不授权动作；发送结果未知时只能核对状态，原业务门禁继续生效"
"ZEUS_CONVERSATION_NOT_FOUND","[{""file"":""packages/local-server/src/codexSubagentQueryApplication.ts"",""line"":64,""value"":""Conversation not found""},{""file"":""packages/local-server/src/conversationApplicationOperations.ts"",""line"":761,""value"":""会话不存在。""},{""file"":""packages/local-server/src/conversationApplicationOperations.ts"",""line"":947,""value"":""Conversation not found""},{""file"":""packages/local-server/src/conversationApplicationOperations.ts"",""line"":2510,""value"":""要继续的任务会话不存在或不属于当前任务。""},{""file"":""packages/local-server/src/conversationCommandRoutes.ts"",""line"":366,""value"":""Conversation not found""},{""file"":""packages/local-server/src/conversationCommandRoutes.ts"",""line"":397,""value"":""Conversation not found""},{""file"":""packages/local-server/src/localServerPlatformRoutes.ts"",""line"":1547,""value"":""Conversation not found.""},{""file"":""packages/local-server/src/workManagementCoreOperations.ts"",""line"":242,""value"":""Conversation not found""}]","找不到这段会话。它可能已被移除，请返回会话列表确认。","This conversation could not be found. It may have been removed; check the conversation list.","无默认操作","错误码或完整已知诊断原文匹配；嵌套原因优先","解决方向不授权动作；发送结果未知时只能核对状态，原业务门禁继续生效"
"ZEUS_NATIVE_CONVERSATION_NOT_FOUND","[{""file"":""packages/local-server/src/codexNativeConversationAccess.ts"",""line"":8,""value"":""Native product conversation was not found.""},{""file"":""packages/local-server/src/codexNativeConversationAccess.ts"",""line"":15,""value"":""Codex native conversation was not found.""},{""file"":""packages/local-server/src/codexNativeDispatchPipeline.ts"",""line"":173,""value"":""Native conversation was not found.""},{""file"":""packages/local-server/src/conversationApplicationOperations.ts"",""line"":933,""value"":""Native conversation not found""},{""file"":""packages/local-server/src/conversationCommandRoutes.ts"",""line"":277,""value"":""Native conversation not found""},{""file"":""packages/local-server/src/conversationCommandRoutes.ts"",""line"":298,""value"":""Native conversation not found""},{""file"":""packages/local-server/src/conversationCommandRoutes.ts"",""line"":404,""value"":""Native conversation not found""}]","找不到这段会话。它可能已被移除，请返回会话列表确认。","This conversation could not be found. It may have been removed; check the conversation list.","无默认操作","错误码或完整已知诊断原文匹配；嵌套原因优先","解决方向不授权动作；发送结果未知时只能核对状态，原业务门禁继续生效"
"ZEUS_PROJECT_NOT_FOUND","[{""file"":""apps/desktop/src/main/projectGitWorkbench.ts"",""line"":103,""value"":""项目不存在或项目目录不可用。""},{""file"":""packages/local-server/src/codeIntelligenceQueryApplication.ts"",""line"":154,""value"":""Project not found""},{""file"":""packages/local-server/src/commandCenter.ts"",""line"":984,""value"":""Project not found""},{""file"":""packages/local-server/src/conversationApplicationOperations.ts"",""line"":945,""value"":""Project not found""},{""file"":""packages/local-server/src/conversationApplicationOperations.ts"",""line"":1062,""value"":""Project not found""},{""file"":""packages/local-server/src/conversationApplicationOperations.ts"",""line"":1167,""value"":""Conversation project not found.""},{""file"":""packages/local-server/src/conversationApplicationOperations.ts"",""line"":1207,""value"":""Conversation project was not found.""},{""file"":""packages/local-server/src/conversationCapabilityQueryApplication.ts"",""line"":343,""value"":""Project not found""},{""file"":""packages/local-server/src/conversationCommandRoutes.ts"",""line"":391,""value"":""Project not found""},{""file"":""packages/local-server/src/digitalEmployeeRoutes.ts"",""line"":905,""value"":""项目不存在。""},{""file"":""packages/local-server/src/gitCommandRoutes.ts"",""line"":363,""value"":""Project not found""},{""file"":""packages/local-server/src/gitIntegrationOperations.ts"",""line"":888,""value"":""Project not found""},{""file"":""packages/local-server/src/gitIntegrationOperations.ts"",""line"":911,""value"":""Project not found""},{""file"":""packages/local-server/src/gitIntegrationOperations.ts"",""line"":945,""value"":""Project not found""},{""file"":""packages/local-server/src/gitIntegrationOperations.ts"",""line"":1027,""value"":""Project not found""},{""file"":""packages/local-server/src/index.ts"",""line"":1770,""value"":""Conversation project was not found.""},{""file"":""packages/local-server/src/localServerPlatformRoutes.ts"",""line"":1238,""value"":""Project not found""},{""file"":""packages/local-server/src/localServerPlatformRoutes.ts"",""line"":1254,""value"":""Project not found""},{""file"":""packages/local-server/src/localServerPlatformRoutes.ts"",""line"":1264,""value"":""Project not found""},{""file"":""packages/local-server/src/localServerPlatformRoutes.ts"",""line"":1300,""value"":""Project not found""},{""file"":""packages/local-server/src/localServerPlatformRoutes.ts"",""line"":2721,""value"":""Project not found""},{""file"":""packages/local-server/src/projectGitQueryApplication.ts"",""line"":94,""value"":""Project not found""},{""file"":""packages/local-server/src/projectQueryApplication.ts"",""line"":80,""value"":""Project not found""},{""file"":""packages/local-server/src/runtimeSessionCommandRoutes.ts"",""line"":616,""value"":""Runtime session project not found""},{""file"":""packages/local-server/src/runtimeSessionCommandRoutes.ts"",""line"":717,""value"":""Project not found""},{""file"":""packages/local-server/src/runtimeSessionCommandRoutes.ts"",""line"":737,""value"":""Project not found""},{""file"":""packages/local-server/src/taskWorkManagement.ts"",""line"":463,""value"":""项目不存在。""},{""file"":""packages/local-server/src/taskWorkManagement.ts"",""line"":687,""value"":""项目不存在。""},{""file"":""packages/local-server/src/taskWorkManagement.ts"",""line"":1350,""value"":""项目不存在。""},{""file"":""packages/local-server/src/workManagementCoreOperations.ts"",""line"":379,""value"":""Project not found""},{""file"":""packages/local-server/src/workManagementProjectOperations.ts"",""line"":131,""value"":""Project not found""},{""file"":""packages/local-server/src/workManagementQueryApplication.ts"",""line"":33,""value"":""Project not found""},{""file"":""packages/local-server/src/workManagementTaskOperations.ts"",""line"":656,""value"":""Project not found""},{""file"":""packages/local-server/src/zeusPluginRoutes.ts"",""line"":257,""value"":""项目不存在。""}]","找不到对应项目。请返回项目列表确认项目是否仍然存在。","The project could not be found. Check whether it is still available in the project list.","无默认操作","错误码或完整已知诊断原文匹配；嵌套原因优先","解决方向不授权动作；发送结果未知时只能核对状态，原业务门禁继续生效"
"ZEUS_NATIVE_QUEUE_PROVIDER_ARCHIVED","[{""file"":""packages/local-server/src/codexNativeConversationCoordinator.ts"",""line"":1837,""value"":""The provider conversation must be restored explicitly before its queue can be recovered.""}]","这段会话已归档，需要先恢复会话才能继续。","This conversation is archived. Restore it before continuing.","无默认操作","错误码或完整已知诊断原文匹配；嵌套原因优先","解决方向不授权动作；发送结果未知时只能核对状态，原业务门禁继续生效"
"ZEUS_NATIVE_SUBMISSION_NOT_EDITABLE","[{""file"":""packages/local-server/src/conversationQueueCoreMutationApplication.ts"",""line"":32,""value"":""Only queued, paused, or failed submissions can be edited.""},{""file"":""packages/local-server/src/conversationQueueCoreMutationApplication.ts"",""line"":36,""value"":""Structured internal submissions cannot be edited as plain text.""},{""file"":""packages/local-server/src/conversationQueueCoreMutationApplication.ts"",""line"":76,""value"":""Submissions that already entered a Provider turn cannot be deleted.""},{""file"":""packages/local-server/src/conversationQueueCoreMutationApplication.ts"",""line"":79,""value"":""Only queued, paused, or failed submissions can be deleted.""}]","这条消息的处理状态已变化，当前不能执行该操作。请查看最新消息状态。","The message’s processing state has changed, so this action is no longer available. Check its latest status.","无默认操作","错误码或完整已知诊断原文匹配；嵌套原因优先","解决方向不授权动作；发送结果未知时只能核对状态，原业务门禁继续生效"
"ZEUS_NATIVE_SUBMISSION_NOT_RETRYABLE","[{""file"":""packages/local-server/src/conversationQueueCoreMutationApplication.ts"",""line"":103,""value"":""只有 Provider 写入前失败且未产生 turn 的队首可以重试。""}]","这条消息的处理状态已变化，当前不能执行该操作。请查看最新消息状态。","The message’s processing state has changed, so this action is no longer available. Check its latest status.","无默认操作","错误码或完整已知诊断原文匹配；嵌套原因优先","解决方向不授权动作；发送结果未知时只能核对状态，原业务门禁继续生效"
"ZEUS_NATIVE_SUBMISSION_OUTCOME_UNKNOWN","[{""file"":""packages/local-server/src/conversationApplicationOperations.ts"",""line"":1067,""value"":""接纳结果未知的提交禁止改路由，必须先完成恢复核对或取消。""},{""file"":""packages/local-server/src/conversationQueueCoreMutationApplication.ts"",""line"":106,""value"":""接纳结果未知的提交禁止重试，必须先完成恢复核对或取消。""}]","尚未确认上次操作是否已执行，Zeus 已暂停重复执行以避免重复处理。","Zeus has not confirmed whether the previous action ran and has paused repeated attempts to avoid duplicate work.","check","错误码或完整已知诊断原文匹配；嵌套原因优先","解决方向不授权动作；发送结果未知时只能核对状态，原业务门禁继续生效"
"ZEUS_NATIVE_SUBMISSION_DELIVERY_UNCONFIRMED","[{""file"":""packages/local-server/src/codexNativeConversationCoordinator.ts"",""line"":1586,""value"":""The provider turn ended without exact evidence that this user message was received.""},{""file"":""packages/local-server/src/codexNativeConversationCoordinator.ts"",""line"":1848,""value"":""A user message has an unconfirmed delivery result and cannot be resent automatically.""},{""file"":""packages/local-server/src/codexProviderHistoryProjection.ts"",""line"":856,""value"":""The active provider turn does not contain exact evidence that this user message was received.""}]","尚未确认上次操作是否已执行，Zeus 已暂停重复执行以避免重复处理。","Zeus has not confirmed whether the previous action ran and has paused repeated attempts to avoid duplicate work.","check","错误码或完整已知诊断原文匹配；嵌套原因优先","解决方向不授权动作；发送结果未知时只能核对状态，原业务门禁继续生效"
"ZEUS_CONVERSATION_COMMAND_OUTCOME_UNKNOWN","[{""file"":""packages/local-server/src/conversationCommandApplication.ts"",""line"":340,""value"":""Conversation command result is unknown after the external write started: ${detail}""}]","尚未确认上次操作是否已执行，Zeus 已暂停重复执行以避免重复处理。","Zeus has not confirmed whether the previous action ran and has paused repeated attempts to avoid duplicate work.","check","错误码或完整已知诊断原文匹配；嵌套原因优先","解决方向不授权动作；发送结果未知时只能核对状态，原业务门禁继续生效"
"ZEUS_CONVERSATION_DISPATCH_COMMAND_OUTCOME_UNKNOWN","[{""file"":""packages/local-server/src/conversationDispatchCommandApplication.ts"",""line"":382,""value"":""Conversation dispatch result is unknown after the external write started: ${detail}""}]","尚未确认上次操作是否已执行，Zeus 已暂停重复执行以避免重复处理。","Zeus has not confirmed whether the previous action ran and has paused repeated attempts to avoid duplicate work.","check","错误码或完整已知诊断原文匹配；嵌套原因优先","解决方向不授权动作；发送结果未知时只能核对状态，原业务门禁继续生效"
"ZEUS_COMMAND_DELIVERY_REPLAY_BLOCKED","[{""file"":""packages/storage/src/commandDeliveryStore.ts"",""line"":502,""value"":""Provider 写出已经开始但尚无回执，禁止自动重放该命令。""},{""file"":""packages/storage/src/commandDeliveryStore.ts"",""line"":514,""value"":""Provider 写出后结果未知或已接纳，禁止自动创建新的派发尝试。""},{""file"":""packages/storage/src/commandDeliveryStore.ts"",""line"":559,""value"":""已收口的派发尝试不能重新标记为 Provider 写出。""}]","尚未确认上次操作是否已执行，Zeus 已暂停重复执行以避免重复处理。","Zeus has not confirmed whether the previous action ran and has paused repeated attempts to avoid duplicate work.","check","错误码或完整已知诊断原文匹配；嵌套原因优先","解决方向不授权动作；发送结果未知时只能核对状态，原业务门禁继续生效"
"ZEUS_NATIVE_PROVIDER_STATE_UNCONFIRMED","[{""file"":""packages/local-server/src/codexInteractionRecoveryApplication.ts"",""line"":221,""value"":""Provider thread status has no authoritative runtime generation.""},{""file"":""packages/local-server/src/codexNativeConversationCoordinator.ts"",""line"":1880,""value"":""Recovered provider thread is not at a safe dispatch boundary.""},{""file"":""packages/local-server/src/codexProviderHistoryProjection.ts"",""line"":787,""value"":""Provider thread state cannot confirm that there is no active turn.""},{""file"":""packages/local-server/src/codexProviderHistoryProjection.ts"",""line"":797,""value"":""Provider thread state cannot confirm that the previous turn is terminal.""},{""file"":""packages/local-server/src/codexProviderStopRecoveryApplication.ts"",""line"":254,""value"":""Provider thread omitted its authoritative runtime status.""},{""file"":""packages/local-server/src/codexProviderThreadAuthority.ts"",""line"":189,""value"":""Provider thread omitted its authoritative runtime status.""},{""file"":""packages/local-server/src/codexProviderThreadAuthority.ts"",""line"":202,""value"":""Provider thread has no authoritative runtime generation.""},{""file"":""packages/local-server/src/codexProviderThreadAuthority.ts"",""line"":209,""value"":""Provider reports an active thread but no exact active turn can be projected.""},{""file"":""packages/local-server/src/codexProviderThreadAuthority.ts"",""line"":212,""value"":""Provider thread state cannot confirm a safe idle dispatch boundary.""},{""file"":""packages/local-server/src/codexProviderThreadAuthority.ts"",""line"":251,""value"":""Provider thread remained notLoaded after resume.""}]","尚未确认 AI 上次的处理是否已经结束，暂时不能继续。","Zeus has not confirmed that the AI’s previous work has ended, so it cannot continue yet.","check","错误码或完整已知诊断原文匹配；嵌套原因优先","解决方向不授权动作；发送结果未知时只能核对状态，原业务门禁继续生效"
"ZEUS_PROVIDER_STOP_RECOVERY_REQUIRED","[]","尚未确认 AI 上次的处理是否已经结束，暂时不能继续。","Zeus has not confirmed that the AI’s previous work has ended, so it cannot continue yet.","check","错误码或完整已知诊断原文匹配；嵌套原因优先","解决方向不授权动作；发送结果未知时只能核对状态，原业务门禁继续生效"
"ZEUS_CODEX_PERMISSION_GRANT_EXCEEDS_POLICY","[{""file"":""packages/local-server/src/codexNativeConversationPolicy.ts"",""line"":975,""value"":""Network access is disabled by the Task execution policy.""},{""file"":""packages/local-server/src/codexNativeConversationPolicy.ts"",""line"":977,""value"":""Project root cannot be resolved for a filesystem permission grant.""},{""file"":""packages/local-server/src/codexNativeConversationPolicy.ts"",""line"":985,""value"":""Filesystem write access is disabled by the conversation permission mode.""}]","当前没有执行此操作所需的权限。请检查相关文件或应用的访问权限。","This action needs access that has not been granted. Check the relevant file or app permissions.","settings","错误码或完整已知诊断原文匹配；嵌套原因优先","解决方向不授权动作；发送结果未知时只能核对状态，原业务门禁继续生效"
"ZEUS_PERMISSION_DENIED","[]","当前没有执行此操作所需的权限。请检查相关文件或应用的访问权限。","This action needs access that has not been granted. Check the relevant file or app permissions.","settings","错误码或完整已知诊断原文匹配；嵌套原因优先","解决方向不授权动作；发送结果未知时只能核对状态，原业务门禁继续生效"
"EACCES","[]","当前没有执行此操作所需的权限。请检查相关文件或应用的访问权限。","This action needs access that has not been granted. Check the relevant file or app permissions.","settings","错误码或完整已知诊断原文匹配；嵌套原因优先","解决方向不授权动作；发送结果未知时只能核对状态，原业务门禁继续生效"
"EPERM","[]","当前没有执行此操作所需的权限。请检查相关文件或应用的访问权限。","This action needs access that has not been granted. Check the relevant file or app permissions.","settings","错误码或完整已知诊断原文匹配；嵌套原因优先","解决方向不授权动作；发送结果未知时只能核对状态，原业务门禁继续生效"
"ZEUS_COMPUTER_SENSITIVE_ACTION_DECLINED","[]","你已拒绝这次操作，AI 不会继续执行它。","You declined this action, so the AI will not perform it.","无默认操作","错误码或完整已知诊断原文匹配；嵌套原因优先","解决方向不授权动作；发送结果未知时只能核对状态，原业务门禁继续生效"
"ZEUS_BROWSER_SENSITIVE_ACTION_DECLINED","[]","你已拒绝这次操作，AI 不会继续执行它。","You declined this action, so the AI will not perform it.","无默认操作","错误码或完整已知诊断原文匹配；嵌套原因优先","解决方向不授权动作；发送结果未知时只能核对状态，原业务门禁继续生效"
"ZEUS_NATIVE_WORKTREE_UNAVAILABLE","[]","本次任务使用的工作目录无法访问。请检查目录是否存在，以及 Zeus 是否有访问权限。","The task’s working folder cannot be accessed. Check that it exists and that Zeus has permission to access it.","settings","错误码或完整已知诊断原文匹配；嵌套原因优先","解决方向不授权动作；发送结果未知时只能核对状态，原业务门禁继续生效"
"ZEUS_TASK_WORKSPACE_UNAVAILABLE","[]","本次任务使用的工作目录无法访问。请检查目录是否存在，以及 Zeus 是否有访问权限。","The task’s working folder cannot be accessed. Check that it exists and that Zeus has permission to access it.","settings","错误码或完整已知诊断原文匹配；嵌套原因优先","解决方向不授权动作；发送结果未知时只能核对状态，原业务门禁继续生效"
"ENOENT","[]","需要的文件或程序不存在。请检查所选路径是否正确。","A required file or program could not be found. Check the selected path.","settings","错误码或完整已知诊断原文匹配；嵌套原因优先","解决方向不授权动作；发送结果未知时只能核对状态，原业务门禁继续生效"
"ENOSPC","[]","磁盘可用空间不足，无法完成此操作。请释放空间后再继续。","There is not enough disk space to complete this action. Free up space before continuing.","无默认操作","错误码或完整已知诊断原文匹配；嵌套原因优先","解决方向不授权动作；发送结果未知时只能核对状态，原业务门禁继续生效"
"ECONNREFUSED","[]","目标服务拒绝了连接。请确认服务已启动，并检查连接地址。","The destination service refused the connection. Check that it is running and that the address is correct.","settings","错误码或完整已知诊断原文匹配；嵌套原因优先","解决方向不授权动作；发送结果未知时只能核对状态，原业务门禁继续生效"
"ENOTFOUND","[]","无法找到服务地址。请检查连接地址和网络设置。","The service address could not be resolved. Check the address and network settings.","settings","错误码或完整已知诊断原文匹配；嵌套原因优先","解决方向不授权动作；发送结果未知时只能核对状态，原业务门禁继续生效"
"EAI_AGAIN","[]","无法找到服务地址。请检查连接地址和网络设置。","The service address could not be resolved. Check the address and network settings.","settings","错误码或完整已知诊断原文匹配；嵌套原因优先","解决方向不授权动作；发送结果未知时只能核对状态，原业务门禁继续生效"
"ECONNRESET","[]","与服务的连接中断或超时，这次操作没有取得完整响应。","The service connection was interrupted or timed out before a complete response was received.","retry","错误码或完整已知诊断原文匹配；嵌套原因优先","解决方向不授权动作；发送结果未知时只能核对状态，原业务门禁继续生效"
"ETIMEDOUT","[]","与服务的连接中断或超时，这次操作没有取得完整响应。","The service connection was interrupted or timed out before a complete response was received.","retry","错误码或完整已知诊断原文匹配；嵌套原因优先","解决方向不授权动作；发送结果未知时只能核对状态，原业务门禁继续生效"
